/* Auto-generated by tools/generate-crazypod-menu-icons.py. */
/* Material Symbols is licensed under Apache-2.0. */

/* material-symbols:music-note-rounded */
static LV_ATTRIBUTE_MEM_ALIGN LV_ATTRIBUTE_LARGE_CONST
const uint8_t menu_icon_music_data[] = {
    0x00, 0x00, 0x00, 0x00, 0x00, 0x00, 0x00, 0x00, 0x00, 0x00, 0x00, 0x00, 0x00, 0x00,
    0x00, 0x00, 0x00, 0x00, 0x00, 0x00, 0x00, 0x31, 0x40, 0x3f, 0x13, 0x00, 0x01, 0x00,
    0x00, 0x00, 0x00, 0x00, 0x01, 0x00, 0x0f, 0xf2, 0xff, 0xff, 0x80, 0x00, 0x04, 0x00,
    0x00, 0x00, 0x00, 0x00, 0x01, 0x00, 0x11, 0xee, 0xf7, 0xf4, 0x71, 0x00, 0x04, 0x00,
    0x00, 0x00, 0x00, 0x00, 0x01, 0x00, 0x10, 0xf0, 0x4f, 0x1f, 0x08, 0x00, 0x00, 0x00,
    0x00, 0x00, 0x00, 0x00, 0x02, 0x04, 0x13, 0xf1, 0x2f, 0x00, 0x00, 0x00, 0x00, 0x00,
    0x00, 0x00, 0x00, 0x01, 0x00, 0x00, 0x02, 0xf1, 0x36, 0x02, 0x02, 0x00, 0x00, 0x00,
    0x00, 0x00, 0x01, 0x00, 0x14, 0x60, 0x5c, 0xf0, 0x35, 0x00, 0x02, 0x00, 0x00, 0x00,
    0x00, 0x02, 0x01, 0x1b, 0xdb, 0xff, 0xff, 0xfe, 0x31, 0x00, 0x02, 0x00, 0x00, 0x00,
    0x00, 0x04, 0x00, 0x75, 0xff, 0xf7, 0xfc, 0xff, 0x33, 0x00, 0x02, 0x00, 0x00, 0x00,
    0x00, 0x04, 0x00, 0x6a, 0xff, 0xf9, 0xff, 0xfe, 0x1e, 0x00, 0x01, 0x00, 0x00, 0x00,
    0x00, 0x01, 0x01, 0x0e, 0xbd, 0xff, 0xfd, 0x7c, 0x00, 0x02, 0x00, 0x00, 0x00, 0x00,
    0x00, 0x00, 0x01, 0x00, 0x00, 0x39, 0x2a, 0x00, 0x01, 0x00, 0x00, 0x00, 0x00, 0x00,
    0x00, 0x00, 0x00, 0x01, 0x00, 0x00, 0x00, 0x02, 0x00, 0x00, 0x00, 0x00, 0x00, 0x00,
};
static const lv_image_dsc_t menu_icon_music = {
    .header.magic = LV_IMAGE_HEADER_MAGIC,
    .header.cf = LV_COLOR_FORMAT_A8,
    .header.w = 14,
    .header.h = 14,
    .header.stride = 14,
    .data_size = sizeof(menu_icon_music_data),
    .data = menu_icon_music_data,
};

/* material-symbols:play-circle-rounded */
static LV_ATTRIBUTE_MEM_ALIGN LV_ATTRIBUTE_LARGE_CONST
const uint8_t menu_icon_now_playing_data[] = {
    0x00, 0x00, 0x01, 0x02, 0x00, 0x00, 0x00, 0x00, 0x00, 0x00, 0x02, 0x01, 0x00, 0x00,
    0x00, 0x01, 0x00, 0x00, 0x46, 0x9d, 0xc4, 0xc4, 0x9d, 0x45, 0x00, 0x00, 0x01, 0x00,
    0x01, 0x02, 0x06, 0xa1, 0xff, 0xff, 0xff, 0xff, 0xff, 0xff, 0xa2, 0x06, 0x02, 0x01,
    0x02, 0x00, 0xa2, 0xff, 0xfb, 0xff, 0xff, 0xf9, 0xfb, 0xfb, 0xff, 0xa2, 0x00, 0x02,
    0x00, 0x42, 0xff, 0xf9, 0xfe, 0xe4, 0xe3, 0xff, 0xfd, 0xfe, 0xfa, 0xff, 0x43, 0x00,
    0x00, 0xa0, 0xfe, 0xf7, 0xff, 0x86, 0x12, 0xa1, 0xff, 0xff, 0xfa, 0xfe, 0xa0, 0x00,
    0x00, 0xc6, 0xff, 0xf8, 0xff, 0x8b, 0x00, 0x00, 0x41, 0xe6, 0xfd, 0xff, 0xc6, 0x00,
    0x00, 0xc6, 0xff, 0xf8, 0xff, 0x8b, 0x00, 0x00, 0x41, 0xe6, 0xfd, 0xff, 0xc5, 0x00,
    0x00, 0xa0, 0xfe, 0xf7, 0xff, 0x86, 0x12, 0xa1, 0xff, 0xff, 0xfa, 0xfe, 0x9f, 0x00,
    0x00, 0x43, 0xff, 0xf9, 0xfe, 0xe5, 0xe4, 0xff, 0xfd, 0xfe, 0xfa, 0xff, 0x42, 0x00,
    0x02, 0x00, 0xa3, 0xff, 0xfb, 0xff, 0xff, 0xf9, 0xfb, 0xfb, 0xff, 0xa2, 0x00, 0x02,
    0x01, 0x02, 0x06, 0xa1, 0xff, 0xff, 0xff, 0xff, 0xff, 0xff, 0xa1, 0x06, 0x02, 0x01,
    0x00, 0x01, 0x00, 0x00, 0x45, 0x9d, 0xc4, 0xc4, 0x9d, 0x45, 0x00, 0x00, 0x01, 0x00,
    0x00, 0x00, 0x01, 0x02, 0x00, 0x00, 0x00, 0x00, 0x00, 0x00, 0x02, 0x01, 0x00, 0x00,
};
static const lv_image_dsc_t menu_icon_now_playing = {
    .header.magic = LV_IMAGE_HEADER_MAGIC,
    .header.cf = LV_COLOR_FORMAT_A8,
    .header.w = 14,
    .header.h = 14,
    .header.stride = 14,
    .data_size = sizeof(menu_icon_now_playing_data),
    .data = menu_icon_now_playing_data,
};

/* material-symbols:view-carousel */
static LV_ATTRIBUTE_MEM_ALIGN LV_ATTRIBUTE_LARGE_CONST
const uint8_t menu_icon_album_flow_data[] = {
    0x00, 0x00, 0x00, 0x00, 0x01, 0x02, 0x02, 0x02, 0x02, 0x01, 0x00, 0x00, 0x00, 0x00,
    0x00, 0x00, 0x00, 0x00, 0x00, 0x00, 0x00, 0x00, 0x00, 0x00, 0x00, 0x00, 0x00, 0x00,
    0x00, 0x01, 0x00, 0x01, 0x02, 0x20, 0x21, 0x21, 0x20, 0x02, 0x01, 0x00, 0x01, 0x00,
    0x00, 0x00, 0x03, 0x00, 0xa9, 0xf7, 0xf5, 0xf5, 0xf7, 0xa8, 0x00, 0x03, 0x00, 0x00,
    0x00, 0x78, 0xd3, 0x3d, 0xdc, 0xff, 0xff, 0xff, 0xff, 0xdc, 0x3d, 0xd3, 0x78, 0x00,
    0x00, 0xd0, 0xff, 0x89, 0xc8, 0xfe, 0xfc, 0xfc, 0xfe, 0xc8, 0x89, 0xff, 0xcf, 0x00,
    0x00, 0xc5, 0xfd, 0x83, 0xcb, 0xff, 0xfd, 0xfd, 0xff, 0xcb, 0x83, 0xfd, 0xc5, 0x00,
    0x00, 0xc5, 0xfd, 0x83, 0xcb, 0xff, 0xfd, 0xfd, 0xff, 0xcb, 0x83, 0xfd, 0xc5, 0x00,
    0x00, 0xd0, 0xff, 0x89, 0xc8, 0xfe, 0xfc, 0xfc, 0xfe, 0xc8, 0x89, 0xff, 0xcf, 0x00,
    0x00, 0x78, 0xd3, 0x3d, 0xdc, 0xff, 0xff, 0xff, 0xff, 0xdc, 0x3d, 0xd3, 0x77, 0x00,
    0x00, 0x00, 0x03, 0x00, 0xa8, 0xf7, 0xf5, 0xf5, 0xf7, 0xa8, 0x00, 0x03, 0x00, 0x00,
    0x00, 0x01, 0x00, 0x01, 0x01, 0x20, 0x21, 0x21, 0x20, 0x01, 0x01, 0x00, 0x01, 0x00,
    0x00, 0x00, 0x00, 0x00, 0x00, 0x00, 0x00, 0x00, 0x00, 0x00, 0x00, 0x00, 0x00, 0x00,
    0x00, 0x00, 0x00, 0x00, 0x01, 0x02, 0x02, 0x02, 0x02, 0x01, 0x00, 0x00, 0x00, 0x00,
};
static const lv_image_dsc_t menu_icon_album_flow = {
    .header.magic = LV_IMAGE_HEADER_MAGIC,
    .header.cf = LV_COLOR_FORMAT_A8,
    .header.w = 14,
    .header.h = 14,
    .header.stride = 14,
    .data_size = sizeof(menu_icon_album_flow_data),
    .data = menu_icon_album_flow_data,
};

/* material-symbols:library-music-rounded */
static LV_ATTRIBUTE_MEM_ALIGN LV_ATTRIBUTE_LARGE_CONST
const uint8_t menu_icon_music_library_data[] = {
    0x00, 0x00, 0x00, 0x00, 0x00, 0x00, 0x00, 0x00, 0x00, 0x00, 0x00, 0x00, 0x00, 0x00,
    0x00, 0x05, 0x01, 0x2f, 0xbf, 0xca, 0xca, 0xca, 0xcf, 0xd3, 0xcb, 0xc9, 0x66, 0x00,
    0x00, 0x00, 0x00, 0x85, 0xff, 0xff, 0xff, 0xff, 0xfa, 0xe7, 0xff, 0xff, 0xd3, 0x00,
    0x00, 0x5a, 0x19, 0x78, 0xfc, 0xf8, 0xfb, 0xfa, 0x44, 0x0b, 0x9d, 0xfd, 0xc5, 0x00,
    0x00, 0xe9, 0x51, 0x6d, 0xff, 0xf9, 0xff, 0xfd, 0x66, 0xdc, 0xf4, 0xff, 0xca, 0x00,
    0x00, 0xda, 0x4d, 0x6e, 0xff, 0xfe, 0xf4, 0xcc, 0x74, 0xff, 0xff, 0xff, 0xca, 0x00,
    0x00, 0xdd, 0x4e, 0x6c, 0xff, 0xec, 0x36, 0x06, 0x47, 0xfd, 0xfa, 0xff, 0xca, 0x00,
    0x00, 0xdd, 0x4e, 0x6b, 0xff, 0xd2, 0x00, 0x00, 0x46, 0xff, 0xf9, 0xff, 0xc9, 0x00,
    0x00, 0xdd, 0x4e, 0x70, 0xfb, 0xf7, 0x87, 0x49, 0xca, 0xfb, 0xf7, 0xfb, 0xcb, 0x00,
    0x00, 0xdc, 0x51, 0x64, 0xff, 0xff, 0xff, 0xff, 0xff, 0xff, 0xff, 0xff, 0xc5, 0x00,
    0x00, 0xd8, 0x52, 0x00, 0x63, 0x6d, 0x6a, 0x6b, 0x6c, 0x6d, 0x77, 0x7f, 0x2e, 0x00,
    0x00, 0xdd, 0xa4, 0x5b, 0x51, 0x4e, 0x4e, 0x4e, 0x4d, 0x4d, 0x10, 0x00, 0x00, 0x00,
    0x00, 0x65, 0xd1, 0xd7, 0xdc, 0xdd, 0xdd, 0xdd, 0xda, 0xdc, 0x5a, 0x04, 0x05, 0x00,
    0x00, 0x00, 0x00, 0x00, 0x00, 0x00, 0x00, 0x00, 0x00, 0x00, 0x00, 0x00, 0x00, 0x00,
};
static const lv_image_dsc_t menu_icon_music_library = {
    .header.magic = LV_IMAGE_HEADER_MAGIC,
    .header.cf = LV_COLOR_FORMAT_A8,
    .header.w = 14,
    .header.h = 14,
    .header.stride = 14,
    .data_size = sizeof(menu_icon_music_library_data),
    .data = menu_icon_music_library_data,
};

/* material-symbols:queue-music-rounded */
static LV_ATTRIBUTE_MEM_ALIGN LV_ATTRIBUTE_LARGE_CONST
const uint8_t menu_icon_playlist_data[] = {
    0x00, 0x00, 0x00, 0x00, 0x00, 0x00, 0x00, 0x00, 0x00, 0x00, 0x00, 0x00, 0x00, 0x00,
    0x00, 0x01, 0x04, 0x04, 0x04, 0x04, 0x04, 0x04, 0x03, 0x00, 0x04, 0x04, 0x03, 0x00,
    0x00, 0x00, 0x00, 0x00, 0x00, 0x00, 0x00, 0x00, 0x00, 0x00, 0x00, 0x00, 0x00, 0x00,
    0x00, 0x18, 0x8d, 0x91, 0x91, 0x91, 0x8f, 0x91, 0x58, 0x02, 0x70, 0x8d, 0x61, 0x00,
    0x00, 0x1e, 0xab, 0xb1, 0xb0, 0xb0, 0xae, 0xb4, 0x6a, 0x19, 0xff, 0xcb, 0x80, 0x01,
    0x00, 0x02, 0x20, 0x25, 0x23, 0x23, 0x23, 0x27, 0x0e, 0x21, 0xed, 0x13, 0x00, 0x02,
    0x00, 0x2b, 0xee, 0xf3, 0xf3, 0xf4, 0xf1, 0xf5, 0x96, 0x16, 0xf4, 0x25, 0x03, 0x02,
    0x00, 0x00, 0x08, 0x0c, 0x0b, 0x0b, 0x0c, 0x11, 0x00, 0x1d, 0xf1, 0x23, 0x00, 0x02,
    0x00, 0x26, 0xd3, 0xd7, 0xd5, 0xd6, 0x40, 0x00, 0x91, 0xd0, 0xf3, 0x21, 0x00, 0x02,
    0x00, 0x0e, 0x5e, 0x62, 0x61, 0x64, 0x18, 0x57, 0xff, 0xff, 0xfa, 0x22, 0x00, 0x02,
    0x00, 0x00, 0x00, 0x00, 0x00, 0x00, 0x00, 0x4e, 0xff, 0xff, 0xe8, 0x0f, 0x01, 0x01,
    0x00, 0x01, 0x03, 0x04, 0x03, 0x04, 0x02, 0x00, 0x6b, 0xa0, 0x39, 0x00, 0x02, 0x00,
    0x00, 0x00, 0x00, 0x00, 0x00, 0x00, 0x00, 0x00, 0x00, 0x00, 0x00, 0x00, 0x00, 0x00,
    0x00, 0x00, 0x00, 0x00, 0x00, 0x00, 0x00, 0x00, 0x03, 0x04, 0x03, 0x00, 0x00, 0x00,
};
static const lv_image_dsc_t menu_icon_playlist = {
    .header.magic = LV_IMAGE_HEADER_MAGIC,
    .header.cf = LV_COLOR_FORMAT_A8,
    .header.w = 14,
    .header.h = 14,
    .header.stride = 14,
    .data_size = sizeof(menu_icon_playlist_data),
    .data = menu_icon_playlist_data,
};

/* material-symbols:artist-rounded */
static LV_ATTRIBUTE_MEM_ALIGN LV_ATTRIBUTE_LARGE_CONST
const uint8_t menu_icon_artist_data[] = {
    0x00, 0x00, 0x00, 0x00, 0x01, 0x04, 0x03, 0x04, 0x00, 0x00, 0x00, 0x00, 0x00, 0x00,
    0x00, 0x00, 0x00, 0x00, 0x00, 0x00, 0x00, 0x00, 0x00, 0x00, 0x00, 0x00, 0x00, 0x00,
    0x00, 0x00, 0x01, 0x01, 0x04, 0x73, 0xa4, 0x5f, 0x00, 0x01, 0x00, 0x00, 0x00, 0x00,
    0x00, 0x00, 0x03, 0x00, 0x8e, 0xff, 0xff, 0xff, 0x66, 0x00, 0x04, 0x02, 0x02, 0x00,
    0x00, 0x01, 0x00, 0x04, 0xe2, 0xf9, 0xf5, 0xfa, 0xc0, 0x00, 0x02, 0x00, 0x00, 0x00,
    0x00, 0x00, 0x02, 0x02, 0xbd, 0xff, 0xff, 0xff, 0x92, 0x00, 0x05, 0x30, 0x23, 0x00,
    0x00, 0x00, 0x05, 0x00, 0x19, 0xb1, 0xd9, 0x9c, 0x0f, 0x02, 0x33, 0xfa, 0xa8, 0x00,
    0x00, 0x01, 0x00, 0x02, 0x2a, 0x55, 0x78, 0x4c, 0x15, 0x00, 0x40, 0xb6, 0x08, 0x03,
    0x02, 0x00, 0x5d, 0xd1, 0xff, 0xff, 0xff, 0xff, 0x34, 0x19, 0x7a, 0xaa, 0x00, 0x03,
    0x00, 0x28, 0xff, 0xff, 0xfb, 0xf6, 0xf9, 0xa7, 0x10, 0xe3, 0xff, 0xaa, 0x01, 0x03,
    0x00, 0x47, 0xff, 0xff, 0xff, 0xff, 0xff, 0x9d, 0x28, 0xff, 0xff, 0x9d, 0x00, 0x04,
    0x00, 0x1d, 0xa4, 0xaa, 0xa9, 0xa7, 0xad, 0x6d, 0x00, 0x72, 0x9c, 0x1e, 0x00, 0x02,
    0x00, 0x00, 0x00, 0x00, 0x00, 0x00, 0x00, 0x00, 0x00, 0x00, 0x00, 0x00, 0x00, 0x00,
    0x00, 0x01, 0x03, 0x03, 0x03, 0x03, 0x03, 0x02, 0x00, 0x03, 0x04, 0x01, 0x00, 0x00,
};
static const lv_image_dsc_t menu_icon_artist = {
    .header.magic = LV_IMAGE_HEADER_MAGIC,
    .header.cf = LV_COLOR_FORMAT_A8,
    .header.w = 14,
    .header.h = 14,
    .header.stride = 14,
    .data_size = sizeof(menu_icon_artist_data),
    .data = menu_icon_artist_data,
};

/* material-symbols:album */
static LV_ATTRIBUTE_MEM_ALIGN LV_ATTRIBUTE_LARGE_CONST
const uint8_t menu_icon_album_data[] = {
    0x00, 0x00, 0x01, 0x02, 0x00, 0x00, 0x00, 0x00, 0x00, 0x00, 0x02, 0x01, 0x00, 0x00,
    0x00, 0x01, 0x00, 0x00, 0x46, 0x9d, 0xc4, 0xc4, 0x9d, 0x45, 0x00, 0x00, 0x01, 0x00,
    0x01, 0x02, 0x06, 0xa1, 0xff, 0xff, 0xff, 0xff, 0xff, 0xff, 0xa2, 0x06, 0x02, 0x01,
    0x02, 0x00, 0xa2, 0xff, 0xf9, 0xff, 0xff, 0xff, 0xff, 0xfa, 0xff, 0xa2, 0x00, 0x02,
    0x00, 0x42, 0xff, 0xf9, 0xff, 0xd0, 0x71, 0x72, 0xd1, 0xff, 0xf9, 0xff, 0x43, 0x00,
    0x00, 0xa0, 0xfe, 0xfd, 0xd1, 0x0d, 0x00, 0x00, 0x0d, 0xd1, 0xfd, 0xfe, 0xa0, 0x00,
    0x00, 0xc6, 0xff, 0xff, 0x6f, 0x00, 0x5f, 0x5f, 0x00, 0x6f, 0xff, 0xff, 0xc6, 0x00,
    0x00, 0xc6, 0xff, 0xff, 0x6f, 0x00, 0x5f, 0x5f, 0x00, 0x6f, 0xff, 0xff, 0xc5, 0x00,
    0x00, 0xa0, 0xfe, 0xfd, 0xd1, 0x0d, 0x00, 0x00, 0x0d, 0xd1, 0xfd, 0xfe, 0x9f, 0x00,
    0x00, 0x43, 0xff, 0xf9, 0xff, 0xd0, 0x72, 0x72, 0xd1, 0xff, 0xf9, 0xff, 0x42, 0x00,
    0x02, 0x00, 0xa3, 0xff, 0xfa, 0xff, 0xff, 0xff, 0xff, 0xfa, 0xff, 0xa2, 0x00, 0x02,
    0x01, 0x02, 0x06, 0xa1, 0xff, 0xff, 0xff, 0xff, 0xff, 0xff, 0xa1, 0x06, 0x02, 0x01,
    0x00, 0x01, 0x00, 0x00, 0x45, 0x9d, 0xc4, 0xc4, 0x9d, 0x45, 0x00, 0x00, 0x01, 0x00,
    0x00, 0x00, 0x01, 0x02, 0x00, 0x00, 0x00, 0x00, 0x00, 0x00, 0x02, 0x01, 0x00, 0x00,
};
static const lv_image_dsc_t menu_icon_album = {
    .header.magic = LV_IMAGE_HEADER_MAGIC,
    .header.cf = LV_COLOR_FORMAT_A8,
    .header.w = 14,
    .header.h = 14,
    .header.stride = 14,
    .data_size = sizeof(menu_icon_album_data),
    .data = menu_icon_album_data,
};

/* material-symbols:audio-file-rounded */
static LV_ATTRIBUTE_MEM_ALIGN LV_ATTRIBUTE_LARGE_CONST
const uint8_t menu_icon_song_data[] = {
    0x00, 0x00, 0x00, 0x00, 0x00, 0x00, 0x00, 0x00, 0x00, 0x02, 0x00, 0x00, 0x00, 0x00,
    0x02, 0x00, 0x4b, 0xc6, 0xc9, 0xca, 0xc9, 0xd0, 0x76, 0x00, 0x03, 0x01, 0x00, 0x00,
    0x03, 0x00, 0xb1, 0xff, 0xff, 0xff, 0xff, 0xd8, 0xff, 0x86, 0x00, 0x03, 0x00, 0x00,
    0x03, 0x00, 0xa9, 0xfc, 0xfa, 0xf8, 0xfd, 0x81, 0x3d, 0xff, 0x85, 0x00, 0x02, 0x00,
    0x03, 0x00, 0xaa, 0xff, 0xfc, 0xfb, 0xff, 0x99, 0x00, 0x3f, 0xfb, 0x6c, 0x00, 0x03,
    0x03, 0x00, 0xaa, 0xff, 0xfc, 0xfe, 0xff, 0xff, 0xd5, 0xb7, 0xeb, 0xb5, 0x00, 0x03,
    0x03, 0x00, 0xaa, 0xff, 0xfb, 0xfc, 0xf9, 0x80, 0x68, 0xe6, 0xff, 0xa6, 0x00, 0x03,
    0x03, 0x00, 0xaa, 0xff, 0xf9, 0xff, 0xf7, 0x2e, 0x5a, 0xd1, 0xfe, 0xa8, 0x00, 0x03,
    0x03, 0x00, 0xaa, 0xff, 0xfe, 0xbd, 0x6b, 0x84, 0xff, 0xff, 0xff, 0xaa, 0x00, 0x03,
    0x03, 0x00, 0xa8, 0xff, 0xec, 0x0a, 0x00, 0x64, 0xfb, 0xf7, 0xff, 0xaa, 0x00, 0x03,
    0x03, 0x00, 0xa8, 0xfc, 0xf4, 0x48, 0x0f, 0xac, 0xfc, 0xf6, 0xfc, 0xa9, 0x00, 0x03,
    0x03, 0x00, 0xb1, 0xff, 0xff, 0xff, 0xf3, 0xff, 0xff, 0xff, 0xff, 0xb1, 0x00, 0x03,
    0x02, 0x00, 0x4a, 0xc6, 0xc9, 0xcb, 0xd0, 0xc9, 0xca, 0xc9, 0xc6, 0x4a, 0x00, 0x02,
    0x00, 0x00, 0x00, 0x00, 0x00, 0x00, 0x00, 0x00, 0x00, 0x00, 0x00, 0x00, 0x00, 0x00,
};
static const lv_image_dsc_t menu_icon_song = {
    .header.magic = LV_IMAGE_HEADER_MAGIC,
    .header.cf = LV_COLOR_FORMAT_A8,
    .header.w = 14,
    .header.h = 14,
    .header.stride = 14,
    .data_size = sizeof(menu_icon_song_data),
    .data = menu_icon_song_data,
};

/* material-symbols:search-rounded */
static LV_ATTRIBUTE_MEM_ALIGN LV_ATTRIBUTE_LARGE_CONST
const uint8_t menu_icon_search_data[] = {
    0x00, 0x00, 0x01, 0x02, 0x00, 0x00, 0x00, 0x01, 0x01, 0x00, 0x00, 0x00, 0x00, 0x00,
    0x00, 0x00, 0x00, 0x00, 0x24, 0x46, 0x28, 0x00, 0x00, 0x01, 0x00, 0x00, 0x00, 0x00,
    0x01, 0x02, 0x07, 0xa8, 0xf8, 0xec, 0xf7, 0xb6, 0x0f, 0x01, 0x01, 0x00, 0x00, 0x00,
    0x03, 0x00, 0xab, 0xe3, 0x32, 0x0b, 0x2b, 0xd5, 0xbf, 0x00, 0x02, 0x00, 0x00, 0x00,
    0x00, 0x24, 0xff, 0x2c, 0x00, 0x02, 0x00, 0x18, 0xfe, 0x37, 0x00, 0x02, 0x00, 0x00,
    0x00, 0x47, 0xe9, 0x02, 0x04, 0x02, 0x04, 0x00, 0xdc, 0x5f, 0x00, 0x03, 0x00, 0x00,
    0x00, 0x27, 0xfe, 0x23, 0x00, 0x04, 0x00, 0x11, 0xf6, 0x3a, 0x00, 0x02, 0x00, 0x00,
    0x03, 0x00, 0xb8, 0xd6, 0x21, 0x01, 0x1a, 0xc5, 0xd0, 0x00, 0x04, 0x00, 0x00, 0x00,
    0x01, 0x02, 0x10, 0xba, 0xf6, 0xdd, 0xf2, 0xce, 0xef, 0x5e, 0x00, 0x05, 0x00, 0x00,
    0x00, 0x01, 0x00, 0x00, 0x36, 0x5a, 0x3b, 0x00, 0x5c, 0xff, 0x5c, 0x00, 0x02, 0x00,
    0x00, 0x00, 0x01, 0x01, 0x00, 0x00, 0x00, 0x03, 0x00, 0x58, 0xff, 0x64, 0x01, 0x02,
    0x00, 0x00, 0x00, 0x00, 0x02, 0x03, 0x02, 0x00, 0x05, 0x00, 0x61, 0xd9, 0x06, 0x00,
    0x00, 0x00, 0x00, 0x00, 0x00, 0x00, 0x00, 0x00, 0x00, 0x02, 0x00, 0x04, 0x00, 0x00,
    0x00, 0x00, 0x00, 0x00, 0x00, 0x00, 0x00, 0x00, 0x00, 0x00, 0x02, 0x00, 0x00, 0x00,
};
static const lv_image_dsc_t menu_icon_search = {
    .header.magic = LV_IMAGE_HEADER_MAGIC,
    .header.cf = LV_COLOR_FORMAT_A8,
    .header.w = 14,
    .header.h = 14,
    .header.stride = 14,
    .data_size = sizeof(menu_icon_search_data),
    .data = menu_icon_search_data,
};

/* material-symbols:playlist-play-rounded */
static LV_ATTRIBUTE_MEM_ALIGN LV_ATTRIBUTE_LARGE_CONST
const uint8_t menu_icon_queue_data[] = {
    0x00, 0x00, 0x00, 0x00, 0x00, 0x00, 0x00, 0x00, 0x00, 0x00, 0x00, 0x00, 0x00, 0x00,
    0x00, 0x01, 0x04, 0x04, 0x04, 0x04, 0x04, 0x04, 0x03, 0x00, 0x00, 0x00, 0x00, 0x00,
    0x00, 0x00, 0x00, 0x00, 0x00, 0x00, 0x00, 0x00, 0x00, 0x00, 0x00, 0x00, 0x00, 0x00,
    0x00, 0x18, 0x8d, 0x91, 0x91, 0x91, 0x8f, 0x91, 0x5a, 0x00, 0x02, 0x00, 0x00, 0x00,
    0x00, 0x1e, 0xab, 0xb1, 0xb0, 0xb0, 0xae, 0xb3, 0x6f, 0x00, 0x02, 0x00, 0x00, 0x00,
    0x00, 0x02, 0x20, 0x25, 0x23, 0x23, 0x23, 0x25, 0x10, 0x01, 0x01, 0x00, 0x00, 0x00,
    0x00, 0x2b, 0xee, 0xf3, 0xf3, 0xf4, 0xf1, 0xf5, 0x9b, 0x00, 0x04, 0x01, 0x00, 0x00,
    0x00, 0x00, 0x08, 0x0c, 0x0b, 0x0b, 0x0b, 0x10, 0x07, 0x16, 0x00, 0x00, 0x02, 0x00,
    0x00, 0x26, 0xd3, 0xd7, 0xd5, 0xd6, 0x42, 0x00, 0x00, 0xa8, 0xaa, 0x11, 0x00, 0x01,
    0x00, 0x0e, 0x5e, 0x62, 0x61, 0x61, 0x1d, 0x03, 0x01, 0xa8, 0xff, 0xea, 0x49, 0x01,
    0x00, 0x00, 0x00, 0x00, 0x00, 0x00, 0x00, 0x03, 0x00, 0xad, 0xff, 0xca, 0x36, 0x01,
    0x00, 0x01, 0x03, 0x04, 0x03, 0x03, 0x01, 0x03, 0x00, 0x98, 0x88, 0x00, 0x00, 0x01,
    0x00, 0x00, 0x00, 0x00, 0x00, 0x00, 0x00, 0x00, 0x00, 0x04, 0x00, 0x00, 0x02, 0x00,
    0x00, 0x00, 0x00, 0x00, 0x00, 0x00, 0x00, 0x00, 0x00, 0x00, 0x03, 0x01, 0x00, 0x00,
};
static const lv_image_dsc_t menu_icon_queue = {
    .header.magic = LV_IMAGE_HEADER_MAGIC,
    .header.cf = LV_COLOR_FORMAT_A8,
    .header.w = 14,
    .header.h = 14,
    .header.stride = 14,
    .data_size = sizeof(menu_icon_queue_data),
    .data = menu_icon_queue_data,
};

/* material-symbols:podcasts-rounded */
static LV_ATTRIBUTE_MEM_ALIGN LV_ATTRIBUTE_LARGE_CONST
const uint8_t menu_icon_podcast_data[] = {
    0x00, 0x00, 0x01, 0x02, 0x00, 0x00, 0x00, 0x00, 0x00, 0x00, 0x02, 0x01, 0x00, 0x00,
    0x00, 0x01, 0x00, 0x00, 0x4a, 0xb0, 0xd7, 0xd7, 0xb0, 0x49, 0x00, 0x00, 0x01, 0x00,
    0x01, 0x02, 0x04, 0xa9, 0xf8, 0x98, 0x55, 0x55, 0x99, 0xf8, 0xa9, 0x04, 0x02, 0x01,
    0x02, 0x00, 0xab, 0xe4, 0x13, 0x1a, 0x71, 0x71, 0x1b, 0x14, 0xe4, 0xab, 0x00, 0x02,
    0x00, 0x46, 0xff, 0x10, 0x63, 0xff, 0xc7, 0xc7, 0xff, 0x62, 0x11, 0xff, 0x46, 0x00,
    0x00, 0xb3, 0x97, 0x18, 0xff, 0x4e, 0x0a, 0x0a, 0x4e, 0xff, 0x18, 0x98, 0xb3, 0x00,
    0x00, 0xd9, 0x51, 0x73, 0xc7, 0x02, 0xef, 0xef, 0x02, 0xc7, 0x73, 0x52, 0xd9, 0x00,
    0x00, 0xda, 0x54, 0x72, 0xca, 0x0e, 0xf0, 0xf0, 0x0d, 0xc9, 0x72, 0x55, 0xd9, 0x00,
    0x00, 0xb3, 0x9e, 0x14, 0xff, 0x14, 0x9c, 0x9d, 0x14, 0xff, 0x15, 0x9d, 0xb3, 0x00,
    0x00, 0x45, 0xff, 0x29, 0x39, 0x09, 0xa3, 0xa3, 0x0a, 0x3a, 0x26, 0xff, 0x45, 0x00,
    0x02, 0x00, 0xab, 0x7e, 0x00, 0x00, 0xa5, 0xa5, 0x00, 0x00, 0x7b, 0xab, 0x00, 0x02,
    0x00, 0x01, 0x00, 0x03, 0x07, 0x00, 0xb0, 0xb0, 0x00, 0x07, 0x03, 0x00, 0x01, 0x00,
    0x00, 0x00, 0x00, 0x00, 0x03, 0x00, 0x72, 0x72, 0x00, 0x03, 0x00, 0x00, 0x00, 0x00,
    0x00, 0x00, 0x00, 0x00, 0x00, 0x00, 0x00, 0x00, 0x00, 0x00, 0x00, 0x00, 0x00, 0x00,
};
static const lv_image_dsc_t menu_icon_podcast = {
    .header.magic = LV_IMAGE_HEADER_MAGIC,
    .header.cf = LV_COLOR_FORMAT_A8,
    .header.w = 14,
    .header.h = 14,
    .header.stride = 14,
    .data_size = sizeof(menu_icon_podcast_data),
    .data = menu_icon_podcast_data,
};

/* material-symbols:photo-library-outline-rounded */
static LV_ATTRIBUTE_MEM_ALIGN LV_ATTRIBUTE_LARGE_CONST
const uint8_t menu_icon_photo_data[] = {
    0x00, 0x00, 0x00, 0x00, 0x00, 0x00, 0x00, 0x00, 0x00, 0x00, 0x00, 0x00, 0x00, 0x00,
    0x00, 0x05, 0x01, 0x2e, 0xc3, 0xd7, 0xd8, 0xd8, 0xd8, 0xd8, 0xd6, 0xd1, 0x65, 0x00,
    0x00, 0x00, 0x00, 0x8f, 0xe1, 0x5c, 0x63, 0x61, 0x61, 0x63, 0x5d, 0xa3, 0xdd, 0x00,
    0x00, 0x5a, 0x18, 0x88, 0xb6, 0x00, 0x00, 0x00, 0x00, 0x00, 0x00, 0x55, 0xd7, 0x00,
    0x00, 0xe9, 0x4d, 0x7c, 0xc1, 0x03, 0x09, 0x06, 0x00, 0x02, 0x04, 0x63, 0xd8, 0x00,
    0x00, 0xda, 0x49, 0x7d, 0xc0, 0x01, 0x00, 0x00, 0x0e, 0x17, 0x00, 0x63, 0xd8, 0x00,
    0x00, 0xdd, 0x4a, 0x7d, 0xc2, 0x00, 0x6f, 0x37, 0xa5, 0xd2, 0x00, 0x60, 0xd9, 0x00,
    0x00, 0xdd, 0x4a, 0x7f, 0xb5, 0x2f, 0xff, 0xf8, 0xff, 0xff, 0x78, 0x54, 0xda, 0x00,
    0x00, 0xdd, 0x4a, 0x81, 0xb5, 0x01, 0x22, 0x20, 0x1e, 0x22, 0x13, 0x52, 0xda, 0x00,
    0x00, 0xdc, 0x50, 0x69, 0xff, 0xb8, 0xb5, 0xb4, 0xb5, 0xb6, 0xb1, 0xdf, 0xc9, 0x00,
    0x00, 0xd8, 0x52, 0x00, 0x66, 0x7e, 0x7f, 0x7f, 0x80, 0x7f, 0x88, 0x88, 0x2d, 0x00,
    0x00, 0xdd, 0xa4, 0x5b, 0x50, 0x4a, 0x4a, 0x4a, 0x49, 0x4a, 0x0d, 0x00, 0x00, 0x00,
    0x00, 0x65, 0xd1, 0xd7, 0xdc, 0xdd, 0xdd, 0xdd, 0xda, 0xdc, 0x5a, 0x04, 0x05, 0x00,
    0x00, 0x00, 0x00, 0x00, 0x00, 0x00, 0x00, 0x00, 0x00, 0x00, 0x00, 0x00, 0x00, 0x00,
};
static const lv_image_dsc_t menu_icon_photo = {
    .header.magic = LV_IMAGE_HEADER_MAGIC,
    .header.cf = LV_COLOR_FORMAT_A8,
    .header.w = 14,
    .header.h = 14,
    .header.stride = 14,
    .data_size = sizeof(menu_icon_photo_data),
    .data = menu_icon_photo_data,
};

/* material-symbols:video-library-rounded */
static LV_ATTRIBUTE_MEM_ALIGN LV_ATTRIBUTE_LARGE_CONST
const uint8_t menu_icon_video_data[] = {
    0x00, 0x00, 0x00, 0x00, 0x00, 0x00, 0x00, 0x00, 0x00, 0x00, 0x00, 0x00, 0x00, 0x00,
    0x00, 0x05, 0x01, 0x2f, 0xbf, 0xca, 0xc9, 0xc8, 0xca, 0xca, 0xc9, 0xc9, 0x66, 0x00,
    0x00, 0x00, 0x00, 0x85, 0xff, 0xff, 0xff, 0xff, 0xff, 0xff, 0xff, 0xff, 0xd4, 0x00,
    0x00, 0x5a, 0x19, 0x78, 0xfc, 0xfb, 0xe0, 0xb7, 0xff, 0xff, 0xf9, 0xfd, 0xc8, 0x00,
    0x00, 0xe9, 0x51, 0x6d, 0xff, 0xff, 0xaf, 0x00, 0x61, 0xe9, 0xff, 0xff, 0xca, 0x00,
    0x00, 0xda, 0x4d, 0x6e, 0xff, 0xff, 0xb4, 0x03, 0x00, 0x0c, 0xc3, 0xff, 0xc8, 0x00,
    0x00, 0xdd, 0x4e, 0x6e, 0xff, 0xff, 0xb3, 0x00, 0x00, 0x54, 0xde, 0xff, 0xc9, 0x00,
    0x00, 0xdd, 0x4e, 0x6d, 0xff, 0xff, 0xb7, 0x22, 0xad, 0xff, 0xff, 0xff, 0xca, 0x00,
    0x00, 0xdd, 0x4e, 0x70, 0xfb, 0xf7, 0xf3, 0xf0, 0xff, 0xf8, 0xf8, 0xfb, 0xcb, 0x00,
    0x00, 0xdc, 0x51, 0x64, 0xff, 0xff, 0xff, 0xff, 0xff, 0xff, 0xff, 0xff, 0xc5, 0x00,
    0x00, 0xd8, 0x52, 0x00, 0x63, 0x6d, 0x6d, 0x6d, 0x6e, 0x6d, 0x77, 0x7f, 0x2e, 0x00,
    0x00, 0xdd, 0xa4, 0x5b, 0x51, 0x4e, 0x4e, 0x4e, 0x4d, 0x4d, 0x10, 0x00, 0x00, 0x00,
    0x00, 0x65, 0xd1, 0xd7, 0xdc, 0xdd, 0xdd, 0xdd, 0xda, 0xdc, 0x5a, 0x04, 0x05, 0x00,
    0x00, 0x00, 0x00, 0x00, 0x00, 0x00, 0x00, 0x00, 0x00, 0x00, 0x00, 0x00, 0x00, 0x00,
};
static const lv_image_dsc_t menu_icon_video = {
    .header.magic = LV_IMAGE_HEADER_MAGIC,
    .header.cf = LV_COLOR_FORMAT_A8,
    .header.w = 14,
    .header.h = 14,
    .header.stride = 14,
    .data_size = sizeof(menu_icon_video_data),
    .data = menu_icon_video_data,
};

/* material-symbols:favorite-rounded */
static LV_ATTRIBUTE_MEM_ALIGN LV_ATTRIBUTE_LARGE_CONST
const uint8_t menu_icon_favorite_data[] = {
    0x00, 0x01, 0x00, 0x00, 0x00, 0x00, 0x02, 0x02, 0x00, 0x00, 0x00, 0x00, 0x01, 0x00,
    0x01, 0x00, 0x07, 0x52, 0x6f, 0x40, 0x00, 0x00, 0x40, 0x6f, 0x52, 0x07, 0x00, 0x01,
    0x01, 0x15, 0xcb, 0xff, 0xff, 0xff, 0xa2, 0xa2, 0xff, 0xff, 0xff, 0xca, 0x15, 0x01,
    0x00, 0x91, 0xff, 0xf9, 0xfb, 0xfe, 0xff, 0xff, 0xfe, 0xfb, 0xf9, 0xff, 0x91, 0x00,
    0x00, 0xc9, 0xfd, 0xfc, 0xff, 0xff, 0xfc, 0xfc, 0xff, 0xff, 0xfc, 0xfd, 0xc9, 0x00,
    0x00, 0xbe, 0xfd, 0xfc, 0xff, 0xff, 0xff, 0xff, 0xff, 0xff, 0xfc, 0xfd, 0xbe, 0x00,
    0x00, 0x70, 0xff, 0xfa, 0xff, 0xff, 0xff, 0xff, 0xff, 0xff, 0xfa, 0xff, 0x70, 0x00,
    0x02, 0x09, 0xc9, 0xff, 0xfb, 0xff, 0xff, 0xff, 0xff, 0xfb, 0xff, 0xcc, 0x0a, 0x02,
    0x02, 0x00, 0x18, 0xd7, 0xff, 0xfb, 0xff, 0xff, 0xfb, 0xff, 0xda, 0x1a, 0x00, 0x02,
    0x00, 0x02, 0x00, 0x1e, 0xd7, 0xff, 0xfa, 0xfa, 0xff, 0xda, 0x21, 0x00, 0x03, 0x00,
    0x00, 0x00, 0x03, 0x00, 0x1a, 0xce, 0xff, 0xff, 0xd0, 0x1c, 0x00, 0x03, 0x00, 0x00,
    0x00, 0x00, 0x00, 0x03, 0x00, 0x12, 0xb1, 0xb1, 0x13, 0x00, 0x03, 0x00, 0x00, 0x00,
    0x00, 0x00, 0x00, 0x00, 0x02, 0x00, 0x00, 0x00, 0x00, 0x02, 0x00, 0x00, 0x00, 0x00,
    0x00, 0x00, 0x00, 0x00, 0x00, 0x01, 0x02, 0x02, 0x01, 0x00, 0x00, 0x00, 0x00, 0x00,
};
static const lv_image_dsc_t menu_icon_favorite = {
    .header.magic = LV_IMAGE_HEADER_MAGIC,
    .header.cf = LV_COLOR_FORMAT_A8,
    .header.w = 14,
    .header.h = 14,
    .header.stride = 14,
    .data_size = sizeof(menu_icon_favorite_data),
    .data = menu_icon_favorite_data,
};

/* material-symbols:delete-rounded */
static LV_ATTRIBUTE_MEM_ALIGN LV_ATTRIBUTE_LARGE_CONST
const uint8_t menu_icon_trash_data[] = {
    0x00, 0x00, 0x02, 0x03, 0x03, 0x00, 0x00, 0x00, 0x00, 0x03, 0x03, 0x02, 0x00, 0x00,
    0x00, 0x00, 0x00, 0x00, 0x00, 0x1f, 0x40, 0x40, 0x1f, 0x00, 0x00, 0x00, 0x00, 0x00,
    0x03, 0x00, 0x65, 0xae, 0xa6, 0xe7, 0xff, 0xff, 0xe7, 0xa6, 0xae, 0x65, 0x00, 0x03,
    0x03, 0x00, 0x5e, 0xff, 0xff, 0xff, 0xff, 0xff, 0xff, 0xff, 0xff, 0x5e, 0x00, 0x03,
    0x02, 0x00, 0x16, 0xf3, 0xfc, 0xca, 0xe9, 0xe9, 0xca, 0xfc, 0xf3, 0x16, 0x00, 0x02,
    0x02, 0x00, 0x23, 0xf5, 0xff, 0x28, 0x9a, 0x9b, 0x28, 0xff, 0xf5, 0x23, 0x00, 0x02,
    0x02, 0x00, 0x21, 0xf5, 0xff, 0x2d, 0x9b, 0x9b, 0x2d, 0xff, 0xf5, 0x21, 0x00, 0x02,
    0x02, 0x00, 0x21, 0xf5, 0xff, 0x2e, 0x9c, 0x9c, 0x2e, 0xff, 0xf5, 0x21, 0x00, 0x02,
    0x02, 0x00, 0x21, 0xf5, 0xff, 0x23, 0x96, 0x96, 0x23, 0xff, 0xf5, 0x21, 0x00, 0x02,
    0x02, 0x00, 0x21, 0xf4, 0xff, 0x5b, 0xb4, 0xb4, 0x5b, 0xff, 0xf4, 0x21, 0x00, 0x02,
    0x02, 0x00, 0x23, 0xfc, 0xfd, 0xfe, 0xff, 0xff, 0xfe, 0xfd, 0xfc, 0x23, 0x00, 0x02,
    0x01, 0x01, 0x11, 0xe3, 0xff, 0xff, 0xff, 0xff, 0xff, 0xff, 0xe3, 0x11, 0x01, 0x01,
    0x00, 0x01, 0x00, 0x1d, 0x40, 0x3f, 0x40, 0x40, 0x3f, 0x40, 0x1d, 0x00, 0x01, 0x00,
    0x00, 0x00, 0x00, 0x00, 0x00, 0x00, 0x00, 0x00, 0x00, 0x00, 0x00, 0x00, 0x00, 0x00,
};
static const lv_image_dsc_t menu_icon_trash = {
    .header.magic = LV_IMAGE_HEADER_MAGIC,
    .header.cf = LV_COLOR_FORMAT_A8,
    .header.w = 14,
    .header.h = 14,
    .header.stride = 14,
    .data_size = sizeof(menu_icon_trash_data),
    .data = menu_icon_trash_data,
};

/* material-symbols:volume-up-rounded */
static LV_ATTRIBUTE_MEM_ALIGN LV_ATTRIBUTE_LARGE_CONST
const uint8_t menu_icon_sound_data[] = {
    0x00, 0x00, 0x00, 0x00, 0x00, 0x00, 0x00, 0x00, 0x01, 0x03, 0x01, 0x00, 0x00, 0x00,
    0x00, 0x00, 0x00, 0x00, 0x00, 0x02, 0x02, 0x00, 0x00, 0x00, 0x00, 0x01, 0x00, 0x00,
    0x00, 0x00, 0x00, 0x00, 0x02, 0x00, 0x00, 0x00, 0x80, 0xac, 0x0d, 0x00, 0x01, 0x00,
    0x00, 0x01, 0x02, 0x04, 0x00, 0x43, 0xb8, 0x07, 0x2e, 0xd0, 0xd8, 0x10, 0x02, 0x01,
    0x00, 0x00, 0x00, 0x00, 0x3d, 0xf3, 0xfe, 0x13, 0x05, 0x00, 0xd5, 0xa6, 0x00, 0x03,
    0x00, 0x23, 0xb9, 0xbd, 0xf3, 0xff, 0xe9, 0x10, 0xbe, 0x2c, 0x2d, 0xfd, 0x16, 0x00,
    0x00, 0x43, 0xff, 0xff, 0xff, 0xfe, 0xef, 0x0a, 0xe0, 0x9a, 0x00, 0xf1, 0x41, 0x00,
    0x00, 0x43, 0xff, 0xff, 0xff, 0xfe, 0xef, 0x0a, 0xe1, 0x99, 0x00, 0xf2, 0x40, 0x00,
    0x00, 0x22, 0xb9, 0xbd, 0xf3, 0xff, 0xe9, 0x10, 0xbb, 0x29, 0x31, 0xfc, 0x14, 0x00,
    0x00, 0x00, 0x00, 0x00, 0x3c, 0xf3, 0xfe, 0x13, 0x01, 0x00, 0xd9, 0xa1, 0x00, 0x03,
    0x00, 0x01, 0x02, 0x04, 0x00, 0x43, 0xb8, 0x07, 0x33, 0xd5, 0xd2, 0x0d, 0x02, 0x01,
    0x00, 0x00, 0x00, 0x00, 0x02, 0x00, 0x00, 0x00, 0x7e, 0xa4, 0x0a, 0x00, 0x01, 0x00,
    0x00, 0x00, 0x00, 0x00, 0x00, 0x02, 0x02, 0x00, 0x00, 0x00, 0x00, 0x01, 0x00, 0x00,
    0x00, 0x00, 0x00, 0x00, 0x00, 0x00, 0x00, 0x00, 0x01, 0x03, 0x01, 0x00, 0x00, 0x00,
};
static const lv_image_dsc_t menu_icon_sound = {
    .header.magic = LV_IMAGE_HEADER_MAGIC,
    .header.cf = LV_COLOR_FORMAT_A8,
    .header.w = 14,
    .header.h = 14,
    .header.stride = 14,
    .data_size = sizeof(menu_icon_sound_data),
    .data = menu_icon_sound_data,
};

/* material-symbols:display-settings-rounded */
static LV_ATTRIBUTE_MEM_ALIGN LV_ATTRIBUTE_LARGE_CONST
const uint8_t menu_icon_display_data[] = {
    0x00, 0x00, 0x00, 0x00, 0x00, 0x00, 0x00, 0x00, 0x00, 0x00, 0x00, 0x00, 0x00, 0x00,
    0x00, 0x0d, 0x40, 0x40, 0x40, 0x40, 0x40, 0x40, 0x40, 0x40, 0x40, 0x40, 0x0d, 0x00,
    0x00, 0xac, 0xff, 0xff, 0xff, 0xff, 0xff, 0xff, 0xff, 0xff, 0xff, 0xff, 0xac, 0x00,
    0x00, 0xcf, 0xfd, 0xff, 0xff, 0xff, 0xff, 0xff, 0xfe, 0xff, 0xff, 0xfd, 0xcf, 0x00,
    0x00, 0xc8, 0xff, 0xe1, 0xb7, 0xbb, 0xb8, 0xc2, 0xbb, 0x5f, 0xe3, 0xff, 0xc8, 0x00,
    0x00, 0xc8, 0xff, 0xb3, 0x57, 0x57, 0x4b, 0x61, 0x9e, 0x07, 0xb6, 0xff, 0xc8, 0x00,
    0x00, 0xca, 0xff, 0xff, 0xba, 0xe7, 0xff, 0xff, 0xe3, 0xc9, 0xff, 0xff, 0xca, 0x00,
    0x00, 0xc7, 0xff, 0xad, 0x00, 0x95, 0x4f, 0x38, 0x44, 0x45, 0xaa, 0xff, 0xc7, 0x00,
    0x00, 0xc8, 0xfe, 0xf2, 0x88, 0xca, 0xe6, 0xdf, 0xe1, 0xdf, 0xf1, 0xfe, 0xc8, 0x00,
    0x00, 0xd2, 0xff, 0xff, 0xff, 0xff, 0xff, 0xff, 0xff, 0xff, 0xff, 0xff, 0xd2, 0x00,
    0x00, 0x93, 0xf7, 0xf4, 0xf9, 0xfc, 0xfb, 0xfb, 0xfc, 0xfa, 0xf4, 0xf7, 0x93, 0x00,
    0x00, 0x00, 0x22, 0x1f, 0x68, 0xff, 0xff, 0xff, 0xff, 0x68, 0x1f, 0x22, 0x00, 0x00,
    0x00, 0x00, 0x00, 0x00, 0x06, 0x3e, 0x40, 0x40, 0x3e, 0x06, 0x00, 0x00, 0x00, 0x00,
    0x00, 0x00, 0x02, 0x02, 0x00, 0x00, 0x00, 0x00, 0x00, 0x00, 0x02, 0x02, 0x00, 0x00,
};
static const lv_image_dsc_t menu_icon_display = {
    .header.magic = LV_IMAGE_HEADER_MAGIC,
    .header.cf = LV_COLOR_FORMAT_A8,
    .header.w = 14,
    .header.h = 14,
    .header.stride = 14,
    .data_size = sizeof(menu_icon_display_data),
    .data = menu_icon_display_data,
};

/* CRAZYPOD_MENU_ICON_PLAYBACK reuses material-symbols:play-circle-rounded. */

/* material-symbols:power-settings-new-rounded */
static LV_ATTRIBUTE_MEM_ALIGN LV_ATTRIBUTE_LARGE_CONST
const uint8_t menu_icon_power_data[] = {
    0x00, 0x00, 0x00, 0x00, 0x00, 0x00, 0x00, 0x00, 0x00, 0x00, 0x00, 0x00, 0x00, 0x00,
    0x00, 0x00, 0x01, 0x00, 0x03, 0x00, 0x72, 0x72, 0x00, 0x03, 0x00, 0x01, 0x00, 0x00,
    0x00, 0x01, 0x00, 0x00, 0x04, 0x00, 0xb0, 0xb0, 0x00, 0x04, 0x00, 0x00, 0x01, 0x00,
    0x02, 0x00, 0xa7, 0x67, 0x00, 0x00, 0xa4, 0xa4, 0x00, 0x00, 0x67, 0xa7, 0x00, 0x02,
    0x00, 0x46, 0xff, 0x2d, 0x01, 0x00, 0xa6, 0xa6, 0x00, 0x01, 0x2d, 0xff, 0x46, 0x00,
    0x00, 0xb1, 0xa8, 0x00, 0x07, 0x00, 0xa4, 0xa4, 0x00, 0x07, 0x00, 0xa8, 0xb1, 0x00,
    0x00, 0xd5, 0x6a, 0x01, 0x08, 0x00, 0xb0, 0xb0, 0x00, 0x08, 0x01, 0x6a, 0xd5, 0x00,
    0x00, 0xd5, 0x67, 0x01, 0x06, 0x00, 0x4d, 0x4d, 0x00, 0x06, 0x01, 0x68, 0xd5, 0x00,
    0x00, 0xb2, 0xa2, 0x00, 0x05, 0x00, 0x00, 0x00, 0x00, 0x05, 0x00, 0xa2, 0xb1, 0x00,
    0x00, 0x46, 0xff, 0x1b, 0x00, 0x05, 0x06, 0x06, 0x05, 0x00, 0x1b, 0xff, 0x46, 0x00,
    0x02, 0x00, 0xab, 0xe3, 0x20, 0x00, 0x00, 0x00, 0x00, 0x20, 0xe3, 0xab, 0x00, 0x02,
    0x01, 0x02, 0x04, 0xa8, 0xf6, 0xa3, 0x6b, 0x6b, 0xa3, 0xf6, 0xa8, 0x04, 0x02, 0x01,
    0x00, 0x01, 0x00, 0x00, 0x49, 0xad, 0xd3, 0xd3, 0xad, 0x49, 0x00, 0x00, 0x01, 0x00,
    0x00, 0x00, 0x01, 0x02, 0x00, 0x00, 0x00, 0x00, 0x00, 0x00, 0x02, 0x01, 0x00, 0x00,
};
static const lv_image_dsc_t menu_icon_power = {
    .header.magic = LV_IMAGE_HEADER_MAGIC,
    .header.cf = LV_COLOR_FORMAT_A8,
    .header.w = 14,
    .header.h = 14,
    .header.stride = 14,
    .data_size = sizeof(menu_icon_power_data),
    .data = menu_icon_power_data,
};

/* material-symbols:tune-rounded */
static LV_ATTRIBUTE_MEM_ALIGN LV_ATTRIBUTE_LARGE_CONST
const uint8_t menu_icon_controls_data[] = {
    0x00, 0x00, 0x02, 0x02, 0x02, 0x02, 0x02, 0x00, 0x00, 0x00, 0x02, 0x02, 0x00, 0x00,
    0x00, 0x00, 0x00, 0x00, 0x00, 0x00, 0x00, 0x00, 0x0b, 0x28, 0x00, 0x00, 0x00, 0x00,
    0x00, 0x03, 0x20, 0x24, 0x23, 0x23, 0x26, 0x09, 0x43, 0xec, 0x26, 0x20, 0x04, 0x00,
    0x00, 0x2b, 0xeb, 0xf0, 0xf3, 0xee, 0xf1, 0x64, 0x33, 0xff, 0xf0, 0xeb, 0x2b, 0x00,
    0x00, 0x04, 0x24, 0x27, 0x16, 0x1e, 0x28, 0x0c, 0x47, 0xee, 0x2a, 0x24, 0x05, 0x00,
    0x00, 0x00, 0x00, 0x00, 0x8b, 0x25, 0x00, 0x00, 0x00, 0x14, 0x00, 0x00, 0x00, 0x00,
    0x00, 0x1c, 0xa2, 0xa8, 0xff, 0x3e, 0x45, 0xa9, 0xa1, 0x9c, 0xa7, 0xa2, 0x1c, 0x00,
    0x00, 0x1c, 0xa2, 0xa8, 0xff, 0x3d, 0x3c, 0xa2, 0xa5, 0xa9, 0xa7, 0xa3, 0x1c, 0x00,
    0x00, 0x00, 0x00, 0x00, 0x8c, 0x2d, 0x12, 0x07, 0x00, 0x00, 0x00, 0x00, 0x00, 0x00,
    0x00, 0x04, 0x24, 0x27, 0x17, 0x00, 0xa2, 0xb4, 0x24, 0x2a, 0x27, 0x24, 0x04, 0x00,
    0x00, 0x2b, 0xeb, 0xf1, 0xef, 0x1e, 0x8d, 0xfd, 0xea, 0xf0, 0xf0, 0xec, 0x2b, 0x00,
    0x00, 0x03, 0x20, 0x24, 0x24, 0x02, 0xa1, 0xb1, 0x20, 0x26, 0x24, 0x20, 0x03, 0x00,
    0x00, 0x00, 0x00, 0x00, 0x00, 0x00, 0x1c, 0x19, 0x00, 0x00, 0x00, 0x00, 0x00, 0x00,
    0x00, 0x00, 0x02, 0x02, 0x02, 0x00, 0x00, 0x00, 0x02, 0x02, 0x02, 0x02, 0x00, 0x00,
};
static const lv_image_dsc_t menu_icon_controls = {
    .header.magic = LV_IMAGE_HEADER_MAGIC,
    .header.cf = LV_COLOR_FORMAT_A8,
    .header.w = 14,
    .header.h = 14,
    .header.stride = 14,
    .data_size = sizeof(menu_icon_controls_data),
    .data = menu_icon_controls_data,
};

/* material-symbols:menu-rounded */
static LV_ATTRIBUTE_MEM_ALIGN LV_ATTRIBUTE_LARGE_CONST
const uint8_t menu_icon_menu_data[] = {
    0x00, 0x00, 0x00, 0x00, 0x00, 0x00, 0x00, 0x00, 0x00, 0x00, 0x00, 0x00, 0x00, 0x00,
    0x00, 0x01, 0x04, 0x04, 0x04, 0x04, 0x04, 0x04, 0x04, 0x04, 0x04, 0x04, 0x01, 0x00,
    0x00, 0x00, 0x00, 0x00, 0x00, 0x00, 0x00, 0x00, 0x00, 0x00, 0x00, 0x00, 0x00, 0x00,
    0x00, 0x17, 0x8a, 0x8f, 0x8f, 0x8f, 0x8f, 0x8f, 0x8f, 0x8f, 0x8f, 0x8a, 0x17, 0x00,
    0x00, 0x21, 0xba, 0xc0, 0xc0, 0xc0, 0xc0, 0xc0, 0xc0, 0xc0, 0xc0, 0xba, 0x21, 0x00,
    0x00, 0x00, 0x00, 0x00, 0x00, 0x00, 0x00, 0x00, 0x00, 0x00, 0x00, 0x00, 0x00, 0x00,
    0x00, 0x1d, 0xa4, 0xa9, 0xa8, 0xa9, 0xa9, 0xa9, 0xa9, 0xa8, 0xa9, 0xa4, 0x1d, 0x00,
    0x00, 0x1d, 0xa4, 0xa9, 0xa8, 0xa9, 0xa9, 0xa9, 0xa9, 0xa8, 0xa9, 0xa4, 0x1d, 0x00,
    0x00, 0x00, 0x00, 0x00, 0x00, 0x00, 0x00, 0x00, 0x00, 0x00, 0x00, 0x00, 0x00, 0x00,
    0x00, 0x21, 0xbb, 0xc0, 0xc0, 0xc0, 0xc0, 0xc0, 0xc0, 0xc0, 0xc0, 0xbb, 0x21, 0x00,
    0x00, 0x17, 0x8a, 0x8f, 0x8f, 0x8f, 0x8f, 0x8f, 0x8f, 0x8f, 0x8f, 0x8a, 0x17, 0x00,
    0x00, 0x00, 0x00, 0x00, 0x00, 0x00, 0x00, 0x00, 0x00, 0x00, 0x00, 0x00, 0x00, 0x00,
    0x00, 0x01, 0x04, 0x04, 0x04, 0x04, 0x04, 0x04, 0x04, 0x04, 0x04, 0x04, 0x01, 0x00,
    0x00, 0x00, 0x00, 0x00, 0x00, 0x00, 0x00, 0x00, 0x00, 0x00, 0x00, 0x00, 0x00, 0x00,
};
static const lv_image_dsc_t menu_icon_menu = {
    .header.magic = LV_IMAGE_HEADER_MAGIC,
    .header.cf = LV_COLOR_FORMAT_A8,
    .header.w = 14,
    .header.h = 14,
    .header.stride = 14,
    .data_size = sizeof(menu_icon_menu_data),
    .data = menu_icon_menu_data,
};

/* material-symbols:language */
static LV_ATTRIBUTE_MEM_ALIGN LV_ATTRIBUTE_LARGE_CONST
const uint8_t menu_icon_language_data[] = {
    0x00, 0x00, 0x01, 0x02, 0x00, 0x00, 0x00, 0x00, 0x00, 0x00, 0x02, 0x01, 0x00, 0x00,
    0x00, 0x00, 0x00, 0x00, 0x49, 0xa1, 0xc9, 0xc9, 0xa2, 0x49, 0x00, 0x00, 0x00, 0x00,
    0x01, 0x02, 0x03, 0xaa, 0xf4, 0xf7, 0xed, 0xed, 0xf7, 0xf5, 0xab, 0x03, 0x02, 0x01,
    0x02, 0x00, 0xa6, 0xd3, 0x15, 0xde, 0x39, 0x39, 0xde, 0x15, 0xd3, 0xa6, 0x00, 0x02,
    0x00, 0x40, 0xff, 0x7a, 0x73, 0xff, 0x66, 0x66, 0xff, 0x73, 0x7a, 0xff, 0x41, 0x00,
    0x00, 0xa3, 0xe8, 0xcf, 0xfb, 0xf0, 0xda, 0xda, 0xf0, 0xfb, 0xcf, 0xe8, 0xa4, 0x00,
    0x00, 0xd5, 0x6f, 0x00, 0xab, 0xa0, 0x00, 0x00, 0xa0, 0xab, 0x00, 0x6f, 0xd5, 0x00,
    0x00, 0xd5, 0x6f, 0x00, 0xab, 0xa0, 0x00, 0x00, 0xa0, 0xab, 0x00, 0x6f, 0xd5, 0x00,
    0x00, 0xa3, 0xe8, 0xcf, 0xfb, 0xf0, 0xda, 0xda, 0xf0, 0xfb, 0xcf, 0xe8, 0xa3, 0x00,
    0x00, 0x3f, 0xff, 0x7a, 0x73, 0xff, 0x66, 0x66, 0xff, 0x73, 0x7a, 0xff, 0x40, 0x00,
    0x02, 0x00, 0xa6, 0xd3, 0x16, 0xdf, 0x39, 0x39, 0xdf, 0x16, 0xd3, 0xa6, 0x00, 0x02,
    0x01, 0x02, 0x03, 0xaa, 0xf5, 0xf8, 0xed, 0xed, 0xf8, 0xf5, 0xab, 0x03, 0x02, 0x01,
    0x00, 0x00, 0x00, 0x00, 0x48, 0xa1, 0xc9, 0xc9, 0xa1, 0x49, 0x00, 0x00, 0x00, 0x00,
    0x00, 0x00, 0x01, 0x02, 0x00, 0x00, 0x00, 0x00, 0x00, 0x00, 0x02, 0x01, 0x00, 0x00,
};
static const lv_image_dsc_t menu_icon_language = {
    .header.magic = LV_IMAGE_HEADER_MAGIC,
    .header.cf = LV_COLOR_FORMAT_A8,
    .header.w = 14,
    .header.h = 14,
    .header.stride = 14,
    .data_size = sizeof(menu_icon_language_data),
    .data = menu_icon_language_data,
};

/* material-symbols:graphic-eq-rounded */
static LV_ATTRIBUTE_MEM_ALIGN LV_ATTRIBUTE_LARGE_CONST
const uint8_t menu_icon_equalizer_data[] = {
    0x00, 0x00, 0x00, 0x00, 0x00, 0x00, 0x00, 0x00, 0x00, 0x00, 0x00, 0x00, 0x00, 0x00,
    0x00, 0x00, 0x00, 0x00, 0x06, 0x01, 0x72, 0x72, 0x01, 0x06, 0x00, 0x00, 0x00, 0x00,
    0x00, 0x00, 0x00, 0x00, 0x00, 0x00, 0xb0, 0xb0, 0x00, 0x00, 0x00, 0x00, 0x00, 0x00,
    0x00, 0x01, 0x02, 0x00, 0x60, 0x0f, 0x9f, 0x9f, 0x0f, 0x60, 0x00, 0x02, 0x01, 0x00,
    0x00, 0x00, 0x00, 0x05, 0xfa, 0x36, 0x98, 0x98, 0x36, 0xfa, 0x05, 0x00, 0x00, 0x00,
    0x00, 0x07, 0x1b, 0x03, 0xeb, 0x34, 0x99, 0x99, 0x34, 0xeb, 0x03, 0x1a, 0x07, 0x00,
    0x00, 0x44, 0xdf, 0x08, 0xeb, 0x35, 0x99, 0x99, 0x35, 0xeb, 0x08, 0xdf, 0x44, 0x00,
    0x00, 0x44, 0xdf, 0x08, 0xeb, 0x35, 0x99, 0x99, 0x35, 0xeb, 0x08, 0xdf, 0x44, 0x00,
    0x00, 0x07, 0x1a, 0x03, 0xeb, 0x34, 0x99, 0x99, 0x34, 0xeb, 0x03, 0x1a, 0x07, 0x00,
    0x00, 0x00, 0x00, 0x05, 0xfa, 0x36, 0x98, 0x98, 0x36, 0xfa, 0x05, 0x00, 0x00, 0x00,
    0x00, 0x01, 0x02, 0x00, 0x60, 0x0f, 0x9f, 0x9f, 0x0f, 0x60, 0x00, 0x02, 0x01, 0x00,
    0x00, 0x00, 0x00, 0x00, 0x00, 0x00, 0xb0, 0xb0, 0x00, 0x00, 0x00, 0x00, 0x00, 0x00,
    0x00, 0x00, 0x00, 0x00, 0x06, 0x01, 0x72, 0x72, 0x01, 0x06, 0x00, 0x00, 0x00, 0x00,
    0x00, 0x00, 0x00, 0x00, 0x00, 0x00, 0x00, 0x00, 0x00, 0x00, 0x00, 0x00, 0x00, 0x00,
};
static const lv_image_dsc_t menu_icon_equalizer = {
    .header.magic = LV_IMAGE_HEADER_MAGIC,
    .header.cf = LV_COLOR_FORMAT_A8,
    .header.w = 14,
    .header.h = 14,
    .header.stride = 14,
    .data_size = sizeof(menu_icon_equalizer_data),
    .data = menu_icon_equalizer_data,
};

/* material-symbols:equalizer-rounded */
static LV_ATTRIBUTE_MEM_ALIGN LV_ATTRIBUTE_LARGE_CONST
const uint8_t menu_icon_bass_data[] = {
    0x00, 0x00, 0x00, 0x00, 0x00, 0x00, 0x04, 0x04, 0x00, 0x00, 0x00, 0x00, 0x00, 0x00,
    0x00, 0x00, 0x00, 0x00, 0x00, 0x00, 0x00, 0x00, 0x00, 0x00, 0x00, 0x00, 0x00, 0x00,
    0x00, 0x00, 0x00, 0x00, 0x01, 0x04, 0x83, 0x83, 0x04, 0x01, 0x00, 0x00, 0x00, 0x00,
    0x00, 0x00, 0x00, 0x02, 0x00, 0x2c, 0xff, 0xff, 0x2c, 0x02, 0x05, 0x02, 0x00, 0x00,
    0x00, 0x00, 0x00, 0x03, 0x00, 0x32, 0xfc, 0xfc, 0x33, 0x00, 0x00, 0x00, 0x00, 0x00,
    0x00, 0x00, 0x01, 0x00, 0x01, 0x31, 0xff, 0xff, 0x27, 0x36, 0xb3, 0x3e, 0x00, 0x02,
    0x00, 0x00, 0x00, 0x0d, 0x00, 0x31, 0xff, 0xff, 0x21, 0x9e, 0xff, 0xaa, 0x00, 0x04,
    0x03, 0x00, 0x63, 0xe6, 0x58, 0x23, 0xff, 0xff, 0x23, 0x9a, 0xfc, 0xa5, 0x00, 0x03,
    0x03, 0x00, 0xad, 0xff, 0xa2, 0x22, 0xff, 0xff, 0x23, 0x9a, 0xff, 0xa5, 0x00, 0x03,
    0x03, 0x00, 0xa4, 0xfa, 0x99, 0x24, 0xfc, 0xfc, 0x24, 0x9b, 0xfb, 0xa6, 0x00, 0x03,
    0x04, 0x00, 0xa6, 0xff, 0x9c, 0x1d, 0xff, 0xff, 0x1d, 0x9c, 0xff, 0xa6, 0x00, 0x04,
    0x02, 0x00, 0x33, 0x9d, 0x32, 0x00, 0x85, 0x85, 0x00, 0x32, 0x9d, 0x32, 0x00, 0x02,
    0x00, 0x00, 0x00, 0x00, 0x00, 0x00, 0x00, 0x00, 0x00, 0x00, 0x00, 0x00, 0x00, 0x00,
    0x00, 0x00, 0x02, 0x04, 0x02, 0x00, 0x04, 0x04, 0x00, 0x02, 0x04, 0x02, 0x00, 0x00,
};
static const lv_image_dsc_t menu_icon_bass = {
    .header.magic = LV_IMAGE_HEADER_MAGIC,
    .header.cf = LV_COLOR_FORMAT_A8,
    .header.w = 14,
    .header.h = 14,
    .header.stride = 14,
    .data_size = sizeof(menu_icon_bass_data),
    .data = menu_icon_bass_data,
};

/* material-symbols:multiline-chart-rounded */
static LV_ATTRIBUTE_MEM_ALIGN LV_ATTRIBUTE_LARGE_CONST
const uint8_t menu_icon_treble_data[] = {
    0x00, 0x00, 0x00, 0x00, 0x01, 0x02, 0x01, 0x00, 0x00, 0x00, 0x00, 0x00, 0x00, 0x00,
    0x00, 0x00, 0x03, 0x03, 0x00, 0x00, 0x00, 0x02, 0x03, 0x00, 0x00, 0x03, 0x02, 0x00,
    0x00, 0x02, 0x00, 0x00, 0x09, 0x1a, 0x0f, 0x00, 0x00, 0x01, 0x02, 0x00, 0x00, 0x00,
    0x00, 0x00, 0x44, 0xbb, 0xec, 0xef, 0xef, 0xcb, 0x5a, 0x00, 0x00, 0x3d, 0x48, 0x00,
    0x04, 0x9a, 0xfd, 0x9f, 0x4a, 0x2b, 0x3f, 0x8a, 0xf9, 0xa7, 0x37, 0xff, 0x74, 0x00,
    0x06, 0x9d, 0x39, 0x00, 0x00, 0x00, 0x00, 0x00, 0x20, 0xd1, 0xfc, 0x8e, 0x00, 0x02,
    0x00, 0x00, 0x00, 0x00, 0x66, 0xea, 0x7a, 0x00, 0x05, 0xcb, 0xff, 0x46, 0x01, 0x04,
    0x00, 0x07, 0x00, 0x6c, 0xff, 0x86, 0xfd, 0x80, 0xc2, 0xc0, 0x96, 0xd1, 0x00, 0x02,
    0x02, 0x00, 0x69, 0xff, 0x53, 0x00, 0x3f, 0xf4, 0xd4, 0x08, 0x27, 0xfe, 0x1f, 0x00,
    0x00, 0x62, 0xff, 0x50, 0x00, 0x06, 0x00, 0x0d, 0x05, 0x00, 0x09, 0xeb, 0x42, 0x00,
    0x00, 0x4c, 0x4d, 0x00, 0x04, 0x00, 0x02, 0x00, 0x00, 0x01, 0x00, 0x26, 0x0a, 0x00,
    0x00, 0x00, 0x00, 0x02, 0x00, 0x00, 0x00, 0x01, 0x01, 0x00, 0x00, 0x00, 0x00, 0x00,
    0x00, 0x02, 0x03, 0x00, 0x00, 0x00, 0x00, 0x00, 0x00, 0x00, 0x00, 0x02, 0x01, 0x00,
    0x00, 0x00, 0x00, 0x00, 0x00, 0x00, 0x00, 0x00, 0x00, 0x00, 0x00, 0x00, 0x00, 0x00,
};
static const lv_image_dsc_t menu_icon_treble = {
    .header.magic = LV_IMAGE_HEADER_MAGIC,
    .header.cf = LV_COLOR_FORMAT_A8,
    .header.w = 14,
    .header.h = 14,
    .header.stride = 14,
    .data_size = sizeof(menu_icon_treble_data),
    .data = menu_icon_treble_data,
};

/* material-symbols:balance-rounded */
static LV_ATTRIBUTE_MEM_ALIGN LV_ATTRIBUTE_LARGE_CONST
const uint8_t menu_icon_balance_data[] = {
    0x00, 0x01, 0x03, 0x03, 0x03, 0x00, 0x00, 0x00, 0x00, 0x03, 0x03, 0x03, 0x01, 0x00,
    0x00, 0x00, 0x00, 0x00, 0x00, 0x21, 0xc3, 0xc2, 0x20, 0x00, 0x00, 0x00, 0x00, 0x00,
    0x00, 0x20, 0xb2, 0xb2, 0xb9, 0xeb, 0xa9, 0xaa, 0xeb, 0xb9, 0xb2, 0xb2, 0x20, 0x00,
    0x01, 0x18, 0xab, 0xdd, 0x8b, 0xca, 0xb7, 0xb7, 0xc9, 0x8b, 0xdd, 0xab, 0x18, 0x01,
    0x04, 0x00, 0x78, 0xe8, 0x00, 0x0d, 0xdb, 0xdb, 0x0d, 0x00, 0xe8, 0x78, 0x00, 0x04,
    0x00, 0x13, 0xc8, 0xcc, 0x6e, 0x00, 0xa1, 0xa1, 0x00, 0x6d, 0xcc, 0xc8, 0x13, 0x00,
    0x00, 0x6f, 0x87, 0x15, 0xc7, 0x01, 0xa8, 0xa8, 0x01, 0xc7, 0x15, 0x86, 0x6f, 0x00,
    0x00, 0xc2, 0x99, 0x61, 0xed, 0x1c, 0x9c, 0x9c, 0x1c, 0xed, 0x61, 0x99, 0xc2, 0x00,
    0x00, 0x76, 0xff, 0xff, 0xd5, 0x08, 0xa4, 0xa4, 0x08, 0xd5, 0xff, 0xff, 0x76, 0x00,
    0x01, 0x00, 0x34, 0x48, 0x0c, 0x00, 0xa6, 0xa6, 0x00, 0x0c, 0x48, 0x34, 0x00, 0x01,
    0x00, 0x01, 0x00, 0x00, 0x06, 0x04, 0xa6, 0xa6, 0x04, 0x06, 0x00, 0x00, 0x01, 0x00,
    0x00, 0xa4, 0xf0, 0xeb, 0xec, 0xe9, 0xff, 0xff, 0xe9, 0xec, 0xeb, 0xf0, 0xa4, 0x00,
    0x00, 0x2f, 0x47, 0x47, 0x48, 0x48, 0x43, 0x43, 0x48, 0x48, 0x47, 0x47, 0x2f, 0x00,
    0x00, 0x00, 0x00, 0x00, 0x00, 0x00, 0x00, 0x00, 0x00, 0x00, 0x00, 0x00, 0x00, 0x00,
};
static const lv_image_dsc_t menu_icon_balance = {
    .header.magic = LV_IMAGE_HEADER_MAGIC,
    .header.cf = LV_COLOR_FORMAT_A8,
    .header.w = 14,
    .header.h = 14,
    .header.stride = 14,
    .data_size = sizeof(menu_icon_balance_data),
    .data = menu_icon_balance_data,
};

/* material-symbols:brightness-6-rounded */
static LV_ATTRIBUTE_MEM_ALIGN LV_ATTRIBUTE_LARGE_CONST
const uint8_t menu_icon_brightness_data[] = {
    0x00, 0x00, 0x02, 0x03, 0x04, 0x00, 0x14, 0x14, 0x00, 0x04, 0x03, 0x02, 0x00, 0x00,
    0x00, 0x00, 0x00, 0x00, 0x00, 0x32, 0xe0, 0xdf, 0x33, 0x00, 0x00, 0x00, 0x00, 0x00,
    0x02, 0x00, 0x33, 0xa4, 0xaa, 0xee, 0xff, 0xff, 0xec, 0xaa, 0xa4, 0x33, 0x00, 0x02,
    0x04, 0x02, 0xab, 0xff, 0xff, 0xff, 0xfc, 0xfe, 0xff, 0xff, 0xff, 0xab, 0x02, 0x04,
    0x03, 0x00, 0xa7, 0xfc, 0xf7, 0xfe, 0xf1, 0x35, 0x82, 0xf9, 0xfb, 0xa7, 0x00, 0x03,
    0x00, 0x31, 0xe8, 0xfe, 0xfd, 0xff, 0xef, 0x09, 0x00, 0x88, 0xff, 0xe6, 0x32, 0x00,
    0x16, 0xe4, 0xff, 0xfd, 0xfe, 0xff, 0xee, 0x15, 0x03, 0x29, 0xfc, 0xff, 0xe4, 0x16,
    0x16, 0xe5, 0xff, 0xfd, 0xfe, 0xff, 0xee, 0x15, 0x03, 0x29, 0xfc, 0xff, 0xe4, 0x16,
    0x00, 0x32, 0xe8, 0xfe, 0xfd, 0xff, 0xee, 0x09, 0x00, 0x88, 0xff, 0xe6, 0x32, 0x00,
    0x03, 0x00, 0xa8, 0xfc, 0xf7, 0xfe, 0xf1, 0x36, 0x83, 0xf9, 0xfb, 0xa7, 0x00, 0x03,
    0x04, 0x02, 0xab, 0xff, 0xff, 0xff, 0xfc, 0xfe, 0xff, 0xff, 0xff, 0xab, 0x02, 0x04,
    0x02, 0x00, 0x33, 0xa4, 0xaa, 0xee, 0xff, 0xff, 0xec, 0xaa, 0xa4, 0x33, 0x00, 0x02,
    0x00, 0x00, 0x00, 0x00, 0x00, 0x32, 0xdf, 0xdf, 0x33, 0x00, 0x00, 0x00, 0x00, 0x00,
    0x00, 0x00, 0x02, 0x03, 0x04, 0x00, 0x14, 0x14, 0x00, 0x04, 0x03, 0x02, 0x00, 0x00,
};
static const lv_image_dsc_t menu_icon_brightness = {
    .header.magic = LV_IMAGE_HEADER_MAGIC,
    .header.cf = LV_COLOR_FORMAT_A8,
    .header.w = 14,
    .header.h = 14,
    .header.stride = 14,
    .data_size = sizeof(menu_icon_brightness_data),
    .data = menu_icon_brightness_data,
};

/* material-symbols:light-mode-rounded */
static LV_ATTRIBUTE_MEM_ALIGN LV_ATTRIBUTE_LARGE_CONST
const uint8_t menu_icon_backlight_data[] = {
    0x00, 0x00, 0x02, 0x03, 0x02, 0x00, 0x35, 0x35, 0x00, 0x02, 0x03, 0x02, 0x00, 0x00,
    0x00, 0x00, 0x00, 0x00, 0x05, 0x00, 0xb1, 0xb1, 0x00, 0x05, 0x00, 0x00, 0x00, 0x00,
    0x02, 0x00, 0x3d, 0x52, 0x00, 0x03, 0x7e, 0x7e, 0x03, 0x00, 0x52, 0x3d, 0x00, 0x02,
    0x03, 0x00, 0x53, 0xff, 0x2e, 0x00, 0x01, 0x01, 0x00, 0x2f, 0xff, 0x53, 0x00, 0x03,
    0x01, 0x04, 0x00, 0x2e, 0x12, 0x78, 0xd4, 0xd4, 0x79, 0x12, 0x2e, 0x00, 0x04, 0x01,
    0x00, 0x00, 0x00, 0x00, 0x74, 0xff, 0xff, 0xff, 0xff, 0x74, 0x00, 0x00, 0x00, 0x00,
    0x35, 0xa5, 0x7f, 0x05, 0xd9, 0xfc, 0xfb, 0xfb, 0xfc, 0xd9, 0x05, 0x7f, 0xa5, 0x35,
    0x35, 0xa5, 0x7e, 0x05, 0xd9, 0xfc, 0xfb, 0xfb, 0xfc, 0xd9, 0x05, 0x7e, 0xa5, 0x35,
    0x00, 0x00, 0x00, 0x00, 0x73, 0xff, 0xff, 0xff, 0xff, 0x73, 0x00, 0x00, 0x00, 0x00,
    0x01, 0x04, 0x00, 0x2e, 0x12, 0x78, 0xd4, 0xd4, 0x78, 0x13, 0x2f, 0x00, 0x04, 0x01,
    0x03, 0x00, 0x53, 0xff, 0x2f, 0x00, 0x01, 0x01, 0x00, 0x2e, 0xff, 0x53, 0x00, 0x03,
    0x02, 0x00, 0x3d, 0x52, 0x00, 0x03, 0x7f, 0x7f, 0x03, 0x00, 0x52, 0x3d, 0x00, 0x02,
    0x00, 0x00, 0x00, 0x00, 0x05, 0x00, 0xb1, 0xb1, 0x00, 0x05, 0x00, 0x00, 0x00, 0x00,
    0x00, 0x00, 0x02, 0x03, 0x02, 0x00, 0x35, 0x35, 0x00, 0x02, 0x03, 0x02, 0x00, 0x00,
};
static const lv_image_dsc_t menu_icon_backlight = {
    .header.magic = LV_IMAGE_HEADER_MAGIC,
    .header.cf = LV_COLOR_FORMAT_A8,
    .header.w = 14,
    .header.h = 14,
    .header.stride = 14,
    .data_size = sizeof(menu_icon_backlight_data),
    .data = menu_icon_backlight_data,
};

/* material-symbols:battery-charging-full-rounded */
static LV_ATTRIBUTE_MEM_ALIGN LV_ATTRIBUTE_LARGE_CONST
const uint8_t menu_icon_charging_data[] = {
    0x00, 0x00, 0x00, 0x00, 0x03, 0x00, 0x00, 0x00, 0x00, 0x03, 0x00, 0x00, 0x00, 0x00,
    0x00, 0x00, 0x00, 0x01, 0x00, 0x11, 0xc4, 0xc4, 0x11, 0x00, 0x01, 0x00, 0x00, 0x00,
    0x00, 0x00, 0x00, 0x02, 0x83, 0xc0, 0xff, 0xff, 0xc0, 0x83, 0x02, 0x00, 0x00, 0x00,
    0x00, 0x01, 0x00, 0x07, 0xec, 0xff, 0xfa, 0xfa, 0xff, 0xec, 0x07, 0x00, 0x01, 0x00,
    0x00, 0x01, 0x00, 0x07, 0xdb, 0xfc, 0xfd, 0xfd, 0xfc, 0xda, 0x07, 0x00, 0x01, 0x00,
    0x00, 0x01, 0x00, 0x07, 0xde, 0xff, 0xfd, 0xfb, 0xfc, 0xe2, 0x07, 0x00, 0x01, 0x00,
    0x00, 0x01, 0x00, 0x07, 0xde, 0xff, 0xfc, 0xff, 0xff, 0xd1, 0x06, 0x00, 0x01, 0x00,
    0x00, 0x01, 0x00, 0x07, 0xde, 0xff, 0xff, 0xe0, 0x59, 0x11, 0x00, 0x01, 0x00, 0x00,
    0x00, 0x01, 0x00, 0x07, 0xdd, 0xff, 0xee, 0x27, 0x00, 0x18, 0x19, 0x00, 0x01, 0x00,
    0x00, 0x01, 0x00, 0x07, 0xda, 0xff, 0x91, 0x00, 0x07, 0xbd, 0x64, 0x0e, 0x02, 0x01,
    0x00, 0x01, 0x00, 0x07, 0xd7, 0xfd, 0x6a, 0x02, 0x5f, 0xff, 0xf8, 0x38, 0x00, 0x03,
    0x00, 0x01, 0x00, 0x07, 0xe6, 0xff, 0x9e, 0x00, 0x14, 0x88, 0x9e, 0x00, 0x03, 0x00,
    0x00, 0x00, 0x01, 0x03, 0xa0, 0xcd, 0x9f, 0x01, 0x00, 0x24, 0x0f, 0x00, 0x01, 0x00,
    0x00, 0x00, 0x00, 0x00, 0x00, 0x00, 0x00, 0x00, 0x01, 0x00, 0x00, 0x00, 0x00, 0x00,
};
static const lv_image_dsc_t menu_icon_charging = {
    .header.magic = LV_IMAGE_HEADER_MAGIC,
    .header.cf = LV_COLOR_FORMAT_A8,
    .header.w = 14,
    .header.h = 14,
    .header.stride = 14,
    .data_size = sizeof(menu_icon_charging_data),
    .data = menu_icon_charging_data,
};

/* material-symbols:bedtime-rounded */
static LV_ATTRIBUTE_MEM_ALIGN LV_ATTRIBUTE_LARGE_CONST
const uint8_t menu_icon_display_sleep_data[] = {
    0x00, 0x00, 0x01, 0x00, 0x00, 0x00, 0x00, 0x00, 0x00, 0x00, 0x00, 0x00, 0x00, 0x00,
    0x00, 0x01, 0x00, 0x00, 0x5d, 0x72, 0x00, 0x01, 0x00, 0x00, 0x00, 0x00, 0x00, 0x00,
    0x01, 0x01, 0x0f, 0xb4, 0xff, 0xe9, 0x05, 0x00, 0x01, 0x00, 0x00, 0x00, 0x00, 0x00,
    0x02, 0x01, 0xb3, 0xff, 0xfc, 0xed, 0x14, 0x01, 0x01, 0x00, 0x00, 0x00, 0x00, 0x00,
    0x00, 0x4c, 0xff, 0xfa, 0xfc, 0xff, 0x55, 0x00, 0x05, 0x00, 0x00, 0x00, 0x00, 0x00,
    0x00, 0xa4, 0xfe, 0xfb, 0xfd, 0xfe, 0xd4, 0x07, 0x00, 0x05, 0x01, 0x01, 0x00, 0x00,
    0x00, 0xc6, 0xff, 0xfc, 0xff, 0xfd, 0xff, 0xae, 0x09, 0x00, 0x00, 0x00, 0x00, 0x00,
    0x00, 0xc5, 0xff, 0xfc, 0xff, 0xff, 0xfc, 0xff, 0xd0, 0x59, 0x19, 0x08, 0x00, 0x00,
    0x00, 0x9c, 0xfe, 0xfb, 0xff, 0xff, 0xff, 0xfc, 0xff, 0xff, 0xed, 0xdc, 0x77, 0x00,
    0x00, 0x3d, 0xff, 0xfa, 0xfe, 0xff, 0xff, 0xff, 0xfd, 0xfc, 0xfd, 0xff, 0x5f, 0x00,
    0x03, 0x00, 0x99, 0xff, 0xfb, 0xfb, 0xfc, 0xfc, 0xfb, 0xfb, 0xff, 0xb3, 0x00, 0x02,
    0x01, 0x02, 0x03, 0x99, 0xff, 0xff, 0xff, 0xff, 0xff, 0xff, 0xae, 0x0d, 0x01, 0x01,
    0x00, 0x00, 0x00, 0x00, 0x40, 0x9a, 0xc3, 0xc4, 0x9f, 0x4c, 0x00, 0x00, 0x01, 0x00,
    0x00, 0x00, 0x01, 0x02, 0x00, 0x00, 0x00, 0x00, 0x00, 0x00, 0x01, 0x01, 0x00, 0x00,
};
static const lv_image_dsc_t menu_icon_display_sleep = {
    .header.magic = LV_IMAGE_HEADER_MAGIC,
    .header.cf = LV_COLOR_FORMAT_A8,
    .header.w = 14,
    .header.h = 14,
    .header.stride = 14,
    .data_size = sizeof(menu_icon_display_sleep_data),
    .data = menu_icon_display_sleep_data,
};

/* material-symbols:visibility-off-rounded */
static LV_ATTRIBUTE_MEM_ALIGN LV_ATTRIBUTE_LARGE_CONST
const uint8_t menu_icon_motion_off_data[] = {
    0x00, 0x00, 0x01, 0x00, 0x00, 0x04, 0x03, 0x03, 0x04, 0x02, 0x00, 0x00, 0x00, 0x00,
    0x00, 0x16, 0x00, 0x02, 0x00, 0x00, 0x00, 0x00, 0x00, 0x00, 0x02, 0x01, 0x00, 0x00,
    0x02, 0xd7, 0x8e, 0x00, 0x04, 0x73, 0xa3, 0xa2, 0x78, 0x31, 0x00, 0x00, 0x01, 0x00,
    0x01, 0x3a, 0xf4, 0x82, 0x00, 0xcf, 0xff, 0xff, 0xff, 0xfd, 0x9f, 0x0f, 0x00, 0x02,
    0x00, 0x0f, 0xda, 0xff, 0x79, 0x00, 0x2f, 0x27, 0x88, 0xff, 0xff, 0xcc, 0x12, 0x01,
    0x02, 0xb0, 0xff, 0xf8, 0xff, 0x80, 0x00, 0x7c, 0x1e, 0xa4, 0xfc, 0xff, 0xac, 0x02,
    0x3a, 0xff, 0xfc, 0xfe, 0x97, 0xf9, 0x83, 0x1c, 0x45, 0x5a, 0xfd, 0xf9, 0xff, 0x3e,
    0x18, 0xe2, 0xfe, 0xfe, 0x70, 0x22, 0xff, 0x83, 0x00, 0x79, 0xff, 0xfc, 0xe8, 0x1c,
    0x00, 0x48, 0xff, 0xff, 0xed, 0x2b, 0x29, 0xf2, 0x7f, 0x07, 0xc8, 0xff, 0x53, 0x00,
    0x03, 0x00, 0x54, 0xee, 0xff, 0xff, 0xae, 0xd7, 0xff, 0x79, 0x03, 0x47, 0x00, 0x01,
    0x00, 0x03, 0x00, 0x22, 0x8f, 0xda, 0xff, 0xfb, 0xd7, 0xfe, 0x81, 0x00, 0x03, 0x00,
    0x00, 0x00, 0x03, 0x00, 0x00, 0x04, 0x17, 0x1c, 0x06, 0x39, 0xff, 0x90, 0x03, 0x02,
    0x00, 0x00, 0x00, 0x02, 0x03, 0x00, 0x00, 0x00, 0x00, 0x00, 0x39, 0xd1, 0x16, 0x00,
    0x00, 0x00, 0x00, 0x00, 0x00, 0x01, 0x02, 0x02, 0x01, 0x02, 0x00, 0x00, 0x00, 0x00,
};
static const lv_image_dsc_t menu_icon_motion_off = {
    .header.magic = LV_IMAGE_HEADER_MAGIC,
    .header.cf = LV_COLOR_FORMAT_A8,
    .header.w = 14,
    .header.h = 14,
    .header.stride = 14,
    .data_size = sizeof(menu_icon_motion_off_data),
    .data = menu_icon_motion_off_data,
};

/* material-symbols:shuffle-rounded */
static LV_ATTRIBUTE_MEM_ALIGN LV_ATTRIBUTE_LARGE_CONST
const uint8_t menu_icon_shuffle_data[] = {
    0x00, 0x00, 0x03, 0x03, 0x00, 0x00, 0x00, 0x00, 0x03, 0x03, 0x03, 0x02, 0x00, 0x00,
    0x00, 0x00, 0x00, 0x00, 0x02, 0x00, 0x00, 0x00, 0x00, 0x00, 0x00, 0x00, 0x00, 0x00,
    0x03, 0x00, 0x6e, 0x5b, 0x00, 0x04, 0x02, 0x00, 0x87, 0xb2, 0xa9, 0x5f, 0x00, 0x02,
    0x03, 0x00, 0x61, 0xff, 0x59, 0x00, 0x04, 0x04, 0x58, 0xd8, 0xff, 0xaf, 0x00, 0x03,
    0x00, 0x02, 0x00, 0x5b, 0xff, 0x64, 0x03, 0x00, 0x4e, 0xe3, 0xd7, 0xb7, 0x00, 0x03,
    0x00, 0x00, 0x04, 0x00, 0x63, 0xc5, 0x00, 0x59, 0xff, 0x4e, 0x53, 0x88, 0x00, 0x03,
    0x00, 0x00, 0x00, 0x02, 0x00, 0x00, 0x59, 0xff, 0x59, 0x00, 0x00, 0x00, 0x00, 0x00,
    0x00, 0x00, 0x00, 0x05, 0x00, 0x58, 0xff, 0x5a, 0x00, 0x00, 0x00, 0x00, 0x00, 0x00,
    0x00, 0x00, 0x05, 0x00, 0x5a, 0xff, 0x5a, 0x00, 0xcf, 0x5e, 0x52, 0x88, 0x00, 0x03,
    0x00, 0x02, 0x00, 0x59, 0xff, 0x5a, 0x00, 0x03, 0x56, 0xe4, 0xda, 0xb7, 0x00, 0x03,
    0x03, 0x00, 0x5e, 0xff, 0x5a, 0x00, 0x06, 0x02, 0x57, 0xd7, 0xff, 0xaf, 0x00, 0x03,
    0x03, 0x00, 0x6b, 0x5d, 0x00, 0x04, 0x02, 0x00, 0x87, 0xb2, 0xaa, 0x5f, 0x00, 0x02,
    0x00, 0x00, 0x00, 0x00, 0x02, 0x00, 0x00, 0x00, 0x00, 0x00, 0x00, 0x00, 0x00, 0x00,
    0x00, 0x00, 0x03, 0x03, 0x00, 0x00, 0x00, 0x00, 0x03, 0x03, 0x03, 0x02, 0x00, 0x00,
};
static const lv_image_dsc_t menu_icon_shuffle = {
    .header.magic = LV_IMAGE_HEADER_MAGIC,
    .header.cf = LV_COLOR_FORMAT_A8,
    .header.w = 14,
    .header.h = 14,
    .header.stride = 14,
    .data_size = sizeof(menu_icon_shuffle_data),
    .data = menu_icon_shuffle_data,
};

/* material-symbols:repeat-rounded */
static LV_ATTRIBUTE_MEM_ALIGN LV_ATTRIBUTE_LARGE_CONST
const uint8_t menu_icon_repeat_data[] = {
    0x00, 0x00, 0x00, 0x01, 0x02, 0x02, 0x02, 0x02, 0x02, 0x00, 0x00, 0x03, 0x00, 0x00,
    0x00, 0x00, 0x00, 0x00, 0x00, 0x00, 0x00, 0x00, 0x00, 0x53, 0x4d, 0x00, 0x02, 0x00,
    0x00, 0x01, 0x00, 0x07, 0x23, 0x23, 0x23, 0x26, 0x22, 0x92, 0xff, 0x4d, 0x01, 0x02,
    0x01, 0x01, 0x0c, 0xc8, 0xf2, 0xee, 0xf1, 0xf0, 0xf0, 0xda, 0xff, 0xec, 0x07, 0x01,
    0x02, 0x00, 0x24, 0xf7, 0x42, 0x22, 0x25, 0x26, 0x22, 0x91, 0xff, 0x4c, 0x01, 0x02,
    0x02, 0x00, 0x23, 0xf9, 0x1c, 0x00, 0x00, 0x00, 0x00, 0x55, 0x51, 0x00, 0x02, 0x00,
    0x00, 0x00, 0x07, 0x50, 0x0b, 0x02, 0x02, 0x01, 0x02, 0x00, 0x00, 0x01, 0x00, 0x00,
    0x00, 0x00, 0x01, 0x00, 0x00, 0x02, 0x01, 0x02, 0x02, 0x0b, 0x51, 0x07, 0x00, 0x00,
    0x00, 0x02, 0x00, 0x51, 0x55, 0x00, 0x00, 0x00, 0x00, 0x1c, 0xf9, 0x23, 0x00, 0x02,
    0x02, 0x01, 0x4b, 0xff, 0x92, 0x22, 0x26, 0x25, 0x22, 0x42, 0xf7, 0x24, 0x00, 0x02,
    0x01, 0x07, 0xeb, 0xff, 0xda, 0xf0, 0xf0, 0xf1, 0xee, 0xf2, 0xc7, 0x0b, 0x01, 0x01,
    0x02, 0x01, 0x4b, 0xff, 0x93, 0x22, 0x26, 0x23, 0x23, 0x23, 0x07, 0x00, 0x01, 0x00,
    0x00, 0x02, 0x00, 0x4d, 0x53, 0x00, 0x00, 0x00, 0x00, 0x00, 0x00, 0x00, 0x00, 0x00,
    0x00, 0x00, 0x03, 0x00, 0x00, 0x02, 0x02, 0x02, 0x02, 0x02, 0x01, 0x00, 0x00, 0x00,
};
static const lv_image_dsc_t menu_icon_repeat = {
    .header.magic = LV_IMAGE_HEADER_MAGIC,
    .header.cf = LV_COLOR_FORMAT_A8,
    .header.w = 14,
    .header.h = 14,
    .header.stride = 14,
    .data_size = sizeof(menu_icon_repeat_data),
    .data = menu_icon_repeat_data,
};

/* material-symbols:settings-power-rounded */
static LV_ATTRIBUTE_MEM_ALIGN LV_ATTRIBUTE_LARGE_CONST
const uint8_t menu_icon_power_timer_data[] = {
    0x00, 0x00, 0x00, 0x01, 0x02, 0x00, 0x00, 0x00, 0x00, 0x02, 0x01, 0x00, 0x00, 0x00,
    0x00, 0x00, 0x00, 0x00, 0x00, 0x00, 0x72, 0x72, 0x00, 0x00, 0x00, 0x00, 0x00, 0x00,
    0x00, 0x01, 0x01, 0x01, 0x27, 0x00, 0xb0, 0xb0, 0x00, 0x27, 0x01, 0x01, 0x01, 0x00,
    0x00, 0x02, 0x00, 0xa3, 0xd3, 0x00, 0xa5, 0xa5, 0x00, 0xd4, 0xa3, 0x00, 0x02, 0x00,
    0x03, 0x00, 0x41, 0xff, 0x33, 0x00, 0xa6, 0xa6, 0x00, 0x33, 0xff, 0x41, 0x00, 0x03,
    0x04, 0x00, 0xa4, 0xb2, 0x00, 0x00, 0xab, 0xab, 0x00, 0x00, 0xb2, 0xa3, 0x00, 0x04,
    0x03, 0x00, 0xbc, 0x8e, 0x04, 0x00, 0x8b, 0x8b, 0x00, 0x04, 0x8e, 0xbc, 0x00, 0x03,
    0x04, 0x00, 0x9d, 0xbe, 0x00, 0x06, 0x05, 0x05, 0x06, 0x00, 0xbf, 0x9c, 0x00, 0x04,
    0x02, 0x00, 0x36, 0xff, 0x40, 0x00, 0x00, 0x00, 0x00, 0x40, 0xff, 0x35, 0x00, 0x02,
    0x00, 0x02, 0x00, 0x82, 0xff, 0x7a, 0x2e, 0x2e, 0x7a, 0xff, 0x81, 0x00, 0x02, 0x00,
    0x00, 0x00, 0x03, 0x00, 0x63, 0xde, 0xf2, 0xf2, 0xdd, 0x62, 0x00, 0x03, 0x00, 0x00,
    0x00, 0x00, 0x00, 0x02, 0x00, 0x00, 0x17, 0x16, 0x00, 0x00, 0x02, 0x00, 0x00, 0x00,
    0x00, 0x00, 0x00, 0x00, 0x27, 0x05, 0x0f, 0x0f, 0x05, 0x27, 0x00, 0x00, 0x00, 0x00,
    0x00, 0x01, 0x00, 0x01, 0xca, 0x25, 0x82, 0x82, 0x25, 0xca, 0x01, 0x00, 0x01, 0x00,
};
static const lv_image_dsc_t menu_icon_power_timer = {
    .header.magic = LV_IMAGE_HEADER_MAGIC,
    .header.cf = LV_COLOR_FORMAT_A8,
    .header.w = 14,
    .header.h = 14,
    .header.stride = 14,
    .data_size = sizeof(menu_icon_power_timer_data),
    .data = menu_icon_power_timer_data,
};

/* material-symbols:usb-rounded */
static LV_ATTRIBUTE_MEM_ALIGN LV_ATTRIBUTE_LARGE_CONST
const uint8_t menu_icon_usb_data[] = {
    0x00, 0x00, 0x00, 0x00, 0x00, 0x01, 0x00, 0x00, 0x01, 0x00, 0x00, 0x00, 0x00, 0x00,
    0x00, 0x00, 0x00, 0x00, 0x02, 0x00, 0x45, 0x45, 0x00, 0x02, 0x00, 0x00, 0x00, 0x00,
    0x00, 0x00, 0x00, 0x04, 0x03, 0x27, 0xf7, 0xf7, 0x28, 0x04, 0x05, 0x00, 0x00, 0x00,
    0x00, 0x00, 0x00, 0x00, 0x00, 0x36, 0xd5, 0xd5, 0x34, 0x00, 0x00, 0x00, 0x00, 0x00,
    0x00, 0x01, 0x00, 0x2e, 0x41, 0x00, 0xa0, 0x9a, 0x02, 0x59, 0x50, 0x08, 0x00, 0x00,
    0x01, 0x00, 0x13, 0xf4, 0xff, 0x1e, 0xa0, 0x9b, 0x31, 0xff, 0xff, 0x23, 0x00, 0x02,
    0x01, 0x01, 0x0b, 0xcc, 0xea, 0x10, 0xa3, 0x9b, 0x27, 0xf8, 0xe9, 0x1c, 0x00, 0x02,
    0x00, 0x04, 0x00, 0x8e, 0xbb, 0x00, 0xa8, 0xa6, 0x00, 0xc2, 0x99, 0x01, 0x04, 0x00,
    0x00, 0x04, 0x00, 0x6a, 0xff, 0xd5, 0xf4, 0xf4, 0xd4, 0xfd, 0x68, 0x00, 0x04, 0x00,
    0x00, 0x00, 0x00, 0x04, 0x4f, 0x5f, 0xc4, 0xc4, 0x5f, 0x4f, 0x04, 0x00, 0x00, 0x00,
    0x00, 0x00, 0x00, 0x00, 0x00, 0x00, 0xab, 0xac, 0x00, 0x00, 0x00, 0x00, 0x00, 0x00,
    0x00, 0x00, 0x00, 0x02, 0x03, 0x28, 0xff, 0xff, 0x29, 0x03, 0x02, 0x00, 0x00, 0x00,
    0x00, 0x00, 0x00, 0x01, 0x01, 0x0c, 0xa7, 0xa7, 0x0b, 0x01, 0x01, 0x00, 0x00, 0x00,
    0x00, 0x00, 0x00, 0x00, 0x00, 0x00, 0x00, 0x00, 0x00, 0x00, 0x00, 0x00, 0x00, 0x00,
};
static const lv_image_dsc_t menu_icon_usb = {
    .header.magic = LV_IMAGE_HEADER_MAGIC,
    .header.cf = LV_COLOR_FORMAT_A8,
    .header.w = 14,
    .header.h = 14,
    .header.stride = 14,
    .data_size = sizeof(menu_icon_usb_data),
    .data = menu_icon_usb_data,
};

/* material-symbols:hard-drive */
static LV_ATTRIBUTE_MEM_ALIGN LV_ATTRIBUTE_LARGE_CONST
const uint8_t menu_icon_storage_data[] = {
    0x00, 0x00, 0x00, 0x01, 0x02, 0x02, 0x02, 0x02, 0x02, 0x02, 0x01, 0x00, 0x00, 0x00,
    0x00, 0x00, 0x02, 0x00, 0x00, 0x00, 0x00, 0x00, 0x00, 0x00, 0x00, 0x02, 0x00, 0x00,
    0x00, 0x02, 0x00, 0x0b, 0x22, 0x20, 0x21, 0x21, 0x20, 0x22, 0x0a, 0x00, 0x02, 0x00,
    0x02, 0x00, 0x2d, 0xd8, 0xf4, 0xf5, 0xf5, 0xf5, 0xf4, 0xf4, 0xd7, 0x2c, 0x00, 0x02,
    0x01, 0x3d, 0xf7, 0xff, 0xff, 0xff, 0xff, 0xff, 0xff, 0xff, 0xff, 0xf7, 0x3d, 0x01,
    0x00, 0x23, 0x35, 0x2e, 0x30, 0x30, 0x30, 0x30, 0x30, 0x2d, 0x2c, 0x35, 0x22, 0x00,
    0x00, 0x6b, 0x86, 0x85, 0x86, 0x86, 0x86, 0x87, 0x86, 0x94, 0x90, 0x86, 0x6c, 0x00,
    0x00, 0xda, 0xff, 0xff, 0xff, 0xff, 0xff, 0xff, 0xff, 0xcd, 0xda, 0xff, 0xd9, 0x00,
    0x00, 0xc5, 0xfa, 0xf8, 0xfa, 0xfa, 0xf9, 0xfa, 0xf7, 0x02, 0x2e, 0xfa, 0xc3, 0x00,
    0x00, 0xd2, 0xff, 0xff, 0xff, 0xff, 0xff, 0xff, 0xff, 0xcc, 0xd6, 0xff, 0xd2, 0x00,
    0x00, 0x95, 0xf7, 0xf5, 0xf8, 0xf8, 0xf8, 0xf8, 0xf8, 0xff, 0xfe, 0xf7, 0x94, 0x00,
    0x00, 0x00, 0x1f, 0x21, 0x21, 0x21, 0x21, 0x21, 0x21, 0x1e, 0x1f, 0x1f, 0x00, 0x00,
    0x00, 0x00, 0x00, 0x00, 0x00, 0x00, 0x00, 0x00, 0x00, 0x00, 0x00, 0x00, 0x00, 0x00,
    0x00, 0x00, 0x02, 0x02, 0x02, 0x02, 0x02, 0x02, 0x02, 0x02, 0x02, 0x02, 0x00, 0x00,
};
static const lv_image_dsc_t menu_icon_storage = {
    .header.magic = LV_IMAGE_HEADER_MAGIC,
    .header.cf = LV_COLOR_FORMAT_A8,
    .header.w = 14,
    .header.h = 14,
    .header.stride = 14,
    .data_size = sizeof(menu_icon_storage_data),
    .data = menu_icon_storage_data,
};

/* CRAZYPOD_MENU_ICON_SLEEP_TIMER reuses material-symbols:bedtime-rounded. */

/* material-symbols:alarm-on-rounded */
static LV_ATTRIBUTE_MEM_ALIGN LV_ATTRIBUTE_LARGE_CONST
const uint8_t menu_icon_timer_boot_data[] = {
    0x00, 0x01, 0x00, 0x00, 0x01, 0x04, 0x03, 0x03, 0x04, 0x01, 0x00, 0x00, 0x01, 0x00,
    0x01, 0x00, 0x12, 0x4b, 0x00, 0x00, 0x00, 0x00, 0x00, 0x00, 0x4b, 0x12, 0x00, 0x01,
    0x01, 0x0e, 0xde, 0xa9, 0x15, 0x71, 0xa1, 0xa2, 0x71, 0x14, 0xa9, 0xde, 0x0e, 0x01,
    0x02, 0xcf, 0xb9, 0x50, 0xe6, 0xff, 0xff, 0xff, 0xff, 0xe5, 0x4f, 0xb8, 0xcf, 0x02,
    0x04, 0x52, 0x49, 0xf8, 0xff, 0xfa, 0xfc, 0xf9, 0xff, 0xff, 0xf8, 0x49, 0x51, 0x04,
    0x01, 0x00, 0xca, 0xff, 0xfc, 0xff, 0xfb, 0xff, 0xe1, 0xe2, 0xff, 0xca, 0x00, 0x01,
    0x00, 0x2c, 0xff, 0xfe, 0xfa, 0xfe, 0xff, 0xcc, 0x04, 0xa6, 0xfe, 0xfd, 0x2b, 0x00,
    0x00, 0x41, 0xfe, 0xff, 0xa4, 0x2e, 0xb7, 0x04, 0x70, 0xff, 0xfb, 0xff, 0x40, 0x00,
    0x00, 0x2f, 0xff, 0xfe, 0xee, 0x42, 0x00, 0x76, 0xff, 0xfd, 0xfe, 0xff, 0x2f, 0x00,
    0x01, 0x07, 0xdb, 0xfd, 0xff, 0xf7, 0xb2, 0xff, 0xfd, 0xfb, 0xfe, 0xdc, 0x07, 0x01,
    0x03, 0x00, 0x58, 0xff, 0xfc, 0xfd, 0xff, 0xfb, 0xfb, 0xfd, 0xff, 0x58, 0x00, 0x03,
    0x00, 0x02, 0x00, 0x79, 0xff, 0xff, 0xff, 0xff, 0xff, 0xfe, 0x78, 0x00, 0x02, 0x00,
    0x00, 0x00, 0x02, 0x00, 0x36, 0x97, 0xc4, 0xc4, 0x97, 0x36, 0x00, 0x02, 0x00, 0x00,
    0x00, 0x00, 0x00, 0x03, 0x00, 0x00, 0x00, 0x00, 0x00, 0x00, 0x03, 0x00, 0x00, 0x00,
};
static const lv_image_dsc_t menu_icon_timer_boot = {
    .header.magic = LV_IMAGE_HEADER_MAGIC,
    .header.cf = LV_COLOR_FORMAT_A8,
    .header.w = 14,
    .header.h = 14,
    .header.stride = 14,
    .data_size = sizeof(menu_icon_timer_boot_data),
    .data = menu_icon_timer_boot_data,
};

/* material-symbols:restart-alt-rounded */
static LV_ATTRIBUTE_MEM_ALIGN LV_ATTRIBUTE_LARGE_CONST
const uint8_t menu_icon_reset_timer_data[] = {
    0x00, 0x00, 0x00, 0x00, 0x00, 0x02, 0x00, 0x00, 0x01, 0x00, 0x00, 0x00, 0x00, 0x00,
    0x00, 0x00, 0x00, 0x00, 0x00, 0x00, 0x2e, 0x12, 0x00, 0x04, 0x00, 0x00, 0x00, 0x00,
    0x00, 0x00, 0x00, 0x05, 0x02, 0x4e, 0xfc, 0x5b, 0x00, 0x00, 0x02, 0x00, 0x00, 0x00,
    0x00, 0x00, 0x02, 0x00, 0x00, 0xed, 0xff, 0xe9, 0xdd, 0x61, 0x00, 0x03, 0x00, 0x00,
    0x00, 0x01, 0x00, 0x62, 0x2f, 0x4a, 0xfc, 0x68, 0x72, 0xff, 0x82, 0x00, 0x02, 0x00,
    0x02, 0x00, 0x2f, 0xff, 0x3d, 0x00, 0x31, 0x11, 0x00, 0x41, 0xff, 0x35, 0x00, 0x02,
    0x04, 0x00, 0x96, 0xbf, 0x00, 0x05, 0x00, 0x00, 0x06, 0x00, 0xbe, 0x9c, 0x00, 0x04,
    0x03, 0x00, 0xbb, 0x8e, 0x03, 0x04, 0x02, 0x01, 0x04, 0x04, 0x8f, 0xbb, 0x00, 0x03,
    0x04, 0x00, 0xa4, 0xb0, 0x00, 0x06, 0x00, 0x00, 0x06, 0x00, 0xb1, 0xa3, 0x00, 0x04,
    0x03, 0x00, 0x45, 0xff, 0x22, 0x00, 0x01, 0x01, 0x00, 0x24, 0xff, 0x43, 0x00, 0x03,
    0x00, 0x02, 0x00, 0xa2, 0xee, 0x4a, 0x04, 0x05, 0x4b, 0xef, 0xa0, 0x00, 0x02, 0x00,
    0x00, 0x01, 0x02, 0x00, 0x83, 0xf1, 0x40, 0x3f, 0xf1, 0x83, 0x00, 0x02, 0x01, 0x00,
    0x00, 0x00, 0x00, 0x00, 0x00, 0x10, 0x09, 0x09, 0x10, 0x00, 0x00, 0x00, 0x00, 0x00,
    0x00, 0x00, 0x00, 0x01, 0x03, 0x00, 0x00, 0x00, 0x00, 0x03, 0x01, 0x00, 0x00, 0x00,
};
static const lv_image_dsc_t menu_icon_reset_timer = {
    .header.magic = LV_IMAGE_HEADER_MAGIC,
    .header.cf = LV_COLOR_FORMAT_A8,
    .header.w = 14,
    .header.h = 14,
    .header.stride = 14,
    .data_size = sizeof(menu_icon_reset_timer_data),
    .data = menu_icon_reset_timer_data,
};

/* material-symbols:notifications-active-rounded */
static LV_ATTRIBUTE_MEM_ALIGN LV_ATTRIBUTE_LARGE_CONST
const uint8_t menu_icon_beep_data[] = {
    0x00, 0x00, 0x00, 0x00, 0x00, 0x03, 0x00, 0x00, 0x03, 0x00, 0x00, 0x00, 0x00, 0x00,
    0x01, 0x00, 0x17, 0x84, 0x09, 0x00, 0x8f, 0x8f, 0x00, 0x09, 0x83, 0x17, 0x00, 0x01,
    0x02, 0x01, 0xcb, 0xce, 0x00, 0x53, 0xfd, 0xfd, 0x53, 0x00, 0xce, 0xcb, 0x01, 0x02,
    0x00, 0x57, 0xfa, 0x04, 0x8a, 0xff, 0xfc, 0xfc, 0xff, 0x8b, 0x04, 0xfa, 0x57, 0x00,
    0x00, 0xcb, 0x95, 0x26, 0xff, 0xfb, 0xfe, 0xfe, 0xfb, 0xff, 0x26, 0x96, 0xcb, 0x00,
    0x00, 0x9c, 0x37, 0x6e, 0xfd, 0xfb, 0xff, 0xff, 0xfb, 0xfd, 0x6d, 0x37, 0x9c, 0x00,
    0x00, 0x00, 0x00, 0x81, 0xff, 0xfb, 0xff, 0xff, 0xfb, 0xff, 0x81, 0x00, 0x00, 0x00,
    0x00, 0x06, 0x02, 0x80, 0xff, 0xfb, 0xff, 0xff, 0xfb, 0xff, 0x80, 0x02, 0x06, 0x00,
    0x00, 0x04, 0x00, 0x7b, 0xfe, 0xfa, 0xfe, 0xfe, 0xfa, 0xfe, 0x7b, 0x00, 0x04, 0x00,
    0x00, 0x03, 0x0d, 0x93, 0xff, 0xfe, 0xff, 0xff, 0xfe, 0xff, 0x93, 0x0d, 0x03, 0x00,
    0x03, 0x00, 0x86, 0xf5, 0xf4, 0xf5, 0xe5, 0xe5, 0xf5, 0xf4, 0xf5, 0x86, 0x00, 0x03,
    0x00, 0x00, 0x0f, 0x23, 0x20, 0x31, 0x85, 0x84, 0x31, 0x20, 0x23, 0x0f, 0x00, 0x00,
    0x00, 0x00, 0x00, 0x00, 0x00, 0x05, 0xad, 0xad, 0x05, 0x00, 0x00, 0x00, 0x00, 0x00,
    0x00, 0x00, 0x01, 0x02, 0x02, 0x00, 0x00, 0x00, 0x00, 0x02, 0x02, 0x01, 0x00, 0x00,
};
static const lv_image_dsc_t menu_icon_beep = {
    .header.magic = LV_IMAGE_HEADER_MAGIC,
    .header.cf = LV_COLOR_FORMAT_A8,
    .header.w = 14,
    .header.h = 14,
    .header.stride = 14,
    .data_size = sizeof(menu_icon_beep_data),
    .data = menu_icon_beep_data,
};

/* material-symbols:touch-app-rounded */
static LV_ATTRIBUTE_MEM_ALIGN LV_ATTRIBUTE_LARGE_CONST
const uint8_t menu_icon_keyclick_data[] = {
    0x00, 0x01, 0x00, 0x17, 0x71, 0x6d, 0x11, 0x00, 0x01, 0x00, 0x00, 0x00, 0x00, 0x00,
    0x02, 0x01, 0x33, 0xe9, 0xd5, 0xda, 0xe1, 0x25, 0x01, 0x02, 0x00, 0x00, 0x00, 0x00,
    0x02, 0x01, 0xd2, 0x9f, 0x01, 0x03, 0xb6, 0xbc, 0x00, 0x03, 0x00, 0x00, 0x00, 0x00,
    0x00, 0x07, 0xf7, 0x29, 0x93, 0x7d, 0x40, 0xeb, 0x00, 0x00, 0x01, 0x00, 0x00, 0x00,
    0x02, 0x01, 0xd2, 0x69, 0xa4, 0x92, 0x81, 0xc2, 0x04, 0x06, 0x04, 0x01, 0x00, 0x00,
    0x01, 0x01, 0x23, 0x1a, 0xad, 0x93, 0x0a, 0x0a, 0x00, 0x00, 0x00, 0x00, 0x00, 0x00,
    0x00, 0x00, 0x00, 0x00, 0xa8, 0xd9, 0x89, 0x91, 0x93, 0x94, 0x72, 0x07, 0x00, 0x01,
    0x00, 0x13, 0x80, 0x3d, 0x97, 0xff, 0xff, 0xff, 0xff, 0xff, 0xff, 0x80, 0x00, 0x04,
    0x00, 0x28, 0xff, 0xfc, 0xeb, 0xfe, 0xfa, 0xfb, 0xfb, 0xf8, 0xfc, 0xae, 0x00, 0x03,
    0x03, 0x00, 0x5a, 0xff, 0xff, 0xff, 0xff, 0xff, 0xff, 0xfc, 0xff, 0xa8, 0x00, 0x03,
    0x00, 0x03, 0x00, 0x8f, 0xff, 0xf9, 0xfd, 0xfd, 0xfd, 0xf9, 0xfc, 0xac, 0x00, 0x03,
    0x00, 0x01, 0x03, 0x03, 0xc0, 0xff, 0xff, 0xff, 0xff, 0xff, 0xff, 0x69, 0x00, 0x04,
    0x00, 0x00, 0x02, 0x00, 0x16, 0xa8, 0xca, 0xc9, 0xca, 0xc6, 0x79, 0x02, 0x01, 0x00,
    0x00, 0x00, 0x00, 0x01, 0x00, 0x00, 0x00, 0x00, 0x00, 0x00, 0x00, 0x00, 0x00, 0x00,
};
static const lv_image_dsc_t menu_icon_keyclick = {
    .header.magic = LV_IMAGE_HEADER_MAGIC,
    .header.cf = LV_COLOR_FORMAT_A8,
    .header.w = 14,
    .header.h = 14,
    .header.stride = 14,
    .data_size = sizeof(menu_icon_keyclick_data),
    .data = menu_icon_keyclick_data,
};

/* material-symbols:speaker */
static LV_ATTRIBUTE_MEM_ALIGN LV_ATTRIBUTE_LARGE_CONST
const uint8_t menu_icon_speaker_data[] = {
    0x00, 0x00, 0x00, 0x00, 0x00, 0x00, 0x00, 0x00, 0x00, 0x00, 0x00, 0x00, 0x00, 0x00,
    0x00, 0x01, 0x05, 0x93, 0xcb, 0xc8, 0xce, 0xce, 0xc8, 0xcb, 0x93, 0x05, 0x01, 0x00,
    0x02, 0x00, 0x20, 0xff, 0xff, 0xff, 0xff, 0xff, 0xff, 0xff, 0xff, 0x20, 0x00, 0x02,
    0x02, 0x00, 0x21, 0xf4, 0xfc, 0xe5, 0x1f, 0x1f, 0xe5, 0xfc, 0xf4, 0x21, 0x00, 0x02,
    0x02, 0x00, 0x21, 0xf6, 0xff, 0xdf, 0x00, 0x01, 0xdf, 0xff, 0xf6, 0x21, 0x00, 0x02,
    0x02, 0x00, 0x21, 0xf8, 0xfe, 0xff, 0xee, 0xef, 0xff, 0xfe, 0xf8, 0x21, 0x00, 0x02,
    0x02, 0x00, 0x21, 0xf6, 0xff, 0xe3, 0x78, 0x78, 0xe3, 0xff, 0xf6, 0x21, 0x00, 0x02,
    0x02, 0x00, 0x20, 0xfa, 0xef, 0x1f, 0x32, 0x32, 0x1f, 0xf0, 0xfa, 0x20, 0x00, 0x02,
    0x02, 0x00, 0x1d, 0xff, 0xa7, 0x13, 0xff, 0xff, 0x12, 0xa8, 0xff, 0x1d, 0x00, 0x02,
    0x02, 0x00, 0x1e, 0xfe, 0xc9, 0x01, 0xb6, 0xb6, 0x00, 0xca, 0xfe, 0x1e, 0x00, 0x02,
    0x02, 0x00, 0x21, 0xf4, 0xff, 0x7e, 0x0a, 0x0a, 0x7f, 0xff, 0xf4, 0x21, 0x00, 0x02,
    0x02, 0x00, 0x20, 0xff, 0xff, 0xff, 0xf7, 0xf7, 0xff, 0xff, 0xff, 0x20, 0x00, 0x02,
    0x00, 0x01, 0x05, 0x93, 0xcb, 0xc6, 0xd0, 0xd0, 0xc6, 0xcb, 0x93, 0x04, 0x01, 0x00,
    0x00, 0x00, 0x00, 0x00, 0x00, 0x00, 0x00, 0x00, 0x00, 0x00, 0x00, 0x00, 0x00, 0x00,
};
static const lv_image_dsc_t menu_icon_speaker = {
    .header.magic = LV_IMAGE_HEADER_MAGIC,
    .header.cf = LV_COLOR_FORMAT_A8,
    .header.w = 14,
    .header.h = 14,
    .header.stride = 14,
    .data_size = sizeof(menu_icon_speaker_data),
    .data = menu_icon_speaker_data,
};

/* material-symbols:repeat-on-rounded */
static LV_ATTRIBUTE_MEM_ALIGN LV_ATTRIBUTE_LARGE_CONST
const uint8_t menu_icon_repeat_clicks_data[] = {
    0x06, 0x5e, 0x75, 0x71, 0x70, 0x70, 0x70, 0x71, 0x70, 0x7f, 0x7e, 0x73, 0x5e, 0x06,
    0x5d, 0xff, 0xff, 0xff, 0xff, 0xff, 0xff, 0xff, 0xff, 0xb8, 0xbe, 0xff, 0xff, 0x5d,
    0x76, 0xfd, 0xfc, 0xf5, 0xd9, 0xda, 0xd9, 0xd6, 0xda, 0x6a, 0x00, 0xae, 0xfd, 0x74,
    0x70, 0xff, 0xf2, 0x37, 0x0d, 0x11, 0x0e, 0x0f, 0x0f, 0x25, 0x00, 0x11, 0xfe, 0x73,
    0x70, 0xff, 0xd8, 0x08, 0xbd, 0xdd, 0xda, 0xd9, 0xdd, 0x6e, 0x00, 0xb1, 0xff, 0x70,
    0x70, 0xff, 0xd9, 0x06, 0xe3, 0xff, 0xff, 0xff, 0xff, 0xaa, 0xae, 0xff, 0xff, 0x72,
    0x72, 0xff, 0xf5, 0xaf, 0xf4, 0xfd, 0xfd, 0xfe, 0xfd, 0xff, 0xff, 0xfb, 0xff, 0x72,
    0x72, 0xff, 0xfb, 0xff, 0xff, 0xfd, 0xfe, 0xfd, 0xfd, 0xf4, 0xae, 0xf5, 0xff, 0x72,
    0x72, 0xff, 0xff, 0xae, 0xaa, 0xff, 0xff, 0xff, 0xff, 0xe3, 0x06, 0xd9, 0xff, 0x70,
    0x70, 0xff, 0xb1, 0x00, 0x6d, 0xdd, 0xd9, 0xda, 0xdd, 0xbd, 0x08, 0xd8, 0xff, 0x70,
    0x73, 0xfe, 0x11, 0x00, 0x25, 0x0f, 0x0f, 0x0e, 0x11, 0x0d, 0x38, 0xf2, 0xff, 0x71,
    0x74, 0xfd, 0xaf, 0x00, 0x6a, 0xda, 0xd6, 0xd9, 0xda, 0xd9, 0xf5, 0xfc, 0xfd, 0x76,
    0x5d, 0xff, 0xff, 0xbe, 0xb8, 0xff, 0xff, 0xff, 0xff, 0xff, 0xff, 0xff, 0xff, 0x5d,
    0x06, 0x5e, 0x73, 0x7e, 0x7f, 0x70, 0x71, 0x70, 0x70, 0x70, 0x71, 0x75, 0x5d, 0x06,
};
static const lv_image_dsc_t menu_icon_repeat_clicks = {
    .header.magic = LV_IMAGE_HEADER_MAGIC,
    .header.cf = LV_COLOR_FORMAT_A8,
    .header.w = 14,
    .header.h = 14,
    .header.stride = 14,
    .data_size = sizeof(menu_icon_repeat_clicks_data),
    .data = menu_icon_repeat_clicks_data,
};

/* material-symbols:apps */
static LV_ATTRIBUTE_MEM_ALIGN LV_ATTRIBUTE_LARGE_CONST
const uint8_t menu_icon_apps_data[] = {
    0x00, 0x00, 0x02, 0x04, 0x02, 0x00, 0x04, 0x04, 0x00, 0x02, 0x04, 0x02, 0x00, 0x00,
    0x00, 0x00, 0x00, 0x00, 0x00, 0x00, 0x00, 0x00, 0x00, 0x00, 0x00, 0x00, 0x00, 0x00,
    0x02, 0x00, 0x33, 0x99, 0x32, 0x02, 0x82, 0x82, 0x02, 0x32, 0x99, 0x33, 0x00, 0x02,
    0x04, 0x00, 0xa7, 0xff, 0x9d, 0x17, 0xff, 0xff, 0x17, 0x9e, 0xff, 0xa7, 0x00, 0x04,
    0x02, 0x00, 0x32, 0x90, 0x31, 0x02, 0x7b, 0x7b, 0x02, 0x31, 0x90, 0x32, 0x00, 0x02,
    0x00, 0x00, 0x00, 0x17, 0x00, 0x00, 0x09, 0x09, 0x00, 0x00, 0x17, 0x00, 0x00, 0x00,
    0x03, 0x00, 0x82, 0xff, 0x7b, 0x0f, 0xf2, 0xf2, 0x0f, 0x7c, 0xff, 0x81, 0x00, 0x03,
    0x03, 0x00, 0x82, 0xff, 0x7b, 0x0f, 0xf2, 0xf2, 0x0f, 0x7c, 0xff, 0x81, 0x00, 0x03,
    0x00, 0x00, 0x00, 0x17, 0x00, 0x00, 0x09, 0x09, 0x00, 0x00, 0x17, 0x00, 0x00, 0x00,
    0x02, 0x00, 0x32, 0x90, 0x31, 0x02, 0x7b, 0x7b, 0x02, 0x31, 0x90, 0x32, 0x00, 0x02,
    0x04, 0x00, 0xa7, 0xff, 0x9d, 0x17, 0xff, 0xff, 0x17, 0x9e, 0xff, 0xa7, 0x00, 0x04,
    0x02, 0x00, 0x33, 0x99, 0x32, 0x02, 0x81, 0x81, 0x02, 0x32, 0x99, 0x33, 0x00, 0x02,
    0x00, 0x00, 0x00, 0x00, 0x00, 0x00, 0x00, 0x00, 0x00, 0x00, 0x00, 0x00, 0x00, 0x00,
    0x00, 0x00, 0x02, 0x04, 0x02, 0x00, 0x04, 0x04, 0x00, 0x02, 0x04, 0x02, 0x00, 0x00,
};
static const lv_image_dsc_t menu_icon_apps = {
    .header.magic = LV_IMAGE_HEADER_MAGIC,
    .header.cf = LV_COLOR_FORMAT_A8,
    .header.w = 14,
    .header.h = 14,
    .header.stride = 14,
    .data_size = sizeof(menu_icon_apps_data),
    .data = menu_icon_apps_data,
};

/* material-symbols:lock */
static LV_ATTRIBUTE_MEM_ALIGN LV_ATTRIBUTE_LARGE_CONST
const uint8_t menu_icon_lock_data[] = {
    0x00, 0x00, 0x00, 0x01, 0x00, 0x14, 0x6e, 0x6e, 0x14, 0x00, 0x01, 0x00, 0x00, 0x00,
    0x00, 0x00, 0x02, 0x01, 0x2c, 0xe5, 0xd9, 0xd9, 0xe5, 0x2c, 0x01, 0x02, 0x00, 0x00,
    0x00, 0x00, 0x03, 0x03, 0xc7, 0xb0, 0x00, 0x00, 0xb0, 0xc7, 0x03, 0x03, 0x00, 0x00,
    0x00, 0x01, 0x00, 0x00, 0xea, 0x39, 0x00, 0x00, 0x39, 0xea, 0x00, 0x00, 0x01, 0x00,
    0x01, 0x01, 0x0d, 0x55, 0xf1, 0x87, 0x55, 0x55, 0x87, 0xf1, 0x55, 0x0c, 0x01, 0x01,
    0x03, 0x00, 0x91, 0xff, 0xfd, 0xff, 0xff, 0xff, 0xff, 0xfd, 0xff, 0x90, 0x00, 0x03,
    0x03, 0x00, 0xae, 0xfc, 0xfc, 0xfd, 0xff, 0xff, 0xfd, 0xfc, 0xfc, 0xae, 0x00, 0x03,
    0x03, 0x00, 0xa9, 0xff, 0xfb, 0xff, 0xb9, 0xb9, 0xff, 0xfb, 0xff, 0xa9, 0x00, 0x03,
    0x03, 0x00, 0xaa, 0xff, 0xff, 0xdb, 0x00, 0x00, 0xdb, 0xff, 0xff, 0xaa, 0x00, 0x03,
    0x03, 0x00, 0xaa, 0xff, 0xfd, 0xef, 0x45, 0x45, 0xf0, 0xfd, 0xff, 0xaa, 0x00, 0x03,
    0x03, 0x00, 0xa9, 0xfc, 0xf9, 0xff, 0xff, 0xff, 0xff, 0xf9, 0xfc, 0xa9, 0x00, 0x03,
    0x03, 0x00, 0xb1, 0xff, 0xff, 0xff, 0xff, 0xff, 0xff, 0xff, 0xff, 0xb1, 0x00, 0x03,
    0x02, 0x00, 0x4a, 0xc6, 0xc9, 0xca, 0xca, 0xca, 0xca, 0xc9, 0xc6, 0x4a, 0x00, 0x02,
    0x00, 0x00, 0x00, 0x00, 0x00, 0x00, 0x00, 0x00, 0x00, 0x00, 0x00, 0x00, 0x00, 0x00,
};
static const lv_image_dsc_t menu_icon_lock = {
    .header.magic = LV_IMAGE_HEADER_MAGIC,
    .header.cf = LV_COLOR_FORMAT_A8,
    .header.w = 14,
    .header.h = 14,
    .header.stride = 14,
    .data_size = sizeof(menu_icon_lock_data),
    .data = menu_icon_lock_data,
};

/* material-symbols:palette */
static LV_ATTRIBUTE_MEM_ALIGN LV_ATTRIBUTE_LARGE_CONST
const uint8_t menu_icon_customize_data[] = {
    0x00, 0x00, 0x01, 0x02, 0x00, 0x00, 0x00, 0x00, 0x00, 0x00, 0x00, 0x02, 0x00, 0x00,
    0x00, 0x00, 0x00, 0x00, 0x3d, 0x94, 0xc2, 0xc5, 0xa1, 0x56, 0x02, 0x00, 0x01, 0x00,
    0x01, 0x02, 0x03, 0x97, 0xff, 0xff, 0xff, 0xff, 0xff, 0xff, 0xc2, 0x1c, 0x00, 0x02,
    0x03, 0x00, 0x98, 0xff, 0xe8, 0x8e, 0xe7, 0xe7, 0x8e, 0xe7, 0xff, 0xce, 0x0a, 0x02,
    0x00, 0x3f, 0xff, 0xff, 0xbf, 0x00, 0xb7, 0xb7, 0x00, 0xc0, 0xff, 0xff, 0x6b, 0x00,
    0x00, 0x9e, 0xff, 0xe1, 0xf0, 0xd0, 0xf9, 0xf9, 0xd0, 0xf0, 0xe2, 0xfe, 0xb8, 0x00,
    0x00, 0xca, 0xf8, 0x00, 0x63, 0xff, 0xfd, 0xfd, 0xff, 0x63, 0x00, 0xf8, 0xcd, 0x00,
    0x00, 0xc7, 0xfd, 0x80, 0xb8, 0xfd, 0xfd, 0xfd, 0xfb, 0xb6, 0x7c, 0xfe, 0xb1, 0x00,
    0x00, 0x9f, 0xfe, 0xff, 0xff, 0xff, 0xff, 0xff, 0xff, 0xff, 0xff, 0xff, 0x42, 0x00,
    0x00, 0x41, 0xff, 0xf6, 0xfc, 0xff, 0xff, 0xfd, 0xde, 0xd7, 0xb2, 0x42, 0x00, 0x02,
    0x02, 0x00, 0x9f, 0xff, 0xfb, 0xfb, 0xfb, 0xf8, 0x3c, 0x05, 0x00, 0x00, 0x01, 0x00,
    0x01, 0x02, 0x05, 0x9e, 0xff, 0xff, 0xff, 0xff, 0x72, 0x00, 0x06, 0x03, 0x00, 0x00,
    0x00, 0x01, 0x00, 0x00, 0x44, 0x9c, 0xc3, 0xb4, 0x21, 0x01, 0x02, 0x00, 0x00, 0x00,
    0x00, 0x00, 0x01, 0x02, 0x00, 0x00, 0x00, 0x00, 0x00, 0x00, 0x00, 0x00, 0x00, 0x00,
};
static const lv_image_dsc_t menu_icon_customize = {
    .header.magic = LV_IMAGE_HEADER_MAGIC,
    .header.cf = LV_COLOR_FORMAT_A8,
    .header.w = 14,
    .header.h = 14,
    .header.stride = 14,
    .data_size = sizeof(menu_icon_customize_data),
    .data = menu_icon_customize_data,
};

/* material-symbols:fitness-center-rounded */
static LV_ATTRIBUTE_MEM_ALIGN LV_ATTRIBUTE_LARGE_CONST
const uint8_t menu_icon_workout_data[] = {
    0x00, 0x00, 0x00, 0x00, 0x00, 0x00, 0x00, 0x00, 0x00, 0x00, 0x00, 0x00, 0x00, 0x00,
    0x00, 0x05, 0x16, 0x0b, 0x64, 0x49, 0x5c, 0x00, 0x02, 0x00, 0x00, 0x00, 0x00, 0x00,
    0x00, 0x18, 0xd6, 0xd0, 0xff, 0xff, 0x89, 0x00, 0x03, 0x00, 0x00, 0x00, 0x00, 0x00,
    0x02, 0x11, 0xd2, 0xff, 0xf8, 0x7d, 0x00, 0x02, 0x00, 0x00, 0x00, 0x00, 0x00, 0x00,
    0x00, 0x64, 0xff, 0xff, 0xff, 0x54, 0x00, 0x05, 0x00, 0x00, 0x00, 0x00, 0x00, 0x00,
    0x00, 0x4a, 0xff, 0x7d, 0x54, 0xff, 0x5c, 0x00, 0x05, 0x00, 0x00, 0x03, 0x02, 0x00,
    0x00, 0x5c, 0x87, 0x00, 0x00, 0x5b, 0xff, 0x5a, 0x00, 0x05, 0x01, 0x00, 0x00, 0x00,
    0x00, 0x00, 0x00, 0x01, 0x05, 0x00, 0x5a, 0xff, 0x5b, 0x00, 0x00, 0x88, 0x5c, 0x00,
    0x00, 0x02, 0x03, 0x00, 0x00, 0x05, 0x00, 0x5a, 0xff, 0x56, 0x7c, 0xff, 0x4b, 0x00,
    0x00, 0x00, 0x00, 0x00, 0x00, 0x00, 0x05, 0x00, 0x54, 0xff, 0xff, 0xff, 0x65, 0x00,
    0x00, 0x00, 0x00, 0x00, 0x00, 0x00, 0x02, 0x00, 0x7c, 0xf8, 0xff, 0xd3, 0x11, 0x01,
    0x00, 0x00, 0x00, 0x00, 0x00, 0x03, 0x00, 0x89, 0xff, 0xff, 0xd0, 0xd6, 0x17, 0x00,
    0x00, 0x00, 0x00, 0x00, 0x00, 0x02, 0x00, 0x5c, 0x4a, 0x64, 0x0b, 0x16, 0x05, 0x00,
    0x00, 0x00, 0x00, 0x00, 0x00, 0x00, 0x00, 0x00, 0x00, 0x00, 0x00, 0x00, 0x00, 0x00,
};
static const lv_image_dsc_t menu_icon_workout = {
    .header.magic = LV_IMAGE_HEADER_MAGIC,
    .header.cf = LV_COLOR_FORMAT_A8,
    .header.w = 14,
    .header.h = 14,
    .header.stride = 14,
    .data_size = sizeof(menu_icon_workout_data),
    .data = menu_icon_workout_data,
};

/* material-symbols:menu-book-rounded */
static LV_ATTRIBUTE_MEM_ALIGN LV_ATTRIBUTE_LARGE_CONST
const uint8_t menu_icon_book_data[] = {
    0x00, 0x03, 0x04, 0x03, 0x04, 0x04, 0x02, 0x02, 0x04, 0x04, 0x03, 0x04, 0x03, 0x00,
    0x00, 0x00, 0x00, 0x00, 0x00, 0x00, 0x00, 0x00, 0x00, 0x00, 0x00, 0x00, 0x00, 0x00,
    0x02, 0x3b, 0x84, 0xa6, 0x9b, 0x6a, 0x19, 0x1a, 0x78, 0xb1, 0xbc, 0x96, 0x3c, 0x01,
    0x5f, 0xff, 0xff, 0xff, 0xff, 0xff, 0xec, 0xea, 0xca, 0x8c, 0x80, 0xae, 0xfb, 0x61,
    0x76, 0xfe, 0xf8, 0xfc, 0xfb, 0xf8, 0xff, 0xa1, 0x46, 0x87, 0x8a, 0x37, 0xc2, 0x87,
    0x71, 0xff, 0xfc, 0xff, 0xff, 0xfb, 0xfe, 0x8b, 0x5e, 0x89, 0x7b, 0x40, 0xc3, 0x82,
    0x72, 0xff, 0xfc, 0xff, 0xff, 0xfb, 0xff, 0x8f, 0x66, 0xa7, 0xa2, 0x50, 0xc1, 0x83,
    0x72, 0xff, 0xfc, 0xff, 0xff, 0xfb, 0xff, 0x90, 0x53, 0x8a, 0x89, 0x3e, 0xc4, 0x83,
    0x72, 0xfe, 0xf9, 0xfb, 0xfb, 0xf8, 0xff, 0x8a, 0x62, 0x85, 0x7b, 0x37, 0xbd, 0x84,
    0x73, 0xff, 0xff, 0xff, 0xff, 0xff, 0xfd, 0xa4, 0x62, 0x9b, 0xa5, 0x7f, 0xe1, 0x7d,
    0x6c, 0xf5, 0xae, 0x83, 0x90, 0xcc, 0xff, 0xff, 0xdb, 0xa4, 0x97, 0xc3, 0xf8, 0x6b,
    0x0e, 0x20, 0x00, 0x00, 0x00, 0x00, 0x44, 0x44, 0x00, 0x00, 0x00, 0x00, 0x1f, 0x0e,
    0x00, 0x00, 0x02, 0x04, 0x04, 0x00, 0x00, 0x00, 0x00, 0x04, 0x04, 0x02, 0x00, 0x00,
    0x01, 0x02, 0x00, 0x00, 0x00, 0x01, 0x03, 0x03, 0x00, 0x00, 0x00, 0x00, 0x02, 0x01,
};
static const lv_image_dsc_t menu_icon_book = {
    .header.magic = LV_IMAGE_HEADER_MAGIC,
    .header.cf = LV_COLOR_FORMAT_A8,
    .header.w = 14,
    .header.h = 14,
    .header.stride = 14,
    .data_size = sizeof(menu_icon_book_data),
    .data = menu_icon_book_data,
};

/* material-symbols:edit-note-rounded */
static LV_ATTRIBUTE_MEM_ALIGN LV_ATTRIBUTE_LARGE_CONST
const uint8_t menu_icon_note_data[] = {
    0x00, 0x00, 0x02, 0x03, 0x03, 0x03, 0x03, 0x03, 0x03, 0x00, 0x00, 0x00, 0x00, 0x00,
    0x00, 0x00, 0x00, 0x00, 0x00, 0x00, 0x00, 0x00, 0x00, 0x00, 0x00, 0x00, 0x00, 0x00,
    0x03, 0x00, 0x69, 0xc3, 0xbe, 0xc0, 0xbe, 0xc3, 0x79, 0x00, 0x03, 0x00, 0x00, 0x00,
    0x02, 0x00, 0x43, 0x7d, 0x7b, 0x7d, 0x7b, 0x7d, 0x4d, 0x00, 0x02, 0x00, 0x00, 0x00,
    0x01, 0x00, 0x26, 0x4c, 0x4a, 0x4b, 0x49, 0x4b, 0x2b, 0x00, 0x03, 0x04, 0x01, 0x00,
    0x03, 0x00, 0x7c, 0xdc, 0xd8, 0xdc, 0xdd, 0xe1, 0x8f, 0x02, 0x00, 0x00, 0x00, 0x00,
    0x00, 0x00, 0x00, 0x0b, 0x0b, 0x0b, 0x00, 0x00, 0x00, 0x00, 0x27, 0x8e, 0x11, 0x00,
    0x04, 0x00, 0x87, 0xf2, 0xeb, 0xf0, 0x4d, 0x01, 0x00, 0x2b, 0xd5, 0xb4, 0xb3, 0x00,
    0x01, 0x00, 0x1a, 0x37, 0x35, 0x35, 0x10, 0x00, 0x28, 0xe4, 0xfc, 0xd2, 0x83, 0x00,
    0x00, 0x00, 0x00, 0x00, 0x00, 0x00, 0x00, 0x24, 0xdf, 0xff, 0xff, 0x95, 0x00, 0x02,
    0x00, 0x00, 0x01, 0x02, 0x02, 0x07, 0x00, 0x75, 0xff, 0xff, 0x8a, 0x00, 0x03, 0x01,
    0x00, 0x00, 0x00, 0x00, 0x00, 0x02, 0x00, 0x33, 0xaa, 0x75, 0x00, 0x03, 0x01, 0x00,
    0x00, 0x00, 0x00, 0x00, 0x00, 0x00, 0x00, 0x00, 0x00, 0x00, 0x01, 0x00, 0x00, 0x00,
    0x00, 0x00, 0x00, 0x00, 0x00, 0x00, 0x00, 0x02, 0x03, 0x03, 0x00, 0x00, 0x00, 0x00,
};
static const lv_image_dsc_t menu_icon_note = {
    .header.magic = LV_IMAGE_HEADER_MAGIC,
    .header.cf = LV_COLOR_FORMAT_A8,
    .header.w = 14,
    .header.h = 14,
    .header.stride = 14,
    .data_size = sizeof(menu_icon_note_data),
    .data = menu_icon_note_data,
};

/* material-symbols:schedule-rounded */
static LV_ATTRIBUTE_MEM_ALIGN LV_ATTRIBUTE_LARGE_CONST
const uint8_t menu_icon_clock_data[] = {
    0x00, 0x00, 0x01, 0x02, 0x00, 0x00, 0x00, 0x00, 0x00, 0x00, 0x02, 0x01, 0x00, 0x00,
    0x00, 0x01, 0x00, 0x00, 0x46, 0x9d, 0xc4, 0xc4, 0x9d, 0x45, 0x00, 0x00, 0x01, 0x00,
    0x01, 0x02, 0x06, 0xa1, 0xff, 0xff, 0xff, 0xff, 0xff, 0xff, 0xa2, 0x06, 0x02, 0x01,
    0x02, 0x00, 0xa2, 0xff, 0xfb, 0xfb, 0xff, 0xff, 0xfb, 0xfb, 0xff, 0xa2, 0x00, 0x02,
    0x00, 0x42, 0xff, 0xfa, 0xfb, 0xff, 0x7f, 0x7f, 0xff, 0xfb, 0xfa, 0xff, 0x43, 0x00,
    0x00, 0xa0, 0xfe, 0xfb, 0xfb, 0xff, 0x53, 0x54, 0xfd, 0xfb, 0xfb, 0xfe, 0xa0, 0x00,
    0x00, 0xc6, 0xff, 0xfc, 0xfb, 0xff, 0x54, 0x52, 0xff, 0xfa, 0xfc, 0xff, 0xc6, 0x00,
    0x00, 0xc6, 0xff, 0xfc, 0xfc, 0xff, 0xb0, 0x03, 0xa5, 0xff, 0xfa, 0xff, 0xc5, 0x00,
    0x00, 0xa0, 0xfe, 0xfb, 0xff, 0xfd, 0xff, 0xa4, 0x00, 0xaf, 0xfe, 0xfe, 0x9f, 0x00,
    0x00, 0x43, 0xff, 0xfa, 0xfe, 0xff, 0xfc, 0xff, 0xb1, 0xc2, 0xfc, 0xff, 0x42, 0x00,
    0x02, 0x00, 0xa3, 0xff, 0xfb, 0xfb, 0xfd, 0xfa, 0xff, 0xff, 0xff, 0xa2, 0x00, 0x02,
    0x01, 0x02, 0x06, 0xa1, 0xff, 0xff, 0xff, 0xff, 0xff, 0xff, 0xa1, 0x06, 0x02, 0x01,
    0x00, 0x01, 0x00, 0x00, 0x45, 0x9d, 0xc4, 0xc4, 0x9d, 0x45, 0x00, 0x00, 0x01, 0x00,
    0x00, 0x00, 0x01, 0x02, 0x00, 0x00, 0x00, 0x00, 0x00, 0x00, 0x02, 0x01, 0x00, 0x00,
};
static const lv_image_dsc_t menu_icon_clock = {
    .header.magic = LV_IMAGE_HEADER_MAGIC,
    .header.cf = LV_COLOR_FORMAT_A8,
    .header.w = 14,
    .header.h = 14,
    .header.stride = 14,
    .data_size = sizeof(menu_icon_clock_data),
    .data = menu_icon_clock_data,
};

/* material-symbols:contacts-rounded */
static LV_ATTRIBUTE_MEM_ALIGN LV_ATTRIBUTE_LARGE_CONST
const uint8_t menu_icon_contact_data[] = {
    0x02, 0x03, 0x48, 0x86, 0x82, 0x84, 0x84, 0x84, 0x84, 0x82, 0x86, 0x48, 0x03, 0x02,
    0x03, 0x00, 0x62, 0xbe, 0xba, 0xbd, 0xbd, 0xbd, 0xbd, 0xba, 0xbe, 0x62, 0x00, 0x03,
    0x00, 0x4a, 0x9d, 0x99, 0x9a, 0x99, 0x9a, 0x9a, 0x99, 0x9a, 0x99, 0x9d, 0x4a, 0x00,
    0x00, 0xcf, 0xff, 0xff, 0xff, 0xff, 0xff, 0xff, 0xff, 0xff, 0xff, 0xff, 0xce, 0x00,
    0x00, 0xc9, 0xfc, 0xf8, 0xfb, 0xca, 0x31, 0x31, 0xcb, 0xfb, 0xf8, 0xfc, 0xc9, 0x00,
    0x00, 0xca, 0xff, 0xf9, 0xff, 0x46, 0x00, 0x00, 0x47, 0xff, 0xf9, 0xff, 0xca, 0x00,
    0x00, 0xca, 0xff, 0xfa, 0xff, 0x69, 0x00, 0x00, 0x69, 0xff, 0xf9, 0xff, 0xca, 0x00,
    0x00, 0xca, 0xff, 0xfb, 0xfc, 0xf9, 0x8f, 0x8f, 0xf9, 0xfc, 0xfb, 0xff, 0xca, 0x00,
    0x00, 0xca, 0xff, 0xff, 0xff, 0xf3, 0xd9, 0xd9, 0xf3, 0xff, 0xff, 0xff, 0xca, 0x00,
    0x00, 0xc8, 0xfc, 0xe9, 0x68, 0x00, 0x00, 0x00, 0x00, 0x67, 0xe9, 0xfc, 0xc8, 0x00,
    0x00, 0xcd, 0xff, 0xdb, 0x84, 0x8e, 0x93, 0x93, 0x8e, 0x84, 0xdb, 0xff, 0xcd, 0x00,
    0x00, 0x4a, 0x9d, 0x9f, 0xb1, 0xaf, 0xae, 0xae, 0xaf, 0xb1, 0x9f, 0x9d, 0x4a, 0x00,
    0x03, 0x00, 0x62, 0xbc, 0xb6, 0xb9, 0xb9, 0xb9, 0xb9, 0xb6, 0xbc, 0x62, 0x00, 0x03,
    0x02, 0x03, 0x48, 0x86, 0x82, 0x84, 0x84, 0x84, 0x84, 0x82, 0x86, 0x47, 0x03, 0x02,
};
static const lv_image_dsc_t menu_icon_contact = {
    .header.magic = LV_IMAGE_HEADER_MAGIC,
    .header.cf = LV_COLOR_FORMAT_A8,
    .header.w = 14,
    .header.h = 14,
    .header.stride = 14,
    .data_size = sizeof(menu_icon_contact_data),
    .data = menu_icon_contact_data,
};

/* material-symbols:calendar-month-rounded */
static LV_ATTRIBUTE_MEM_ALIGN LV_ATTRIBUTE_LARGE_CONST
const uint8_t menu_icon_calendar_data[] = {
    0x00, 0x00, 0x04, 0x00, 0x00, 0x03, 0x03, 0x03, 0x03, 0x00, 0x00, 0x04, 0x00, 0x00,
    0x00, 0x01, 0x00, 0x5c, 0x7e, 0x00, 0x00, 0x00, 0x00, 0x7e, 0x5c, 0x00, 0x01, 0x00,
    0x01, 0x09, 0x85, 0xe4, 0xf2, 0xa8, 0xab, 0xab, 0xa8, 0xf2, 0xe4, 0x85, 0x09, 0x01,
    0x00, 0x3c, 0xff, 0xff, 0xfe, 0xff, 0xff, 0xff, 0xff, 0xfe, 0xff, 0xff, 0x3c, 0x00,
    0x00, 0x41, 0xfc, 0xff, 0xff, 0xff, 0xff, 0xff, 0xff, 0xff, 0xff, 0xfc, 0x41, 0x00,
    0x00, 0x41, 0xfc, 0xcd, 0xcb, 0xce, 0xcc, 0xcc, 0xce, 0xcb, 0xcd, 0xfc, 0x41, 0x00,
    0x00, 0x48, 0xeb, 0x02, 0x06, 0x00, 0x03, 0x03, 0x00, 0x06, 0x02, 0xeb, 0x48, 0x00,
    0x00, 0x48, 0xea, 0x04, 0xbe, 0x23, 0x7a, 0x7a, 0x23, 0xbe, 0x04, 0xea, 0x48, 0x00,
    0x00, 0x48, 0xeb, 0x04, 0x12, 0x03, 0x0b, 0x0b, 0x03, 0x12, 0x04, 0xeb, 0x48, 0x00,
    0x00, 0x48, 0xeb, 0x07, 0x8b, 0x1c, 0x5b, 0x5b, 0x1d, 0x8b, 0x07, 0xeb, 0x48, 0x00,
    0x00, 0x48, 0xe6, 0x00, 0x5b, 0x02, 0x34, 0x34, 0x02, 0x5b, 0x00, 0xe6, 0x48, 0x00,
    0x00, 0x46, 0xff, 0x64, 0x4e, 0x5e, 0x55, 0x55, 0x5e, 0x4e, 0x64, 0xff, 0x46, 0x00,
    0x01, 0x10, 0xac, 0xd8, 0xda, 0xd9, 0xda, 0xda, 0xd9, 0xda, 0xd8, 0xac, 0x10, 0x01,
    0x00, 0x00, 0x00, 0x00, 0x00, 0x00, 0x00, 0x00, 0x00, 0x00, 0x00, 0x00, 0x00, 0x00,
};
static const lv_image_dsc_t menu_icon_calendar = {
    .header.magic = LV_IMAGE_HEADER_MAGIC,
    .header.cf = LV_COLOR_FORMAT_A8,
    .header.w = 14,
    .header.h = 14,
    .header.stride = 14,
    .data_size = sizeof(menu_icon_calendar_data),
    .data = menu_icon_calendar_data,
};

/* material-symbols:timer-rounded */
static LV_ATTRIBUTE_MEM_ALIGN LV_ATTRIBUTE_LARGE_CONST
const uint8_t menu_icon_stopwatch_data[] = {
    0x00, 0x00, 0x00, 0x02, 0x02, 0x53, 0x86, 0x87, 0x53, 0x01, 0x02, 0x01, 0x00, 0x00,
    0x00, 0x00, 0x00, 0x05, 0x00, 0x6f, 0xbc, 0xbc, 0x6f, 0x00, 0x02, 0x00, 0x00, 0x00,
    0x00, 0x00, 0x02, 0x00, 0x18, 0x63, 0x90, 0x8f, 0x63, 0x15, 0x00, 0x14, 0x00, 0x00,
    0x00, 0x02, 0x00, 0x53, 0xe9, 0xff, 0xff, 0xff, 0xff, 0xe0, 0xc8, 0x90, 0x00, 0x03,
    0x03, 0x00, 0x3e, 0xfe, 0xff, 0xfa, 0xd5, 0xd5, 0xfb, 0xff, 0xff, 0x57, 0x00, 0x04,
    0x02, 0x02, 0xcb, 0xff, 0xf7, 0xff, 0x57, 0x57, 0xff, 0xf7, 0xfd, 0xc7, 0x02, 0x02,
    0x00, 0x28, 0xfe, 0xfe, 0xfb, 0xff, 0x57, 0x57, 0xff, 0xfb, 0xff, 0xfe, 0x26, 0x00,
    0x00, 0x41, 0xfe, 0xfd, 0xfb, 0xff, 0x63, 0x63, 0xff, 0xfb, 0xfd, 0xfe, 0x40, 0x00,
    0x00, 0x2f, 0xff, 0xfe, 0xfe, 0xff, 0xec, 0xec, 0xff, 0xfe, 0xfe, 0xff, 0x2f, 0x00,
    0x01, 0x06, 0xdb, 0xfe, 0xfc, 0xff, 0xff, 0xff, 0xff, 0xfc, 0xfe, 0xda, 0x06, 0x01,
    0x03, 0x00, 0x56, 0xff, 0xfd, 0xfb, 0xfb, 0xfb, 0xfb, 0xfd, 0xff, 0x56, 0x00, 0x03,
    0x00, 0x02, 0x00, 0x76, 0xfe, 0xff, 0xff, 0xff, 0xff, 0xfe, 0x76, 0x00, 0x02, 0x00,
    0x00, 0x00, 0x02, 0x00, 0x35, 0x96, 0xc3, 0xc4, 0x96, 0x35, 0x00, 0x02, 0x00, 0x00,
    0x00, 0x00, 0x00, 0x03, 0x00, 0x00, 0x00, 0x00, 0x00, 0x00, 0x03, 0x00, 0x00, 0x00,
};
static const lv_image_dsc_t menu_icon_stopwatch = {
    .header.magic = LV_IMAGE_HEADER_MAGIC,
    .header.cf = LV_COLOR_FORMAT_A8,
    .header.w = 14,
    .header.h = 14,
    .header.stride = 14,
    .data_size = sizeof(menu_icon_stopwatch_data),
    .data = menu_icon_stopwatch_data,
};

/* material-symbols:grid-view-rounded */
static LV_ATTRIBUTE_MEM_ALIGN LV_ATTRIBUTE_LARGE_CONST
const uint8_t menu_icon_more_data[] = {
    0x00, 0x01, 0x00, 0x00, 0x00, 0x00, 0x00, 0x00, 0x00, 0x00, 0x00, 0x00, 0x01, 0x00,
    0x01, 0x00, 0x28, 0x40, 0x40, 0x32, 0x00, 0x00, 0x32, 0x40, 0x40, 0x28, 0x00, 0x01,
    0x00, 0x29, 0xf9, 0xff, 0xff, 0xff, 0x3e, 0x3e, 0xff, 0xff, 0xff, 0xf9, 0x29, 0x00,
    0x00, 0x43, 0xff, 0xfa, 0xf8, 0xff, 0x5c, 0x5c, 0xfe, 0xf8, 0xfa, 0xff, 0x43, 0x00,
    0x00, 0x42, 0xfd, 0xf9, 0xf7, 0xfc, 0x5b, 0x5b, 0xfc, 0xf7, 0xf9, 0xfd, 0x42, 0x00,
    0x00, 0x32, 0xff, 0xff, 0xff, 0xff, 0x4a, 0x4a, 0xff, 0xff, 0xff, 0xff, 0x31, 0x00,
    0x01, 0x00, 0x3e, 0x5b, 0x5b, 0x49, 0x03, 0x03, 0x49, 0x5b, 0x5b, 0x3e, 0x00, 0x01,
    0x01, 0x00, 0x3e, 0x5b, 0x5b, 0x49, 0x03, 0x03, 0x49, 0x5b, 0x5b, 0x3e, 0x00, 0x01,
    0x00, 0x32, 0xff, 0xff, 0xff, 0xff, 0x4a, 0x4a, 0xff, 0xff, 0xff, 0xff, 0x32, 0x00,
    0x00, 0x42, 0xfd, 0xf9, 0xf7, 0xfc, 0x5b, 0x5b, 0xfc, 0xf7, 0xf9, 0xfd, 0x42, 0x00,
    0x00, 0x43, 0xff, 0xfa, 0xf8, 0xff, 0x5c, 0x5c, 0xff, 0xf8, 0xfa, 0xff, 0x43, 0x00,
    0x00, 0x29, 0xf9, 0xff, 0xff, 0xff, 0x3e, 0x3e, 0xff, 0xff, 0xff, 0xf9, 0x29, 0x00,
    0x01, 0x00, 0x28, 0x40, 0x40, 0x32, 0x00, 0x00, 0x32, 0x40, 0x40, 0x28, 0x00, 0x01,
    0x00, 0x01, 0x00, 0x00, 0x00, 0x00, 0x00, 0x00, 0x00, 0x00, 0x00, 0x00, 0x01, 0x00,
};
static const lv_image_dsc_t menu_icon_more = {
    .header.magic = LV_IMAGE_HEADER_MAGIC,
    .header.cf = LV_COLOR_FORMAT_A8,
    .header.w = 14,
    .header.h = 14,
    .header.stride = 14,
    .data_size = sizeof(menu_icon_more_data),
    .data = menu_icon_more_data,
};

/* material-symbols:settings-rounded */
static LV_ATTRIBUTE_MEM_ALIGN LV_ATTRIBUTE_LARGE_CONST
const uint8_t menu_icon_settings_data[] = {
    0x00, 0x00, 0x01, 0x01, 0x00, 0x00, 0x00, 0x00, 0x00, 0x00, 0x01, 0x01, 0x00, 0x00,
    0x00, 0x00, 0x00, 0x00, 0x02, 0x5a, 0xc9, 0xc9, 0x59, 0x02, 0x00, 0x00, 0x00, 0x00,
    0x01, 0x00, 0x00, 0x0d, 0x00, 0xcb, 0xff, 0xff, 0xcb, 0x00, 0x0d, 0x00, 0x00, 0x01,
    0x02, 0x00, 0xa8, 0xe3, 0xb1, 0xf5, 0xff, 0xff, 0xf5, 0xb1, 0xe3, 0xa8, 0x00, 0x02,
    0x00, 0x53, 0xff, 0xff, 0xff, 0xff, 0xf3, 0xf1, 0xff, 0xff, 0xff, 0xff, 0x52, 0x00,
    0x00, 0x71, 0xff, 0xf7, 0xfd, 0xa8, 0x1a, 0x18, 0x9f, 0xfe, 0xf7, 0xff, 0x71, 0x00,
    0x03, 0x02, 0x8e, 0xff, 0xf2, 0x16, 0x00, 0x00, 0x0d, 0xea, 0xff, 0x8e, 0x03, 0x03,
    0x03, 0x02, 0x8e, 0xff, 0xf2, 0x17, 0x00, 0x00, 0x0d, 0xea, 0xff, 0x8d, 0x02, 0x03,
    0x00, 0x71, 0xff, 0xf7, 0xfd, 0xa8, 0x1a, 0x18, 0x9f, 0xfe, 0xf8, 0xff, 0x6e, 0x00,
    0x00, 0x52, 0xff, 0xff, 0xff, 0xff, 0xf3, 0xf1, 0xff, 0xff, 0xff, 0xff, 0x4f, 0x00,
    0x02, 0x00, 0xa8, 0xe3, 0xb1, 0xf5, 0xff, 0xff, 0xf5, 0xb2, 0xe4, 0xa3, 0x00, 0x02,
    0x01, 0x00, 0x00, 0x0d, 0x00, 0xcb, 0xff, 0xff, 0xcb, 0x00, 0x0e, 0x00, 0x00, 0x01,
    0x00, 0x00, 0x00, 0x00, 0x02, 0x59, 0xc9, 0xc9, 0x5a, 0x02, 0x00, 0x00, 0x00, 0x00,
    0x00, 0x00, 0x01, 0x01, 0x00, 0x00, 0x00, 0x00, 0x00, 0x00, 0x01, 0x01, 0x00, 0x00,
};
static const lv_image_dsc_t menu_icon_settings = {
    .header.magic = LV_IMAGE_HEADER_MAGIC,
    .header.cf = LV_COLOR_FORMAT_A8,
    .header.w = 14,
    .header.h = 14,
    .header.stride = 14,
    .data_size = sizeof(menu_icon_settings_data),
    .data = menu_icon_settings_data,
};

/* material-symbols:visibility-rounded */
static LV_ATTRIBUTE_MEM_ALIGN LV_ATTRIBUTE_LARGE_CONST
const uint8_t menu_icon_visibility_data[] = {
    0x00, 0x00, 0x00, 0x00, 0x02, 0x04, 0x03, 0x03, 0x04, 0x02, 0x00, 0x00, 0x00, 0x00,
    0x00, 0x00, 0x01, 0x02, 0x00, 0x00, 0x00, 0x00, 0x00, 0x00, 0x02, 0x01, 0x00, 0x00,
    0x00, 0x01, 0x00, 0x00, 0x31, 0x78, 0xa2, 0xa2, 0x78, 0x31, 0x00, 0x00, 0x01, 0x00,
    0x02, 0x00, 0x0f, 0x9e, 0xfc, 0xff, 0xff, 0xff, 0xff, 0xfd, 0x9f, 0x0f, 0x00, 0x02,
    0x01, 0x11, 0xcb, 0xff, 0xff, 0x8b, 0x22, 0x22, 0x8b, 0xff, 0xff, 0xcb, 0x11, 0x01,
    0x02, 0xaa, 0xff, 0xfc, 0xa9, 0x0d, 0xb4, 0xb4, 0x0d, 0xa9, 0xfc, 0xff, 0xaa, 0x02,
    0x3b, 0xff, 0xf9, 0xff, 0x4d, 0x82, 0xff, 0xff, 0x81, 0x4d, 0xff, 0xf9, 0xff, 0x3a,
    0x18, 0xe2, 0xfe, 0xfe, 0x75, 0x3c, 0xff, 0xff, 0x3b, 0x75, 0xfe, 0xfe, 0xe1, 0x18,
    0x00, 0x46, 0xff, 0xff, 0xe9, 0x32, 0x28, 0x29, 0x32, 0xea, 0xff, 0xff, 0x46, 0x00,
    0x03, 0x00, 0x53, 0xed, 0xff, 0xff, 0xb0, 0xb0, 0xff, 0xff, 0xee, 0x53, 0x00, 0x03,
    0x00, 0x03, 0x00, 0x21, 0x8f, 0xda, 0xff, 0xff, 0xda, 0x90, 0x21, 0x00, 0x03, 0x00,
    0x00, 0x00, 0x03, 0x00, 0x00, 0x04, 0x17, 0x17, 0x04, 0x00, 0x00, 0x03, 0x00, 0x00,
    0x00, 0x00, 0x00, 0x02, 0x03, 0x00, 0x00, 0x00, 0x00, 0x03, 0x02, 0x00, 0x00, 0x00,
    0x00, 0x00, 0x00, 0x00, 0x00, 0x01, 0x02, 0x02, 0x01, 0x00, 0x00, 0x00, 0x00, 0x00,
};
static const lv_image_dsc_t menu_icon_visibility = {
    .header.magic = LV_IMAGE_HEADER_MAGIC,
    .header.cf = LV_COLOR_FORMAT_A8,
    .header.w = 14,
    .header.h = 14,
    .header.stride = 14,
    .data_size = sizeof(menu_icon_visibility_data),
    .data = menu_icon_visibility_data,
};

/* material-symbols:arrow-upward-rounded */
static LV_ATTRIBUTE_MEM_ALIGN LV_ATTRIBUTE_LARGE_CONST
const uint8_t menu_icon_move_up_data[] = {
    0x00, 0x00, 0x00, 0x00, 0x00, 0x00, 0x03, 0x03, 0x00, 0x00, 0x00, 0x00, 0x00, 0x00,
    0x00, 0x00, 0x00, 0x00, 0x00, 0x02, 0x00, 0x00, 0x02, 0x00, 0x00, 0x00, 0x00, 0x00,
    0x00, 0x00, 0x00, 0x00, 0x04, 0x00, 0x35, 0x36, 0x00, 0x04, 0x00, 0x00, 0x00, 0x00,
    0x00, 0x00, 0x00, 0x04, 0x00, 0x3a, 0xf9, 0xfb, 0x3b, 0x00, 0x04, 0x00, 0x00, 0x00,
    0x00, 0x00, 0x03, 0x00, 0x3d, 0xf7, 0xea, 0xea, 0xf8, 0x3e, 0x00, 0x03, 0x00, 0x00,
    0x00, 0x02, 0x00, 0x39, 0xff, 0x6e, 0x9b, 0x9a, 0x6c, 0xff, 0x3a, 0x00, 0x02, 0x00,
    0x03, 0x01, 0x39, 0xff, 0x83, 0x00, 0xa7, 0xa7, 0x00, 0x82, 0xff, 0x38, 0x01, 0x03,
    0x02, 0x00, 0x3c, 0x6c, 0x00, 0x02, 0xa7, 0xa7, 0x03, 0x00, 0x6b, 0x3a, 0x00, 0x02,
    0x00, 0x00, 0x00, 0x00, 0x06, 0x00, 0xa6, 0xa6, 0x00, 0x06, 0x00, 0x00, 0x00, 0x00,
    0x00, 0x00, 0x02, 0x03, 0x04, 0x00, 0xa4, 0xa4, 0x00, 0x04, 0x03, 0x02, 0x00, 0x00,
    0x00, 0x00, 0x00, 0x00, 0x04, 0x00, 0xb0, 0xb0, 0x00, 0x04, 0x00, 0x00, 0x00, 0x00,
    0x00, 0x00, 0x00, 0x00, 0x02, 0x00, 0x5b, 0x5b, 0x00, 0x02, 0x00, 0x00, 0x00, 0x00,
    0x00, 0x00, 0x00, 0x00, 0x00, 0x00, 0x00, 0x00, 0x00, 0x00, 0x00, 0x00, 0x00, 0x00,
    0x00, 0x00, 0x00, 0x00, 0x00, 0x00, 0x02, 0x02, 0x00, 0x00, 0x00, 0x00, 0x00, 0x00,
};
static const lv_image_dsc_t menu_icon_move_up = {
    .header.magic = LV_IMAGE_HEADER_MAGIC,
    .header.cf = LV_COLOR_FORMAT_A8,
    .header.w = 14,
    .header.h = 14,
    .header.stride = 14,
    .data_size = sizeof(menu_icon_move_up_data),
    .data = menu_icon_move_up_data,
};

/* material-symbols:arrow-downward-rounded */
static LV_ATTRIBUTE_MEM_ALIGN LV_ATTRIBUTE_LARGE_CONST
const uint8_t menu_icon_move_down_data[] = {
    0x00, 0x00, 0x00, 0x00, 0x00, 0x00, 0x02, 0x02, 0x00, 0x00, 0x00, 0x00, 0x00, 0x00,
    0x00, 0x00, 0x00, 0x00, 0x00, 0x00, 0x00, 0x00, 0x00, 0x00, 0x00, 0x00, 0x00, 0x00,
    0x00, 0x00, 0x00, 0x00, 0x02, 0x00, 0x5b, 0x5b, 0x00, 0x02, 0x00, 0x00, 0x00, 0x00,
    0x00, 0x00, 0x00, 0x00, 0x04, 0x00, 0xb0, 0xb0, 0x00, 0x04, 0x00, 0x00, 0x00, 0x00,
    0x00, 0x00, 0x02, 0x03, 0x04, 0x00, 0xa4, 0xa4, 0x00, 0x04, 0x03, 0x02, 0x00, 0x00,
    0x00, 0x00, 0x00, 0x00, 0x06, 0x00, 0xa6, 0xa6, 0x00, 0x06, 0x00, 0x00, 0x00, 0x00,
    0x02, 0x00, 0x3b, 0x6b, 0x00, 0x02, 0xa7, 0xa7, 0x02, 0x00, 0x6c, 0x3c, 0x00, 0x02,
    0x03, 0x01, 0x38, 0xff, 0x83, 0x00, 0xa7, 0xa7, 0x00, 0x82, 0xff, 0x39, 0x01, 0x02,
    0x00, 0x02, 0x00, 0x39, 0xff, 0x6e, 0x9b, 0x9a, 0x6d, 0xff, 0x3a, 0x00, 0x02, 0x00,
    0x00, 0x00, 0x03, 0x00, 0x3d, 0xf7, 0xea, 0xea, 0xf8, 0x3e, 0x00, 0x03, 0x00, 0x00,
    0x00, 0x00, 0x00, 0x04, 0x00, 0x3a, 0xf9, 0xfb, 0x3b, 0x00, 0x04, 0x00, 0x00, 0x00,
    0x00, 0x00, 0x00, 0x00, 0x04, 0x00, 0x35, 0x36, 0x00, 0x04, 0x00, 0x00, 0x00, 0x00,
    0x00, 0x00, 0x00, 0x00, 0x00, 0x02, 0x00, 0x00, 0x02, 0x00, 0x00, 0x00, 0x00, 0x00,
    0x00, 0x00, 0x00, 0x00, 0x00, 0x00, 0x03, 0x03, 0x00, 0x00, 0x00, 0x00, 0x00, 0x00,
};
static const lv_image_dsc_t menu_icon_move_down = {
    .header.magic = LV_IMAGE_HEADER_MAGIC,
    .header.cf = LV_COLOR_FORMAT_A8,
    .header.w = 14,
    .header.h = 14,
    .header.stride = 14,
    .data_size = sizeof(menu_icon_move_down_data),
    .data = menu_icon_move_down_data,
};

/* material-symbols:note-add-rounded */
static LV_ATTRIBUTE_MEM_ALIGN LV_ATTRIBUTE_LARGE_CONST
const uint8_t menu_icon_add_note_data[] = {
    0x00, 0x00, 0x00, 0x00, 0x00, 0x00, 0x00, 0x00, 0x00, 0x02, 0x00, 0x00, 0x00, 0x00,
    0x02, 0x00, 0x4b, 0xc6, 0xc9, 0xca, 0xc9, 0xd0, 0x76, 0x00, 0x03, 0x01, 0x00, 0x00,
    0x03, 0x00, 0xb1, 0xff, 0xff, 0xff, 0xff, 0xd8, 0xff, 0x86, 0x00, 0x03, 0x00, 0x00,
    0x03, 0x00, 0xa9, 0xfc, 0xfa, 0xf8, 0xfc, 0x80, 0x3d, 0xff, 0x85, 0x00, 0x02, 0x00,
    0x03, 0x00, 0xaa, 0xff, 0xfc, 0xfb, 0xff, 0xa1, 0x00, 0x41, 0xfb, 0x6c, 0x00, 0x03,
    0x03, 0x00, 0xaa, 0xff, 0xfa, 0xfb, 0xeb, 0xdc, 0xbd, 0xb0, 0xeb, 0xb5, 0x00, 0x03,
    0x03, 0x00, 0xaa, 0xff, 0xfd, 0xff, 0x6a, 0x6d, 0xff, 0xff, 0xff, 0xa8, 0x00, 0x03,
    0x03, 0x00, 0xa9, 0xff, 0xdf, 0x8b, 0x2d, 0x2c, 0x88, 0xdc, 0xfe, 0xa9, 0x00, 0x03,
    0x03, 0x00, 0xa7, 0xff, 0xc9, 0x34, 0x15, 0x15, 0x34, 0xca, 0xff, 0xa8, 0x00, 0x03,
    0x03, 0x00, 0xaa, 0xff, 0xfd, 0xff, 0x55, 0x55, 0xff, 0xfd, 0xff, 0xaa, 0x00, 0x03,
    0x03, 0x00, 0xa9, 0xfc, 0xf7, 0xfa, 0xbc, 0xbc, 0xfa, 0xf7, 0xfc, 0xa9, 0x00, 0x03,
    0x03, 0x00, 0xb1, 0xff, 0xff, 0xff, 0xff, 0xff, 0xff, 0xff, 0xff, 0xb1, 0x00, 0x03,
    0x02, 0x00, 0x4a, 0xc6, 0xc9, 0xca, 0xc8, 0xc8, 0xca, 0xc9, 0xc6, 0x4a, 0x00, 0x02,
    0x00, 0x00, 0x00, 0x00, 0x00, 0x00, 0x00, 0x00, 0x00, 0x00, 0x00, 0x00, 0x00, 0x00,
};
static const lv_image_dsc_t menu_icon_add_note = {
    .header.magic = LV_IMAGE_HEADER_MAGIC,
    .header.cf = LV_COLOR_FORMAT_A8,
    .header.w = 14,
    .header.h = 14,
    .header.stride = 14,
    .data_size = sizeof(menu_icon_add_note_data),
    .data = menu_icon_add_note_data,
};

/* material-symbols:draft-rounded */
static LV_ATTRIBUTE_MEM_ALIGN LV_ATTRIBUTE_LARGE_CONST
const uint8_t menu_icon_draft_data[] = {
    0x00, 0x00, 0x00, 0x00, 0x00, 0x00, 0x00, 0x00, 0x00, 0x02, 0x00, 0x00, 0x00, 0x00,
    0x02, 0x00, 0x4b, 0xc6, 0xc9, 0xca, 0xc9, 0xd0, 0x76, 0x00, 0x03, 0x01, 0x00, 0x00,
    0x03, 0x00, 0xb1, 0xff, 0xff, 0xff, 0xff, 0xd8, 0xff, 0x86, 0x00, 0x03, 0x00, 0x00,
    0x03, 0x00, 0xa9, 0xfc, 0xfa, 0xf8, 0xfd, 0x81, 0x3d, 0xff, 0x85, 0x00, 0x02, 0x00,
    0x03, 0x00, 0xaa, 0xff, 0xfc, 0xfb, 0xff, 0x9d, 0x00, 0x41, 0xfb, 0x6c, 0x00, 0x03,
    0x03, 0x00, 0xaa, 0xff, 0xfc, 0xfe, 0xff, 0xf0, 0xc1, 0xb1, 0xeb, 0xb5, 0x00, 0x03,
    0x03, 0x00, 0xaa, 0xff, 0xfc, 0xff, 0xff, 0xff, 0xff, 0xff, 0xff, 0xa8, 0x00, 0x03,
    0x03, 0x00, 0xaa, 0xff, 0xfc, 0xff, 0xff, 0xfe, 0xfc, 0xf9, 0xfe, 0xaa, 0x00, 0x03,
    0x03, 0x00, 0xaa, 0xff, 0xfc, 0xff, 0xff, 0xff, 0xff, 0xfc, 0xff, 0xaa, 0x00, 0x03,
    0x03, 0x00, 0xaa, 0xff, 0xfc, 0xff, 0xff, 0xff, 0xff, 0xfc, 0xff, 0xaa, 0x00, 0x03,
    0x03, 0x00, 0xa9, 0xfc, 0xfa, 0xfd, 0xfd, 0xfd, 0xfd, 0xfa, 0xfc, 0xa9, 0x00, 0x03,
    0x03, 0x00, 0xb1, 0xff, 0xff, 0xff, 0xff, 0xff, 0xff, 0xff, 0xff, 0xb1, 0x00, 0x03,
    0x02, 0x00, 0x4a, 0xc6, 0xc9, 0xca, 0xca, 0xca, 0xca, 0xc9, 0xc6, 0x4a, 0x00, 0x02,
    0x00, 0x00, 0x00, 0x00, 0x00, 0x00, 0x00, 0x00, 0x00, 0x00, 0x00, 0x00, 0x00, 0x00,
};
static const lv_image_dsc_t menu_icon_draft = {
    .header.magic = LV_IMAGE_HEADER_MAGIC,
    .header.cf = LV_COLOR_FORMAT_A8,
    .header.w = 14,
    .header.h = 14,
    .header.stride = 14,
    .data_size = sizeof(menu_icon_draft_data),
    .data = menu_icon_draft_data,
};

/* material-symbols:keep-rounded */
static LV_ATTRIBUTE_MEM_ALIGN LV_ATTRIBUTE_LARGE_CONST
const uint8_t menu_icon_pin_data[] = {
    0x00, 0x00, 0x00, 0x00, 0x00, 0x00, 0x00, 0x00, 0x00, 0x00, 0x00, 0x00, 0x00, 0x00,
    0x00, 0x00, 0x00, 0x00, 0x32, 0x40, 0x40, 0x40, 0x40, 0x32, 0x00, 0x00, 0x00, 0x00,
    0x00, 0x00, 0x01, 0x02, 0xc2, 0xff, 0xff, 0xff, 0xff, 0xc2, 0x02, 0x01, 0x00, 0x00,
    0x00, 0x00, 0x04, 0x00, 0x54, 0xfd, 0xfa, 0xfa, 0xfd, 0x54, 0x00, 0x04, 0x00, 0x00,
    0x00, 0x00, 0x04, 0x00, 0x56, 0xff, 0xfc, 0xfc, 0xff, 0x56, 0x00, 0x04, 0x00, 0x00,
    0x00, 0x00, 0x04, 0x01, 0x57, 0xff, 0xfc, 0xfc, 0xff, 0x57, 0x01, 0x04, 0x00, 0x00,
    0x00, 0x00, 0x04, 0x00, 0x50, 0xff, 0xfc, 0xfc, 0xff, 0x50, 0x00, 0x04, 0x00, 0x00,
    0x00, 0x01, 0x02, 0x14, 0xbe, 0xfc, 0xfc, 0xfc, 0xfc, 0xbf, 0x14, 0x02, 0x01, 0x00,
    0x00, 0x04, 0x00, 0x7a, 0xff, 0xff, 0xff, 0xff, 0xff, 0xff, 0x7a, 0x00, 0x04, 0x00,
    0x00, 0x01, 0x00, 0x1d, 0x56, 0x52, 0xc4, 0xc4, 0x52, 0x56, 0x1d, 0x00, 0x01, 0x00,
    0x00, 0x00, 0x00, 0x00, 0x00, 0x00, 0xa0, 0xa0, 0x00, 0x00, 0x00, 0x00, 0x00, 0x00,
    0x00, 0x00, 0x00, 0x01, 0x07, 0x03, 0xa8, 0xa8, 0x03, 0x07, 0x01, 0x00, 0x00, 0x00,
    0x00, 0x00, 0x00, 0x00, 0x04, 0x00, 0xa6, 0xa6, 0x00, 0x04, 0x00, 0x00, 0x00, 0x00,
    0x00, 0x00, 0x00, 0x00, 0x01, 0x00, 0x29, 0x29, 0x00, 0x01, 0x00, 0x00, 0x00, 0x00,
};
static const lv_image_dsc_t menu_icon_pin = {
    .header.magic = LV_IMAGE_HEADER_MAGIC,
    .header.cf = LV_COLOR_FORMAT_A8,
    .header.w = 14,
    .header.h = 14,
    .header.stride = 14,
    .data_size = sizeof(menu_icon_pin_data),
    .data = menu_icon_pin_data,
};

/* material-symbols:content-copy-rounded */
static LV_ATTRIBUTE_MEM_ALIGN LV_ATTRIBUTE_LARGE_CONST
const uint8_t menu_icon_duplicate_data[] = {
    0x00, 0x00, 0x00, 0x00, 0x00, 0x00, 0x00, 0x00, 0x00, 0x00, 0x00, 0x00, 0x00, 0x00,
    0x00, 0x01, 0x05, 0x00, 0x77, 0xca, 0xc9, 0xca, 0xca, 0xc9, 0xc6, 0x4a, 0x00, 0x02,
    0x00, 0x00, 0x00, 0x06, 0xe9, 0xff, 0xff, 0xff, 0xff, 0xff, 0xff, 0xb1, 0x00, 0x03,
    0x00, 0x1a, 0x5c, 0x06, 0xdc, 0xfd, 0xfb, 0xfd, 0xfd, 0xfa, 0xfc, 0xa9, 0x00, 0x03,
    0x00, 0x4b, 0xf6, 0x0c, 0xdc, 0xff, 0xfd, 0xff, 0xff, 0xfc, 0xff, 0xaa, 0x00, 0x03,
    0x00, 0x47, 0xe6, 0x0c, 0xdc, 0xff, 0xfd, 0xff, 0xff, 0xfc, 0xff, 0xaa, 0x00, 0x03,
    0x00, 0x48, 0xe9, 0x0c, 0xdc, 0xff, 0xfd, 0xff, 0xff, 0xfc, 0xff, 0xaa, 0x00, 0x03,
    0x00, 0x48, 0xe9, 0x0c, 0xdb, 0xff, 0xfd, 0xff, 0xff, 0xfc, 0xff, 0xa9, 0x00, 0x03,
    0x00, 0x48, 0xe9, 0x0d, 0xdc, 0xfb, 0xf9, 0xfb, 0xfb, 0xf8, 0xfb, 0xac, 0x00, 0x03,
    0x00, 0x48, 0xeb, 0x0a, 0xdc, 0xff, 0xff, 0xff, 0xff, 0xff, 0xff, 0xa0, 0x00, 0x04,
    0x00, 0x48, 0xe8, 0x00, 0x25, 0x6e, 0x6c, 0x6e, 0x6d, 0x7a, 0x79, 0x1d, 0x00, 0x01,
    0x00, 0x46, 0xff, 0x64, 0x57, 0x4f, 0x4e, 0x4e, 0x4c, 0x02, 0x00, 0x00, 0x00, 0x00,
    0x01, 0x10, 0xac, 0xd8, 0xd9, 0xdd, 0xdc, 0xdc, 0xda, 0x39, 0x04, 0x04, 0x00, 0x00,
    0x00, 0x00, 0x00, 0x00, 0x00, 0x00, 0x00, 0x00, 0x00, 0x00, 0x00, 0x00, 0x00, 0x00,
};
static const lv_image_dsc_t menu_icon_duplicate = {
    .header.magic = LV_IMAGE_HEADER_MAGIC,
    .header.cf = LV_COLOR_FORMAT_A8,
    .header.w = 14,
    .header.h = 14,
    .header.stride = 14,
    .data_size = sizeof(menu_icon_duplicate_data),
    .data = menu_icon_duplicate_data,
};

/* material-symbols:restore-from-trash-rounded */
static LV_ATTRIBUTE_MEM_ALIGN LV_ATTRIBUTE_LARGE_CONST
const uint8_t menu_icon_restore_data[] = {
    0x00, 0x00, 0x02, 0x03, 0x03, 0x00, 0x00, 0x00, 0x00, 0x03, 0x03, 0x02, 0x00, 0x00,
    0x00, 0x00, 0x00, 0x00, 0x00, 0x1f, 0x40, 0x40, 0x1f, 0x00, 0x00, 0x00, 0x00, 0x00,
    0x03, 0x00, 0x65, 0xae, 0xa6, 0xe9, 0xff, 0xff, 0xe9, 0xa6, 0xae, 0x65, 0x00, 0x03,
    0x03, 0x00, 0x5e, 0xff, 0xff, 0xff, 0xfe, 0xfe, 0xff, 0xff, 0xff, 0x5e, 0x00, 0x03,
    0x02, 0x00, 0x16, 0xf4, 0xfb, 0xff, 0xf9, 0xf9, 0xff, 0xfb, 0xf4, 0x16, 0x00, 0x02,
    0x02, 0x00, 0x23, 0xf6, 0xff, 0xf4, 0x39, 0x38, 0xf3, 0xff, 0xf6, 0x23, 0x00, 0x02,
    0x02, 0x00, 0x20, 0xf9, 0xf4, 0x30, 0x00, 0x00, 0x30, 0xf4, 0xf9, 0x20, 0x00, 0x02,
    0x02, 0x00, 0x20, 0xfb, 0xf0, 0x8d, 0x4a, 0x4a, 0x8d, 0xf1, 0xfb, 0x20, 0x00, 0x02,
    0x02, 0x00, 0x21, 0xf7, 0xff, 0xff, 0x5a, 0x5a, 0xff, 0xff, 0xf7, 0x21, 0x00, 0x02,
    0x02, 0x00, 0x21, 0xf7, 0xfe, 0xfb, 0xd7, 0xd7, 0xfb, 0xfe, 0xf7, 0x21, 0x00, 0x02,
    0x02, 0x00, 0x23, 0xfc, 0xfd, 0xfc, 0xff, 0xff, 0xfc, 0xfd, 0xfc, 0x23, 0x00, 0x02,
    0x01, 0x01, 0x11, 0xe3, 0xff, 0xff, 0xff, 0xff, 0xff, 0xff, 0xe3, 0x11, 0x01, 0x01,
    0x00, 0x01, 0x00, 0x1d, 0x40, 0x3f, 0x40, 0x40, 0x3f, 0x40, 0x1d, 0x00, 0x01, 0x00,
    0x00, 0x00, 0x00, 0x00, 0x00, 0x00, 0x00, 0x00, 0x00, 0x00, 0x00, 0x00, 0x00, 0x00,
};
static const lv_image_dsc_t menu_icon_restore = {
    .header.magic = LV_IMAGE_HEADER_MAGIC,
    .header.cf = LV_COLOR_FORMAT_A8,
    .header.w = 14,
    .header.h = 14,
    .header.stride = 14,
    .data_size = sizeof(menu_icon_restore_data),
    .data = menu_icon_restore_data,
};

/* material-symbols:delete-forever-rounded */
static LV_ATTRIBUTE_MEM_ALIGN LV_ATTRIBUTE_LARGE_CONST
const uint8_t menu_icon_erase_data[] = {
    0x00, 0x00, 0x02, 0x03, 0x03, 0x00, 0x00, 0x00, 0x00, 0x03, 0x03, 0x02, 0x00, 0x00,
    0x00, 0x00, 0x00, 0x00, 0x00, 0x1f, 0x40, 0x40, 0x1f, 0x00, 0x00, 0x00, 0x00, 0x00,
    0x03, 0x00, 0x65, 0xae, 0xa6, 0xe9, 0xff, 0xff, 0xe9, 0xa6, 0xae, 0x65, 0x00, 0x03,
    0x03, 0x00, 0x5e, 0xff, 0xff, 0xff, 0xfb, 0xfb, 0xff, 0xff, 0xff, 0x5e, 0x00, 0x03,
    0x02, 0x00, 0x16, 0xf4, 0xfd, 0xff, 0xff, 0xff, 0xff, 0xfd, 0xf4, 0x16, 0x00, 0x02,
    0x02, 0x00, 0x22, 0xfd, 0xf0, 0x45, 0xdd, 0xdd, 0x45, 0xf0, 0xfd, 0x22, 0x00, 0x02,
    0x02, 0x00, 0x21, 0xf8, 0xfa, 0x5d, 0x24, 0x23, 0x5b, 0xfa, 0xf8, 0x21, 0x00, 0x02,
    0x02, 0x00, 0x21, 0xf5, 0xff, 0xe2, 0x00, 0x00, 0xe1, 0xff, 0xf5, 0x21, 0x00, 0x02,
    0x02, 0x00, 0x20, 0xfb, 0xf3, 0x10, 0x6c, 0x6c, 0x10, 0xf3, 0xfb, 0x20, 0x00, 0x02,
    0x02, 0x00, 0x20, 0xf9, 0xf7, 0xb2, 0xff, 0xff, 0xb1, 0xf7, 0xf9, 0x20, 0x00, 0x02,
    0x02, 0x00, 0x23, 0xfb, 0xfe, 0xff, 0xfb, 0xfb, 0xff, 0xfe, 0xfb, 0x23, 0x00, 0x02,
    0x01, 0x01, 0x11, 0xe3, 0xff, 0xff, 0xff, 0xff, 0xff, 0xff, 0xe3, 0x11, 0x01, 0x01,
    0x00, 0x01, 0x00, 0x1d, 0x40, 0x3f, 0x40, 0x40, 0x3f, 0x40, 0x1d, 0x00, 0x01, 0x00,
    0x00, 0x00, 0x00, 0x00, 0x00, 0x00, 0x00, 0x00, 0x00, 0x00, 0x00, 0x00, 0x00, 0x00,
};
static const lv_image_dsc_t menu_icon_erase = {
    .header.magic = LV_IMAGE_HEADER_MAGIC,
    .header.cf = LV_COLOR_FORMAT_A8,
    .header.w = 14,
    .header.h = 14,
    .header.stride = 14,
    .data_size = sizeof(menu_icon_erase_data),
    .data = menu_icon_erase_data,
};

/* material-symbols:history-rounded */
static LV_ATTRIBUTE_MEM_ALIGN LV_ATTRIBUTE_LARGE_CONST
const uint8_t menu_icon_recents_data[] = {
    0x00, 0x01, 0x03, 0x01, 0x03, 0x00, 0x00, 0x00, 0x00, 0x03, 0x01, 0x00, 0x00, 0x00,
    0x00, 0x00, 0x00, 0x00, 0x00, 0x15, 0x41, 0x42, 0x16, 0x00, 0x00, 0x01, 0x00, 0x00,
    0x00, 0x26, 0x7e, 0x11, 0xa6, 0xf3, 0xed, 0xed, 0xf1, 0xa2, 0x0e, 0x00, 0x01, 0x00,
    0x00, 0x49, 0xfa, 0xd0, 0xc2, 0x41, 0x0a, 0x09, 0x3d, 0xcf, 0xd7, 0x0e, 0x02, 0x01,
    0x00, 0x41, 0xff, 0xf9, 0x60, 0x00, 0x7a, 0x7f, 0x00, 0x00, 0xd4, 0xa4, 0x00, 0x03,
    0x00, 0x28, 0xcc, 0xcc, 0xd7, 0x19, 0xa4, 0xad, 0x05, 0x00, 0x37, 0xfa, 0x15, 0x00,
    0x00, 0x00, 0x00, 0x00, 0x00, 0x00, 0xac, 0xad, 0x00, 0x01, 0x08, 0xed, 0x42, 0x00,
    0x00, 0x0a, 0x3e, 0x02, 0x04, 0x01, 0x4f, 0xfd, 0x5e, 0x00, 0x0b, 0xed, 0x42, 0x00,
    0x00, 0x13, 0xff, 0x3c, 0x00, 0x08, 0x00, 0x5f, 0xfc, 0x16, 0x2f, 0xfb, 0x15, 0x00,
    0x03, 0x00, 0xa4, 0xd6, 0x00, 0x00, 0x00, 0x00, 0x17, 0x03, 0xd2, 0xa4, 0x00, 0x03,
    0x01, 0x02, 0x0f, 0xd8, 0xd1, 0x40, 0x0b, 0x0d, 0x36, 0xce, 0xd7, 0x0e, 0x02, 0x01,
    0x00, 0x01, 0x00, 0x0e, 0xa3, 0xf3, 0xed, 0xed, 0xf3, 0xa1, 0x0d, 0x00, 0x01, 0x00,
    0x00, 0x00, 0x01, 0x00, 0x00, 0x15, 0x40, 0x41, 0x15, 0x00, 0x00, 0x01, 0x00, 0x00,
    0x00, 0x00, 0x00, 0x01, 0x03, 0x00, 0x00, 0x00, 0x00, 0x03, 0x01, 0x00, 0x00, 0x00,
};
static const lv_image_dsc_t menu_icon_recents = {
    .header.magic = LV_IMAGE_HEADER_MAGIC,
    .header.cf = LV_COLOR_FORMAT_A8,
    .header.w = 14,
    .header.h = 14,
    .header.stride = 14,
    .data_size = sizeof(menu_icon_recents_data),
    .data = menu_icon_recents_data,
};

/* material-symbols:auto-stories-rounded */
static LV_ATTRIBUTE_MEM_ALIGN LV_ATTRIBUTE_LARGE_CONST
const uint8_t menu_icon_reading_data[] = {
    0x00, 0x03, 0x04, 0x03, 0x04, 0x04, 0x02, 0x00, 0x03, 0x00, 0x22, 0x0e, 0x02, 0x01,
    0x00, 0x00, 0x00, 0x00, 0x00, 0x00, 0x00, 0x02, 0x00, 0x36, 0xe3, 0x25, 0x00, 0x01,
    0x02, 0x3d, 0x86, 0xa6, 0x9b, 0x6a, 0x1e, 0x00, 0x39, 0xef, 0xff, 0x1e, 0x21, 0x06,
    0x5f, 0xff, 0xff, 0xff, 0xff, 0xff, 0xe3, 0x0a, 0xc9, 0xff, 0xf5, 0x14, 0xc0, 0x6f,
    0x76, 0xfe, 0xf8, 0xfc, 0xfa, 0xfb, 0xf2, 0x0f, 0xc9, 0xfe, 0xf6, 0x12, 0xc4, 0x87,
    0x71, 0xff, 0xfc, 0xff, 0xfe, 0xff, 0xee, 0x0e, 0xc8, 0xfd, 0xff, 0x12, 0xc2, 0x82,
    0x72, 0xff, 0xfc, 0xff, 0xfe, 0xff, 0xef, 0x0e, 0xc7, 0xff, 0x9f, 0x03, 0xcb, 0x81,
    0x72, 0xff, 0xfc, 0xff, 0xfe, 0xff, 0xef, 0x0f, 0xdb, 0x99, 0x00, 0x03, 0xcd, 0x81,
    0x72, 0xfe, 0xf9, 0xfb, 0xfa, 0xfd, 0xee, 0x0d, 0x21, 0x00, 0x00, 0x00, 0xc6, 0x82,
    0x73, 0xff, 0xff, 0xff, 0xff, 0xff, 0xe9, 0x22, 0x65, 0xad, 0xbb, 0x8a, 0xe0, 0x7d,
    0x6c, 0xf5, 0xae, 0x83, 0x90, 0xcc, 0xff, 0xf5, 0xde, 0xa1, 0x93, 0xc0, 0xf9, 0x6b,
    0x0e, 0x20, 0x00, 0x00, 0x00, 0x00, 0x4b, 0x4e, 0x00, 0x00, 0x00, 0x00, 0x1f, 0x0e,
    0x00, 0x00, 0x02, 0x04, 0x04, 0x00, 0x00, 0x00, 0x00, 0x04, 0x04, 0x02, 0x00, 0x00,
    0x01, 0x02, 0x00, 0x00, 0x00, 0x01, 0x03, 0x03, 0x01, 0x00, 0x00, 0x00, 0x02, 0x01,
};
static const lv_image_dsc_t menu_icon_reading = {
    .header.magic = LV_IMAGE_HEADER_MAGIC,
    .header.cf = LV_COLOR_FORMAT_A8,
    .header.w = 14,
    .header.h = 14,
    .header.stride = 14,
    .data_size = sizeof(menu_icon_reading_data),
    .data = menu_icon_reading_data,
};

/* material-symbols:monitoring-rounded */
static LV_ATTRIBUTE_MEM_ALIGN LV_ATTRIBUTE_LARGE_CONST
const uint8_t menu_icon_stats_data[] = {
    0x00, 0x00, 0x00, 0x00, 0x00, 0x00, 0x00, 0x00, 0x00, 0x00, 0x00, 0x03, 0x01, 0x00,
    0x00, 0x00, 0x00, 0x00, 0x00, 0x01, 0x00, 0x00, 0x00, 0x00, 0x02, 0x00, 0x00, 0x00,
    0x00, 0x00, 0x00, 0x00, 0x02, 0x00, 0x00, 0x01, 0x01, 0x02, 0x00, 0x52, 0x17, 0x00,
    0x00, 0x00, 0x00, 0x02, 0x00, 0x05, 0x00, 0x00, 0x05, 0x00, 0x85, 0xff, 0x23, 0x01,
    0x00, 0x00, 0x04, 0x00, 0x3a, 0xef, 0xc3, 0x0c, 0x00, 0x85, 0xff, 0x32, 0x00, 0x02,
    0x00, 0x03, 0x00, 0x3b, 0xff, 0x86, 0xc6, 0xcc, 0x8b, 0xfd, 0x38, 0x14, 0x09, 0x00,
    0x02, 0x00, 0x3c, 0xff, 0x7c, 0x00, 0x0a, 0xbe, 0xeb, 0x38, 0x00, 0xe3, 0x42, 0x00,
    0x01, 0x24, 0xff, 0x7f, 0x09, 0x0a, 0x00, 0x00, 0x01, 0x00, 0x07, 0xee, 0x49, 0x00,
    0x00, 0x18, 0x50, 0x00, 0xda, 0x41, 0x01, 0x00, 0x2f, 0xa6, 0x05, 0xe9, 0x48, 0x00,
    0x00, 0x00, 0x00, 0x07, 0xf1, 0x38, 0x7a, 0x7a, 0x3c, 0xf7, 0x0a, 0xe7, 0x48, 0x00,
    0x00, 0x1b, 0x5f, 0x05, 0xed, 0x34, 0xa0, 0xa0, 0x34, 0xe9, 0x0a, 0xe9, 0x49, 0x00,
    0x00, 0x4a, 0xf5, 0x07, 0xeb, 0x32, 0x96, 0x96, 0x32, 0xeb, 0x07, 0xe7, 0x46, 0x00,
    0x00, 0x0a, 0x26, 0x00, 0x2a, 0x05, 0x1a, 0x1a, 0x06, 0x2a, 0x00, 0x29, 0x0a, 0x00,
    0x00, 0x00, 0x00, 0x00, 0x00, 0x00, 0x00, 0x00, 0x00, 0x00, 0x00, 0x00, 0x00, 0x00,
};
static const lv_image_dsc_t menu_icon_stats = {
    .header.magic = LV_IMAGE_HEADER_MAGIC,
    .header.cf = LV_COLOR_FORMAT_A8,
    .header.w = 14,
    .header.h = 14,
    .header.stride = 14,
    .data_size = sizeof(menu_icon_stats_data),
    .data = menu_icon_stats_data,
};

/* material-symbols:bookmark-rounded */
static LV_ATTRIBUTE_MEM_ALIGN LV_ATTRIBUTE_LARGE_CONST
const uint8_t menu_icon_bookmark_data[] = {
    0x00, 0x00, 0x00, 0x00, 0x00, 0x00, 0x00, 0x00, 0x00, 0x00, 0x00, 0x00, 0x00, 0x00,
    0x00, 0x01, 0x00, 0x1d, 0x40, 0x3f, 0x40, 0x40, 0x3f, 0x40, 0x1d, 0x00, 0x01, 0x00,
    0x01, 0x01, 0x11, 0xe3, 0xff, 0xff, 0xff, 0xff, 0xff, 0xff, 0xe3, 0x11, 0x01, 0x01,
    0x02, 0x00, 0x23, 0xfc, 0xfd, 0xfc, 0xfd, 0xfd, 0xfc, 0xfd, 0xfc, 0x23, 0x00, 0x02,
    0x02, 0x00, 0x21, 0xf7, 0xff, 0xfe, 0xff, 0xff, 0xfe, 0xff, 0xf7, 0x21, 0x00, 0x02,
    0x02, 0x00, 0x21, 0xf8, 0xff, 0xfe, 0xff, 0xff, 0xfe, 0xff, 0xf8, 0x21, 0x00, 0x02,
    0x02, 0x00, 0x21, 0xf8, 0xff, 0xfe, 0xff, 0xff, 0xfe, 0xff, 0xf8, 0x21, 0x00, 0x02,
    0x02, 0x00, 0x21, 0xf8, 0xff, 0xfe, 0xff, 0xff, 0xfe, 0xff, 0xf8, 0x21, 0x00, 0x02,
    0x02, 0x00, 0x21, 0xf8, 0xff, 0xfd, 0xfc, 0xfc, 0xfd, 0xff, 0xf8, 0x21, 0x00, 0x02,
    0x02, 0x00, 0x22, 0xf6, 0xfb, 0xff, 0xff, 0xff, 0xff, 0xfb, 0xf6, 0x22, 0x00, 0x02,
    0x02, 0x00, 0x1c, 0xff, 0xff, 0xfc, 0xb0, 0xae, 0xfc, 0xff, 0xff, 0x1c, 0x00, 0x02,
    0x00, 0x01, 0x01, 0x70, 0x8f, 0x2d, 0x00, 0x00, 0x2d, 0x8f, 0x6f, 0x01, 0x01, 0x00,
    0x00, 0x00, 0x00, 0x00, 0x00, 0x00, 0x02, 0x02, 0x00, 0x00, 0x00, 0x00, 0x00, 0x00,
    0x00, 0x00, 0x00, 0x03, 0x04, 0x02, 0x00, 0x00, 0x02, 0x04, 0x03, 0x00, 0x00, 0x00,
};
static const lv_image_dsc_t menu_icon_bookmark = {
    .header.magic = LV_IMAGE_HEADER_MAGIC,
    .header.cf = LV_COLOR_FORMAT_A8,
    .header.w = 14,
    .header.h = 14,
    .header.stride = 14,
    .data_size = sizeof(menu_icon_bookmark_data),
    .data = menu_icon_bookmark_data,
};

/* material-symbols:account-tree-rounded */
static LV_ATTRIBUTE_MEM_ALIGN LV_ATTRIBUTE_LARGE_CONST
const uint8_t menu_icon_chapters_data[] = {
    0x00, 0x00, 0x00, 0x00, 0x00, 0x01, 0x00, 0x00, 0x01, 0x00, 0x00, 0x00, 0x00, 0x00,
    0x00, 0x0d, 0x3f, 0x41, 0x28, 0x01, 0x05, 0x05, 0x01, 0x28, 0x41, 0x3f, 0x0d, 0x00,
    0x00, 0xac, 0xff, 0xff, 0xf8, 0x18, 0x00, 0x00, 0x19, 0xf9, 0xff, 0xff, 0xac, 0x00,
    0x00, 0xce, 0xfd, 0xf9, 0xff, 0xb0, 0x86, 0x86, 0xb0, 0xff, 0xf9, 0xfd, 0xce, 0x00,
    0x00, 0xcb, 0xfb, 0xf8, 0xfd, 0xc8, 0xf0, 0xf0, 0xc8, 0xfd, 0xf8, 0xfb, 0xcb, 0x00,
    0x00, 0xbe, 0xff, 0xff, 0xff, 0x11, 0x94, 0x94, 0x11, 0xff, 0xff, 0xff, 0xbf, 0x00,
    0x00, 0x22, 0x68, 0x6e, 0x4f, 0x01, 0xa8, 0xa8, 0x01, 0x41, 0x5c, 0x57, 0x1b, 0x00,
    0x00, 0x00, 0x00, 0x00, 0x00, 0x00, 0xa5, 0xa7, 0x01, 0x42, 0x5c, 0x57, 0x1b, 0x00,
    0x00, 0x02, 0x04, 0x04, 0x07, 0x00, 0xab, 0x91, 0x11, 0xff, 0xff, 0xff, 0xbf, 0x00,
    0x00, 0x00, 0x00, 0x00, 0x04, 0x00, 0x90, 0xf0, 0xc5, 0xfd, 0xf8, 0xfb, 0xcb, 0x00,
    0x00, 0x00, 0x00, 0x00, 0x01, 0x00, 0x16, 0x7c, 0xaf, 0xff, 0xf9, 0xfd, 0xce, 0x00,
    0x00, 0x00, 0x00, 0x00, 0x00, 0x00, 0x00, 0x00, 0x19, 0xf9, 0xff, 0xff, 0xac, 0x00,
    0x00, 0x00, 0x00, 0x00, 0x00, 0x00, 0x01, 0x05, 0x01, 0x28, 0x41, 0x3f, 0x0d, 0x00,
    0x00, 0x00, 0x00, 0x00, 0x00, 0x00, 0x00, 0x00, 0x01, 0x00, 0x00, 0x00, 0x00, 0x00,
};
static const lv_image_dsc_t menu_icon_chapters = {
    .header.magic = LV_IMAGE_HEADER_MAGIC,
    .header.cf = LV_COLOR_FORMAT_A8,
    .header.w = 14,
    .header.h = 14,
    .header.stride = 14,
    .data_size = sizeof(menu_icon_chapters_data),
    .data = menu_icon_chapters_data,
};

/* material-symbols:format-size-rounded */
static LV_ATTRIBUTE_MEM_ALIGN LV_ATTRIBUTE_LARGE_CONST
const uint8_t menu_icon_text_size_data[] = {
    0x00, 0x00, 0x00, 0x00, 0x00, 0x03, 0x03, 0x03, 0x03, 0x03, 0x03, 0x03, 0x03, 0x00,
    0x00, 0x00, 0x00, 0x00, 0x00, 0x00, 0x00, 0x00, 0x00, 0x00, 0x00, 0x00, 0x00, 0x00,
    0x00, 0x00, 0x00, 0x02, 0x00, 0x5c, 0xac, 0xaa, 0xaa, 0xaa, 0xaa, 0xad, 0x67, 0x00,
    0x00, 0x02, 0x02, 0x06, 0x02, 0xa5, 0xff, 0xff, 0xff, 0xff, 0xff, 0xff, 0xb3, 0x00,
    0x00, 0x00, 0x00, 0x00, 0x00, 0x00, 0x15, 0x1d, 0xd7, 0xe8, 0x21, 0x1d, 0x06, 0x00,
    0x00, 0x78, 0xc1, 0xbb, 0xbe, 0xba, 0x2a, 0x00, 0xd6, 0xe8, 0x00, 0x00, 0x00, 0x00,
    0x00, 0xa7, 0xfe, 0xff, 0xff, 0xf7, 0x4c, 0x02, 0xd8, 0xe9, 0x07, 0x02, 0x02, 0x00,
    0x02, 0x00, 0x29, 0xfc, 0xae, 0x0a, 0x00, 0x00, 0xd5, 0xe9, 0x05, 0x00, 0x01, 0x00,
    0x02, 0x00, 0x19, 0xff, 0xa9, 0x00, 0x04, 0x00, 0xd5, 0xe9, 0x05, 0x00, 0x01, 0x00,
    0x02, 0x00, 0x1e, 0xfb, 0xaa, 0x01, 0x03, 0x00, 0xd2, 0xe6, 0x05, 0x00, 0x01, 0x00,
    0x02, 0x00, 0x1c, 0xff, 0xb3, 0x00, 0x04, 0x00, 0xe1, 0xf6, 0x04, 0x00, 0x01, 0x00,
    0x01, 0x00, 0x04, 0x8d, 0x4f, 0x00, 0x04, 0x00, 0x6b, 0x78, 0x00, 0x01, 0x00, 0x00,
    0x00, 0x00, 0x00, 0x00, 0x00, 0x00, 0x00, 0x00, 0x00, 0x00, 0x00, 0x00, 0x00, 0x00,
    0x00, 0x00, 0x00, 0x04, 0x02, 0x00, 0x00, 0x00, 0x03, 0x03, 0x00, 0x00, 0x00, 0x00,
};
static const lv_image_dsc_t menu_icon_text_size = {
    .header.magic = LV_IMAGE_HEADER_MAGIC,
    .header.cf = LV_COLOR_FORMAT_A8,
    .header.w = 14,
    .header.h = 14,
    .header.stride = 14,
    .data_size = sizeof(menu_icon_text_size_data),
    .data = menu_icon_text_size_data,
};

/* material-symbols:colors-rounded */
static LV_ATTRIBUTE_MEM_ALIGN LV_ATTRIBUTE_LARGE_CONST
const uint8_t menu_icon_page_theme_data[] = {
    0x00, 0x00, 0x00, 0x00, 0x00, 0x02, 0x00, 0x00, 0x00, 0x00, 0x00, 0x00, 0x00, 0x00,
    0x00, 0x02, 0x00, 0x3a, 0x67, 0x00, 0x02, 0x01, 0x00, 0x00, 0x00, 0x00, 0x00, 0x00,
    0x00, 0x03, 0x00, 0x51, 0xff, 0x7e, 0x00, 0x04, 0x01, 0x00, 0x00, 0x00, 0x00, 0x00,
    0x00, 0x00, 0x05, 0x00, 0x71, 0xff, 0x7f, 0x00, 0x04, 0x01, 0x00, 0x00, 0x00, 0x00,
    0x00, 0x04, 0x00, 0x25, 0xdd, 0xd0, 0xff, 0x83, 0x00, 0x04, 0x01, 0x00, 0x00, 0x00,
    0x02, 0x00, 0x26, 0xf0, 0xcd, 0x0b, 0x5c, 0xff, 0x84, 0x00, 0x02, 0x00, 0x00, 0x00,
    0x01, 0x25, 0xe4, 0xb6, 0x00, 0x00, 0x00, 0x4d, 0xfc, 0x7f, 0x00, 0x03, 0x00, 0x00,
    0x00, 0xc8, 0xf3, 0x52, 0x4c, 0x50, 0x52, 0x41, 0xa5, 0xff, 0x39, 0x00, 0x04, 0x00,
    0x00, 0x68, 0xff, 0xff, 0xff, 0xff, 0xff, 0xff, 0xff, 0xc7, 0x10, 0x02, 0x00, 0x00,
    0x02, 0x00, 0x6d, 0xff, 0xf9, 0xfb, 0xf8, 0xff, 0xcb, 0x12, 0x18, 0xcc, 0x32, 0x00,
    0x00, 0x04, 0x00, 0x6c, 0xff, 0xfc, 0xff, 0xc9, 0x14, 0x00, 0x9d, 0xff, 0xb6, 0x00,
    0x00, 0x00, 0x04, 0x00, 0x6c, 0xff, 0xc8, 0x12, 0x00, 0x01, 0x88, 0xff, 0xa3, 0x00,
    0x00, 0x00, 0x00, 0x02, 0x00, 0x30, 0x0d, 0x00, 0x03, 0x00, 0x03, 0x38, 0x09, 0x00,
    0x00, 0x00, 0x00, 0x00, 0x02, 0x00, 0x00, 0x01, 0x00, 0x00, 0x00, 0x00, 0x00, 0x00,
};
static const lv_image_dsc_t menu_icon_page_theme = {
    .header.magic = LV_IMAGE_HEADER_MAGIC,
    .header.cf = LV_COLOR_FORMAT_A8,
    .header.w = 14,
    .header.h = 14,
    .header.stride = 14,
    .data_size = sizeof(menu_icon_page_theme_data),
    .data = menu_icon_page_theme_data,
};

/* material-symbols:sync-rounded */
static LV_ATTRIBUTE_MEM_ALIGN LV_ATTRIBUTE_LARGE_CONST
const uint8_t menu_icon_import_data[] = {
    0x00, 0x00, 0x00, 0x00, 0x01, 0x02, 0x00, 0x00, 0x03, 0x03, 0x03, 0x02, 0x00, 0x00,
    0x00, 0x00, 0x00, 0x02, 0x00, 0x00, 0x00, 0x00, 0x00, 0x00, 0x00, 0x00, 0x00, 0x00,
    0x00, 0x00, 0x02, 0x00, 0x0f, 0x24, 0x01, 0x00, 0x79, 0xaa, 0xb7, 0x69, 0x00, 0x03,
    0x00, 0x02, 0x00, 0x2a, 0xeb, 0x93, 0x00, 0x01, 0xd7, 0xff, 0xb8, 0x4b, 0x02, 0x02,
    0x01, 0x01, 0x0c, 0xe8, 0xa3, 0x07, 0x02, 0x00, 0xd3, 0xe0, 0xc6, 0x03, 0x01, 0x01,
    0x04, 0x00, 0x72, 0xe8, 0x00, 0x00, 0x02, 0x00, 0x9b, 0x42, 0xdf, 0x79, 0x00, 0x04,
    0x03, 0x00, 0xb5, 0x99, 0x02, 0x06, 0x00, 0x00, 0x00, 0x00, 0x99, 0xb6, 0x00, 0x03,
    0x03, 0x00, 0xb7, 0x99, 0x00, 0x00, 0x00, 0x00, 0x06, 0x02, 0x99, 0xb5, 0x00, 0x03,
    0x05, 0x00, 0x7f, 0xe0, 0x41, 0x9b, 0x00, 0x02, 0x00, 0x00, 0xe7, 0x71, 0x00, 0x04,
    0x01, 0x01, 0x08, 0xcd, 0xdf, 0xd4, 0x00, 0x02, 0x07, 0xa3, 0xe8, 0x0c, 0x01, 0x01,
    0x02, 0x02, 0x4b, 0xb9, 0xff, 0xd7, 0x01, 0x00, 0x93, 0xeb, 0x29, 0x00, 0x02, 0x00,
    0x03, 0x00, 0x69, 0xb7, 0xaa, 0x78, 0x00, 0x01, 0x24, 0x0f, 0x00, 0x02, 0x00, 0x00,
    0x00, 0x00, 0x00, 0x00, 0x00, 0x00, 0x00, 0x00, 0x00, 0x00, 0x02, 0x00, 0x00, 0x00,
    0x00, 0x00, 0x02, 0x03, 0x03, 0x03, 0x00, 0x00, 0x02, 0x01, 0x00, 0x00, 0x00, 0x00,
};
static const lv_image_dsc_t menu_icon_import = {
    .header.magic = LV_IMAGE_HEADER_MAGIC,
    .header.cf = LV_COLOR_FORMAT_A8,
    .header.w = 14,
    .header.h = 14,
    .header.stride = 14,
    .data_size = sizeof(menu_icon_import_data),
    .data = menu_icon_import_data,
};

/* material-symbols:play-arrow-rounded */
static LV_ATTRIBUTE_MEM_ALIGN LV_ATTRIBUTE_LARGE_CONST
const uint8_t menu_icon_start_data[] = {
    0x00, 0x00, 0x00, 0x00, 0x00, 0x00, 0x00, 0x00, 0x00, 0x00, 0x00, 0x00, 0x00, 0x00,
    0x00, 0x00, 0x00, 0x00, 0x01, 0x04, 0x01, 0x00, 0x00, 0x00, 0x00, 0x00, 0x00, 0x00,
    0x00, 0x00, 0x00, 0x00, 0x00, 0x00, 0x00, 0x03, 0x00, 0x00, 0x00, 0x00, 0x00, 0x00,
    0x00, 0x00, 0x02, 0x00, 0x28, 0x7b, 0x0c, 0x00, 0x03, 0x01, 0x00, 0x00, 0x00, 0x00,
    0x00, 0x00, 0x04, 0x00, 0x5a, 0xff, 0xd7, 0x4f, 0x00, 0x00, 0x02, 0x00, 0x00, 0x00,
    0x00, 0x00, 0x04, 0x00, 0x55, 0xfb, 0xff, 0xff, 0xa2, 0x1b, 0x00, 0x01, 0x00, 0x00,
    0x00, 0x00, 0x04, 0x00, 0x56, 0xff, 0xfa, 0xfc, 0xff, 0xee, 0x51, 0x01, 0x03, 0x00,
    0x00, 0x00, 0x04, 0x00, 0x56, 0xff, 0xfa, 0xfc, 0xff, 0xee, 0x51, 0x01, 0x03, 0x00,
    0x00, 0x00, 0x04, 0x00, 0x55, 0xfb, 0xff, 0xff, 0xa2, 0x1b, 0x00, 0x01, 0x00, 0x00,
    0x00, 0x00, 0x04, 0x00, 0x5a, 0xff, 0xd7, 0x4f, 0x00, 0x00, 0x02, 0x00, 0x00, 0x00,
    0x00, 0x00, 0x02, 0x00, 0x28, 0x7b, 0x0c, 0x00, 0x03, 0x01, 0x00, 0x00, 0x00, 0x00,
    0x00, 0x00, 0x00, 0x00, 0x00, 0x00, 0x00, 0x03, 0x00, 0x00, 0x00, 0x00, 0x00, 0x00,
    0x00, 0x00, 0x00, 0x00, 0x01, 0x04, 0x01, 0x00, 0x00, 0x00, 0x00, 0x00, 0x00, 0x00,
    0x00, 0x00, 0x00, 0x00, 0x00, 0x00, 0x00, 0x00, 0x00, 0x00, 0x00, 0x00, 0x00, 0x00,
};
static const lv_image_dsc_t menu_icon_start = {
    .header.magic = LV_IMAGE_HEADER_MAGIC,
    .header.cf = LV_COLOR_FORMAT_A8,
    .header.w = 14,
    .header.h = 14,
    .header.stride = 14,
    .data_size = sizeof(menu_icon_start_data),
    .data = menu_icon_start_data,
};

/* CRAZYPOD_MENU_ICON_HISTORY reuses material-symbols:history-rounded. */

/* CRAZYPOD_MENU_ICON_SUMMARY reuses material-symbols:monitoring-rounded. */

/* material-symbols:directions-run-rounded */
static LV_ATTRIBUTE_MEM_ALIGN LV_ATTRIBUTE_LARGE_CONST
const uint8_t menu_icon_run_data[] = {
    0x00, 0x00, 0x00, 0x00, 0x00, 0x00, 0x00, 0x1a, 0x0d, 0x00, 0x01, 0x00, 0x00, 0x00,
    0x00, 0x00, 0x00, 0x00, 0x02, 0x02, 0x2e, 0xf0, 0xcb, 0x0a, 0x01, 0x01, 0x00, 0x00,
    0x00, 0x00, 0x00, 0x01, 0x06, 0x00, 0x20, 0xf0, 0xdf, 0x0b, 0x01, 0x01, 0x00, 0x00,
    0x00, 0x00, 0x00, 0x00, 0x00, 0x16, 0x64, 0x7b, 0x12, 0x01, 0x01, 0x00, 0x00, 0x00,
    0x00, 0x01, 0x01, 0x1e, 0x99, 0xf4, 0xff, 0xfc, 0x3a, 0x00, 0x05, 0x00, 0x00, 0x00,
    0x00, 0x04, 0x00, 0x89, 0xe6, 0x92, 0xfa, 0xff, 0xed, 0x25, 0x00, 0x00, 0x00, 0x00,
    0x00, 0x04, 0x00, 0x9d, 0xac, 0x67, 0xfe, 0xc6, 0xa6, 0xf7, 0xa7, 0x0b, 0x01, 0x01,
    0x00, 0x03, 0x04, 0x47, 0x51, 0xae, 0xff, 0x93, 0x00, 0x4a, 0x85, 0x0b, 0x00, 0x01,
    0x00, 0x00, 0x00, 0x00, 0x00, 0xe2, 0xf7, 0xf0, 0x43, 0x00, 0x00, 0x00, 0x00, 0x00,
    0x00, 0x10, 0x91, 0x66, 0x54, 0xfd, 0x45, 0xcb, 0xcd, 0x03, 0x07, 0x00, 0x00, 0x00,
    0x00, 0x12, 0xb1, 0xe0, 0xfa, 0xea, 0x00, 0x6d, 0xcf, 0x00, 0x02, 0x00, 0x00, 0x00,
    0x00, 0x00, 0x00, 0x00, 0x1f, 0x29, 0x01, 0x7b, 0xcd, 0x00, 0x02, 0x00, 0x00, 0x00,
    0x00, 0x01, 0x03, 0x00, 0x00, 0x00, 0x00, 0x7b, 0xd2, 0x00, 0x02, 0x00, 0x00, 0x00,
    0x00, 0x00, 0x00, 0x01, 0x02, 0x03, 0x00, 0x26, 0x45, 0x00, 0x01, 0x00, 0x00, 0x00,
};
static const lv_image_dsc_t menu_icon_run = {
    .header.magic = LV_IMAGE_HEADER_MAGIC,
    .header.cf = LV_COLOR_FORMAT_A8,
    .header.w = 14,
    .header.h = 14,
    .header.stride = 14,
    .data_size = sizeof(menu_icon_run_data),
    .data = menu_icon_run_data,
};

/* material-symbols:directions-walk-rounded */
static LV_ATTRIBUTE_MEM_ALIGN LV_ATTRIBUTE_LARGE_CONST
const uint8_t menu_icon_walk_data[] = {
    0x00, 0x00, 0x00, 0x00, 0x00, 0x00, 0x00, 0x1a, 0x0d, 0x00, 0x01, 0x00, 0x00, 0x00,
    0x00, 0x00, 0x00, 0x00, 0x02, 0x02, 0x2e, 0xf0, 0xcb, 0x0a, 0x01, 0x01, 0x00, 0x00,
    0x00, 0x00, 0x00, 0x01, 0x06, 0x00, 0x1f, 0xf0, 0xdf, 0x0b, 0x01, 0x01, 0x00, 0x00,
    0x00, 0x00, 0x00, 0x00, 0x00, 0x15, 0x68, 0x7c, 0x12, 0x01, 0x01, 0x00, 0x00, 0x00,
    0x00, 0x01, 0x01, 0x1e, 0x97, 0xf3, 0xff, 0xfc, 0x3a, 0x00, 0x05, 0x00, 0x00, 0x00,
    0x00, 0x04, 0x00, 0x89, 0xe6, 0x93, 0xfa, 0xff, 0xee, 0x24, 0x00, 0x00, 0x00, 0x00,
    0x00, 0x04, 0x00, 0x9d, 0xac, 0x67, 0xfe, 0xc4, 0x9f, 0xf8, 0xa7, 0x0c, 0x01, 0x01,
    0x00, 0x02, 0x00, 0x43, 0x4f, 0xae, 0xff, 0x94, 0x00, 0x4e, 0x87, 0x0a, 0x00, 0x01,
    0x00, 0x00, 0x01, 0x00, 0x00, 0xe3, 0xec, 0xf0, 0x44, 0x00, 0x00, 0x00, 0x00, 0x00,
    0x00, 0x00, 0x02, 0x02, 0x2d, 0xff, 0x30, 0xac, 0xd0, 0x03, 0x07, 0x00, 0x00, 0x00,
    0x00, 0x00, 0x04, 0x00, 0x5c, 0xf7, 0x00, 0x6b, 0xcf, 0x00, 0x02, 0x00, 0x00, 0x00,
    0x00, 0x00, 0x04, 0x00, 0x95, 0xcf, 0x01, 0x7d, 0xcd, 0x00, 0x02, 0x00, 0x00, 0x00,
    0x00, 0x00, 0x03, 0x00, 0xcf, 0x94, 0x00, 0x7f, 0xd2, 0x00, 0x02, 0x00, 0x00, 0x00,
    0x00, 0x00, 0x01, 0x00, 0x49, 0x25, 0x00, 0x27, 0x45, 0x00, 0x01, 0x00, 0x00, 0x00,
};
static const lv_image_dsc_t menu_icon_walk = {
    .header.magic = LV_IMAGE_HEADER_MAGIC,
    .header.cf = LV_COLOR_FORMAT_A8,
    .header.w = 14,
    .header.h = 14,
    .header.stride = 14,
    .data_size = sizeof(menu_icon_walk_data),
    .data = menu_icon_walk_data,
};

/* material-symbols:directions-bike-rounded */
static LV_ATTRIBUTE_MEM_ALIGN LV_ATTRIBUTE_LARGE_CONST
const uint8_t menu_icon_cycling_data[] = {
    0x00, 0x00, 0x00, 0x00, 0x00, 0x00, 0x02, 0x00, 0x11, 0x15, 0x00, 0x01, 0x00, 0x00,
    0x00, 0x00, 0x00, 0x00, 0x00, 0x03, 0x00, 0x10, 0xdd, 0xe6, 0x1e, 0x01, 0x02, 0x00,
    0x00, 0x00, 0x00, 0x00, 0x02, 0x00, 0x0c, 0x22, 0xe2, 0xfc, 0x23, 0x00, 0x02, 0x00,
    0x00, 0x00, 0x00, 0x02, 0x00, 0x29, 0xda, 0xe4, 0x54, 0x15, 0x00, 0x01, 0x00, 0x00,
    0x00, 0x00, 0x03, 0x02, 0x29, 0xe4, 0xff, 0xf0, 0xf3, 0x4a, 0x00, 0x00, 0x00, 0x00,
    0x01, 0x03, 0x00, 0x00, 0xc5, 0xff, 0xc2, 0x19, 0x76, 0xfe, 0xce, 0x10, 0x03, 0x02,
    0x00, 0x00, 0x0d, 0x06, 0x5e, 0xff, 0xa3, 0x00, 0x00, 0x11, 0x5f, 0x13, 0x00, 0x00,
    0x09, 0x9d, 0xee, 0xea, 0x72, 0x57, 0xff, 0x75, 0x00, 0x7e, 0xd8, 0xec, 0x9d, 0x09,
    0xac, 0xe3, 0x44, 0x53, 0xfb, 0x57, 0x9d, 0x9c, 0x60, 0xfc, 0x56, 0x45, 0xe3, 0xac,
    0xff, 0x3c, 0x00, 0x00, 0x72, 0xc8, 0x9e, 0x9f, 0xc6, 0x71, 0x00, 0x00, 0x3c, 0xff,
    0xff, 0x4f, 0x00, 0x00, 0x84, 0xbf, 0x89, 0x89, 0xc0, 0x84, 0x00, 0x00, 0x4f, 0xff,
    0x8e, 0xf7, 0x72, 0x81, 0xff, 0x58, 0x06, 0x06, 0x59, 0xff, 0x81, 0x72, 0xf7, 0x8d,
    0x00, 0x71, 0xd2, 0xca, 0x59, 0x00, 0x00, 0x00, 0x00, 0x58, 0xca, 0xd2, 0x71, 0x00,
    0x00, 0x00, 0x00, 0x00, 0x00, 0x01, 0x00, 0x00, 0x01, 0x00, 0x00, 0x00, 0x00, 0x00,
};
static const lv_image_dsc_t menu_icon_cycling = {
    .header.magic = LV_IMAGE_HEADER_MAGIC,
    .header.cf = LV_COLOR_FORMAT_A8,
    .header.w = 14,
    .header.h = 14,
    .header.stride = 14,
    .data_size = sizeof(menu_icon_cycling_data),
    .data = menu_icon_cycling_data,
};

/* material-symbols:hiking-rounded */
static LV_ATTRIBUTE_MEM_ALIGN LV_ATTRIBUTE_LARGE_CONST
const uint8_t menu_icon_hiking_data[] = {
    0x00, 0x00, 0x00, 0x00, 0x00, 0x00, 0x00, 0x1a, 0x0d, 0x00, 0x01, 0x00, 0x00, 0x00,
    0x00, 0x00, 0x00, 0x03, 0x06, 0x00, 0x2e, 0xf0, 0xcb, 0x0a, 0x01, 0x01, 0x00, 0x00,
    0x00, 0x00, 0x00, 0x00, 0x00, 0x00, 0x21, 0xf0, 0xdf, 0x0b, 0x01, 0x01, 0x00, 0x00,
    0x00, 0x01, 0x00, 0x3d, 0x6b, 0x04, 0x5b, 0x7d, 0x12, 0x01, 0x03, 0x01, 0x00, 0x00,
    0x01, 0x01, 0x07, 0xee, 0xf3, 0x32, 0xff, 0xfe, 0x3a, 0x00, 0x00, 0x00, 0x00, 0x00,
    0x02, 0x00, 0x25, 0xfc, 0xaa, 0x51, 0xfd, 0xff, 0xee, 0x22, 0x76, 0x1e, 0x00, 0x01,
    0x04, 0x00, 0x50, 0xff, 0x80, 0x77, 0xfe, 0xc6, 0xa8, 0xf7, 0xf5, 0x26, 0x00, 0x02,
    0x01, 0x00, 0x1a, 0x81, 0x28, 0xae, 0xff, 0x93, 0x00, 0x4a, 0xdc, 0x25, 0x00, 0x02,
    0x00, 0x00, 0x00, 0x00, 0x04, 0xe3, 0xf7, 0xf1, 0x44, 0x00, 0xbc, 0x2e, 0x00, 0x02,
    0x00, 0x00, 0x03, 0x04, 0x2d, 0xfe, 0x44, 0xcb, 0xce, 0x03, 0xc2, 0x2d, 0x00, 0x02,
    0x00, 0x00, 0x04, 0x00, 0x5c, 0xf9, 0x00, 0x6e, 0xd0, 0x00, 0xc1, 0x2d, 0x00, 0x02,
    0x00, 0x00, 0x04, 0x00, 0x95, 0xd0, 0x02, 0x7c, 0xce, 0x00, 0xc0, 0x2d, 0x00, 0x02,
    0x00, 0x00, 0x03, 0x00, 0xcf, 0x95, 0x00, 0x7f, 0xd4, 0x00, 0xc7, 0x2e, 0x00, 0x02,
    0x00, 0x00, 0x01, 0x00, 0x49, 0x25, 0x00, 0x27, 0x46, 0x00, 0x46, 0x0f, 0x00, 0x01,
};
static const lv_image_dsc_t menu_icon_hiking = {
    .header.magic = LV_IMAGE_HEADER_MAGIC,
    .header.cf = LV_COLOR_FORMAT_A8,
    .header.w = 14,
    .header.h = 14,
    .header.stride = 14,
    .data_size = sizeof(menu_icon_hiking_data),
    .data = menu_icon_hiking_data,
};

/* material-symbols:stairs-rounded */
static LV_ATTRIBUTE_MEM_ALIGN LV_ATTRIBUTE_LARGE_CONST
const uint8_t menu_icon_stairs_data[] = {
    0x00, 0x01, 0x00, 0x00, 0x00, 0x00, 0x00, 0x00, 0x00, 0x00, 0x00, 0x00, 0x01, 0x00,
    0x01, 0x00, 0x28, 0x40, 0x3f, 0x40, 0x40, 0x40, 0x3c, 0x3b, 0x3f, 0x28, 0x00, 0x01,
    0x00, 0x29, 0xf9, 0xff, 0xff, 0xff, 0xff, 0xff, 0xff, 0xff, 0xff, 0xf9, 0x29, 0x00,
    0x00, 0x43, 0xff, 0xfa, 0xfd, 0xfc, 0xfa, 0xf3, 0x8e, 0x70, 0xc5, 0xff, 0x41, 0x00,
    0x00, 0x3f, 0xfe, 0xfd, 0xff, 0xfd, 0xff, 0xed, 0x00, 0x36, 0xb6, 0xfe, 0x3d, 0x00,
    0x00, 0x40, 0xff, 0xfd, 0xfc, 0xfb, 0xc0, 0x5a, 0x00, 0xec, 0xff, 0xff, 0x40, 0x00,
    0x00, 0x40, 0xff, 0xfd, 0xfc, 0xff, 0x65, 0x10, 0x78, 0xf0, 0xfc, 0xff, 0x40, 0x00,
    0x00, 0x40, 0xff, 0xfc, 0xf0, 0x77, 0x10, 0x65, 0xff, 0xfc, 0xfd, 0xff, 0x40, 0x00,
    0x00, 0x40, 0xff, 0xff, 0xec, 0x00, 0x5b, 0xc0, 0xfb, 0xfc, 0xfd, 0xff, 0x40, 0x00,
    0x00, 0x3d, 0xfe, 0xb5, 0x36, 0x00, 0xee, 0xff, 0xfd, 0xff, 0xfd, 0xfe, 0x3f, 0x00,
    0x00, 0x41, 0xff, 0xc4, 0x70, 0x8e, 0xf3, 0xfa, 0xfc, 0xfd, 0xfa, 0xff, 0x43, 0x00,
    0x00, 0x29, 0xf9, 0xff, 0xff, 0xff, 0xff, 0xff, 0xff, 0xff, 0xff, 0xf9, 0x29, 0x00,
    0x01, 0x00, 0x28, 0x3f, 0x3b, 0x3c, 0x40, 0x40, 0x40, 0x3f, 0x40, 0x28, 0x00, 0x01,
    0x00, 0x01, 0x00, 0x00, 0x00, 0x00, 0x00, 0x00, 0x00, 0x00, 0x00, 0x00, 0x01, 0x00,
};
static const lv_image_dsc_t menu_icon_stairs = {
    .header.magic = LV_IMAGE_HEADER_MAGIC,
    .header.cf = LV_COLOR_FORMAT_A8,
    .header.w = 14,
    .header.h = 14,
    .header.stride = 14,
    .data_size = sizeof(menu_icon_stairs_data),
    .data = menu_icon_stairs_data,
};

/* material-symbols:rowing-rounded */
static LV_ATTRIBUTE_MEM_ALIGN LV_ATTRIBUTE_LARGE_CONST
const uint8_t menu_icon_rowing_data[] = {
    0x00, 0x00, 0x00, 0x00, 0x00, 0x00, 0x00, 0x04, 0x60, 0x2f, 0x00, 0x02, 0x00, 0x00,
    0x00, 0x00, 0x00, 0x00, 0x00, 0x04, 0x00, 0x5a, 0xff, 0xd9, 0x03, 0x01, 0x01, 0x00,
    0x00, 0x00, 0x00, 0x00, 0x00, 0x02, 0x01, 0x29, 0xbd, 0x84, 0x01, 0x01, 0x00, 0x00,
    0x00, 0x00, 0x00, 0x00, 0x01, 0x04, 0x00, 0x0e, 0x75, 0x28, 0x00, 0x02, 0x00, 0x00,
    0x00, 0x00, 0x00, 0x00, 0x00, 0x00, 0x10, 0xcf, 0xff, 0xd3, 0x03, 0x01, 0x01, 0x00,
    0x00, 0x00, 0x00, 0x02, 0x13, 0x4f, 0xe2, 0xff, 0xfb, 0xe0, 0x07, 0x00, 0x01, 0x00,
    0x00, 0x04, 0x00, 0x6e, 0xff, 0xff, 0x7f, 0xbd, 0xfe, 0xd9, 0x07, 0x00, 0x01, 0x00,
    0x00, 0x01, 0x00, 0x20, 0x53, 0xe6, 0x84, 0x69, 0xff, 0xe0, 0x07, 0x00, 0x01, 0x00,
    0x00, 0x00, 0x03, 0x00, 0x1e, 0x5f, 0xf5, 0x94, 0x84, 0xde, 0x05, 0x01, 0x01, 0x00,
    0x00, 0x02, 0x00, 0x2c, 0xff, 0xb9, 0x3f, 0xf7, 0xa1, 0x1c, 0x00, 0x03, 0x00, 0x00,
    0x02, 0x01, 0x2f, 0xfb, 0xa7, 0x17, 0x00, 0x32, 0xf2, 0xa4, 0x5c, 0x00, 0x00, 0x00,
    0x03, 0x00, 0x43, 0x92, 0x00, 0x00, 0x05, 0x00, 0x55, 0xff, 0xff, 0x84, 0x02, 0x02,
    0x00, 0x00, 0x00, 0x00, 0x00, 0x01, 0x01, 0x03, 0x16, 0xd3, 0xff, 0xd8, 0x07, 0x01,
    0x00, 0x00, 0x01, 0x04, 0x01, 0x00, 0x00, 0x02, 0x00, 0x24, 0xb1, 0x24, 0x00, 0x02,
};
static const lv_image_dsc_t menu_icon_rowing = {
    .header.magic = LV_IMAGE_HEADER_MAGIC,
    .header.cf = LV_COLOR_FORMAT_A8,
    .header.w = 14,
    .header.h = 14,
    .header.stride = 14,
    .data_size = sizeof(menu_icon_rowing_data),
    .data = menu_icon_rowing_data,
};

/* material-symbols:exercise */
static LV_ATTRIBUTE_MEM_ALIGN LV_ATTRIBUTE_LARGE_CONST
const uint8_t menu_icon_strength_data[] = {
    0x00, 0x00, 0x00, 0x00, 0x00, 0x00, 0x00, 0x00, 0x00, 0x00, 0x00, 0x01, 0x01, 0x00,
    0x00, 0x00, 0x00, 0x00, 0x01, 0x00, 0x08, 0x27, 0x09, 0xc9, 0x88, 0x00, 0x02, 0x01,
    0x00, 0x00, 0x00, 0x01, 0x02, 0x0c, 0xb9, 0xfa, 0x49, 0x7d, 0xff, 0x95, 0x00, 0x02,
    0x00, 0x00, 0x01, 0x03, 0x01, 0x1a, 0xe5, 0xff, 0xf8, 0x39, 0x6e, 0xff, 0x89, 0x00,
    0x00, 0x01, 0x00, 0x00, 0x07, 0x00, 0x53, 0xfe, 0xfd, 0xfb, 0x39, 0x7e, 0xca, 0x00,
    0x01, 0x00, 0x05, 0x1b, 0x00, 0x30, 0xe1, 0xfe, 0xfa, 0xfd, 0xf8, 0x49, 0x0f, 0x02,
    0x02, 0x10, 0xb8, 0xe9, 0x5e, 0xe5, 0xff, 0xfc, 0xff, 0xff, 0xff, 0xff, 0x25, 0x00,
    0x00, 0x21, 0xff, 0xff, 0xff, 0xff, 0xfc, 0xff, 0xe6, 0x5b, 0xe5, 0xb8, 0x10, 0x02,
    0x02, 0x10, 0x42, 0xf6, 0xfd, 0xfa, 0xfe, 0xe0, 0x30, 0x00, 0x18, 0x05, 0x00, 0x01,
    0x00, 0xc8, 0x7f, 0x33, 0xf9, 0xfe, 0xfe, 0x57, 0x00, 0x07, 0x00, 0x00, 0x01, 0x00,
    0x00, 0x83, 0xff, 0x6f, 0x33, 0xf6, 0xff, 0xe9, 0x1d, 0x00, 0x03, 0x01, 0x00, 0x00,
    0x02, 0x00, 0x8e, 0xff, 0x80, 0x42, 0xf7, 0xbb, 0x0d, 0x02, 0x01, 0x00, 0x00, 0x00,
    0x01, 0x02, 0x00, 0x82, 0xc4, 0x08, 0x24, 0x08, 0x00, 0x01, 0x00, 0x00, 0x00, 0x00,
    0x00, 0x00, 0x01, 0x00, 0x00, 0x00, 0x00, 0x00, 0x01, 0x00, 0x00, 0x00, 0x00, 0x00,
};
static const lv_image_dsc_t menu_icon_strength = {
    .header.magic = LV_IMAGE_HEADER_MAGIC,
    .header.cf = LV_COLOR_FORMAT_A8,
    .header.w = 14,
    .header.h = 14,
    .header.stride = 14,
    .data_size = sizeof(menu_icon_strength_data),
    .data = menu_icon_strength_data,
};

/* material-symbols:self-improvement-rounded */
static LV_ATTRIBUTE_MEM_ALIGN LV_ATTRIBUTE_LARGE_CONST
const uint8_t menu_icon_yoga_data[] = {
    0x00, 0x00, 0x00, 0x00, 0x00, 0x00, 0x04, 0x04, 0x00, 0x00, 0x00, 0x00, 0x00, 0x00,
    0x00, 0x00, 0x00, 0x00, 0x00, 0x00, 0x00, 0x00, 0x00, 0x00, 0x00, 0x00, 0x00, 0x00,
    0x00, 0x00, 0x00, 0x00, 0x01, 0x05, 0x80, 0x80, 0x05, 0x01, 0x00, 0x00, 0x00, 0x00,
    0x00, 0x00, 0x00, 0x02, 0x00, 0x29, 0xff, 0xff, 0x29, 0x00, 0x02, 0x00, 0x00, 0x00,
    0x00, 0x00, 0x00, 0x00, 0x02, 0x00, 0x72, 0x72, 0x00, 0x02, 0x00, 0x00, 0x00, 0x00,
    0x00, 0x00, 0x01, 0x05, 0x00, 0x1e, 0xa3, 0xa2, 0x1f, 0x00, 0x05, 0x01, 0x00, 0x00,
    0x00, 0x01, 0x00, 0x00, 0x12, 0xdd, 0xff, 0xff, 0xde, 0x12, 0x00, 0x00, 0x01, 0x00,
    0x00, 0x00, 0x05, 0x4b, 0xe4, 0xd8, 0xf4, 0xf3, 0xd7, 0xe3, 0x4a, 0x05, 0x00, 0x00,
    0x00, 0x27, 0xe6, 0xe8, 0x80, 0x4b, 0xff, 0xff, 0x55, 0x80, 0xe8, 0xe6, 0x27, 0x00,
    0x00, 0x10, 0x4d, 0x5d, 0x9e, 0xf9, 0xd4, 0xc5, 0xcf, 0x9e, 0x5c, 0x4d, 0x10, 0x00,
    0x02, 0x00, 0x06, 0xfe, 0xff, 0xa3, 0x7e, 0x95, 0xbd, 0xff, 0xff, 0x06, 0x00, 0x02,
    0x00, 0x01, 0x08, 0x7b, 0xa9, 0x40, 0xaa, 0xbc, 0xb3, 0xa9, 0x7c, 0x08, 0x01, 0x00,
    0x00, 0x00, 0x00, 0x00, 0x00, 0x00, 0x00, 0x00, 0x00, 0x00, 0x00, 0x00, 0x00, 0x00,
    0x00, 0x00, 0x00, 0x03, 0x03, 0x01, 0x03, 0x03, 0x03, 0x03, 0x03, 0x00, 0x00, 0x00,
};
static const lv_image_dsc_t menu_icon_yoga = {
    .header.magic = LV_IMAGE_HEADER_MAGIC,
    .header.cf = LV_COLOR_FORMAT_A8,
    .header.w = 14,
    .header.h = 14,
    .header.stride = 14,
    .data_size = sizeof(menu_icon_yoga_data),
    .data = menu_icon_yoga_data,
};

/* material-symbols:sports-tennis-rounded */
static LV_ATTRIBUTE_MEM_ALIGN LV_ATTRIBUTE_LARGE_CONST
const uint8_t menu_icon_tennis_data[] = {
    0x00, 0x00, 0x00, 0x00, 0x00, 0x01, 0x00, 0x24, 0x76, 0x84, 0x31, 0x00, 0x02, 0x00,
    0x00, 0x00, 0x00, 0x01, 0x03, 0x00, 0x81, 0xf4, 0xd6, 0xcf, 0xfa, 0x66, 0x00, 0x02,
    0x00, 0x00, 0x00, 0x02, 0x00, 0x94, 0xf6, 0x45, 0x00, 0x00, 0x60, 0xff, 0x1a, 0x00,
    0x00, 0x00, 0x03, 0x00, 0x3d, 0xff, 0x30, 0x00, 0x04, 0x02, 0x00, 0xec, 0x4d, 0x00,
    0x00, 0x00, 0x04, 0x00, 0xa3, 0xb7, 0x00, 0x05, 0x03, 0x03, 0x15, 0xf8, 0x34, 0x00,
    0x00, 0x00, 0x03, 0x00, 0xbc, 0x8c, 0x00, 0x07, 0x01, 0x00, 0x90, 0xe1, 0x03, 0x01,
    0x00, 0x00, 0x03, 0x01, 0xbb, 0xd0, 0x05, 0x00, 0x03, 0x7b, 0xff, 0x3e, 0x00, 0x03,
    0x00, 0x01, 0x02, 0x00, 0xda, 0xff, 0xea, 0xc4, 0xe8, 0xe9, 0x3d, 0x00, 0x04, 0x00,
    0x00, 0x03, 0x00, 0x85, 0xfe, 0xa8, 0x8d, 0x8e, 0x5d, 0x24, 0x35, 0x18, 0x00, 0x01,
    0x02, 0x00, 0x7f, 0xfe, 0x40, 0x00, 0x00, 0x00, 0x28, 0xe2, 0xff, 0xe6, 0x3a, 0x01,
    0x00, 0x6c, 0xff, 0x3b, 0x00, 0x05, 0x06, 0x04, 0xc2, 0xff, 0xf7, 0xff, 0xbb, 0x00,
    0x00, 0x3b, 0x36, 0x00, 0x04, 0x00, 0x02, 0x00, 0xca, 0xff, 0xf6, 0xff, 0xc6, 0x00,
    0x00, 0x00, 0x00, 0x02, 0x00, 0x00, 0x03, 0x00, 0x52, 0xf7, 0xff, 0xf7, 0x50, 0x00,
    0x00, 0x02, 0x03, 0x00, 0x00, 0x00, 0x00, 0x01, 0x00, 0x35, 0x6c, 0x35, 0x00, 0x01,
};
static const lv_image_dsc_t menu_icon_tennis = {
    .header.magic = LV_IMAGE_HEADER_MAGIC,
    .header.cf = LV_COLOR_FORMAT_A8,
    .header.w = 14,
    .header.h = 14,
    .header.stride = 14,
    .data_size = sizeof(menu_icon_tennis_data),
    .data = menu_icon_tennis_data,
};

/* material-symbols:sports-basketball */
static LV_ATTRIBUTE_MEM_ALIGN LV_ATTRIBUTE_LARGE_CONST
const uint8_t menu_icon_basketball_data[] = {
    0x00, 0x00, 0x00, 0x01, 0x00, 0x00, 0x00, 0x00, 0x00, 0x00, 0x01, 0x00, 0x00, 0x00,
    0x00, 0x01, 0x00, 0x00, 0x45, 0xa2, 0x41, 0x41, 0xa1, 0x45, 0x00, 0x00, 0x01, 0x00,
    0x01, 0x01, 0x06, 0xa9, 0xff, 0xff, 0x5a, 0x5a, 0xff, 0xff, 0xaa, 0x06, 0x01, 0x01,
    0x00, 0x05, 0x06, 0x9c, 0xff, 0xfb, 0x55, 0x55, 0xfb, 0xff, 0x99, 0x05, 0x05, 0x00,
    0x00, 0x52, 0xae, 0x00, 0xde, 0xfb, 0x53, 0x53, 0xfb, 0xdc, 0x00, 0xae, 0x50, 0x00,
    0x00, 0xb0, 0xff, 0x2b, 0x83, 0xff, 0x58, 0x58, 0xff, 0x82, 0x2b, 0xff, 0xaf, 0x00,
    0x00, 0x40, 0x58, 0x1e, 0x1a, 0x5b, 0x1c, 0x1c, 0x5b, 0x1b, 0x1e, 0x58, 0x40, 0x00,
    0x00, 0x40, 0x58, 0x1e, 0x1a, 0x5b, 0x1c, 0x1c, 0x5b, 0x1b, 0x1e, 0x58, 0x40, 0x00,
    0x00, 0xb0, 0xff, 0x2a, 0x83, 0xff, 0x59, 0x58, 0xff, 0x82, 0x2b, 0xff, 0xb0, 0x00,
    0x00, 0x51, 0xac, 0x00, 0xdd, 0xfb, 0x53, 0x53, 0xfb, 0xdc, 0x00, 0xae, 0x50, 0x00,
    0x00, 0x05, 0x05, 0x9b, 0xff, 0xfb, 0x55, 0x55, 0xfb, 0xff, 0x99, 0x05, 0x05, 0x00,
    0x01, 0x01, 0x06, 0xa7, 0xff, 0xff, 0x5a, 0x5a, 0xff, 0xff, 0xaa, 0x06, 0x01, 0x01,
    0x00, 0x01, 0x00, 0x00, 0x45, 0xa2, 0x41, 0x41, 0xa2, 0x46, 0x00, 0x00, 0x01, 0x00,
    0x00, 0x00, 0x00, 0x01, 0x00, 0x00, 0x00, 0x00, 0x00, 0x00, 0x01, 0x00, 0x00, 0x00,
};
static const lv_image_dsc_t menu_icon_basketball = {
    .header.magic = LV_IMAGE_HEADER_MAGIC,
    .header.cf = LV_COLOR_FORMAT_A8,
    .header.w = 14,
    .header.h = 14,
    .header.stride = 14,
    .data_size = sizeof(menu_icon_basketball_data),
    .data = menu_icon_basketball_data,
};

/* material-symbols:sports-soccer */
static LV_ATTRIBUTE_MEM_ALIGN LV_ATTRIBUTE_LARGE_CONST
const uint8_t menu_icon_soccer_data[] = {
    0x00, 0x00, 0x01, 0x02, 0x00, 0x00, 0x00, 0x00, 0x00, 0x00, 0x02, 0x01, 0x00, 0x00,
    0x00, 0x01, 0x00, 0x00, 0x48, 0xac, 0xc7, 0xc7, 0xac, 0x48, 0x00, 0x00, 0x01, 0x00,
    0x01, 0x02, 0x04, 0xa9, 0xfb, 0xbd, 0xfe, 0xfe, 0xbd, 0xfb, 0xa9, 0x04, 0x02, 0x01,
    0x02, 0x00, 0xa9, 0xe8, 0x2a, 0x00, 0xaa, 0xab, 0x00, 0x29, 0xe9, 0xa9, 0x00, 0x02,
    0x00, 0x42, 0xff, 0x23, 0x00, 0x7e, 0xf7, 0xf7, 0x7f, 0x00, 0x23, 0xff, 0x42, 0x00,
    0x00, 0x9e, 0xff, 0xb4, 0xb4, 0xef, 0x4b, 0x49, 0xed, 0xb5, 0xb4, 0xff, 0x9e, 0x00,
    0x00, 0xd0, 0xb3, 0xa5, 0xff, 0x1f, 0x00, 0x00, 0x1b, 0xff, 0xa9, 0xb6, 0xd0, 0x00,
    0x00, 0xd8, 0x5e, 0x00, 0xf8, 0x41, 0x00, 0x00, 0x3e, 0xf7, 0x00, 0x5e, 0xd8, 0x00,
    0x00, 0xb1, 0xb1, 0x00, 0xad, 0xbd, 0x48, 0x48, 0xbd, 0xad, 0x00, 0xb1, 0xb0, 0x00,
    0x00, 0x46, 0xff, 0x27, 0x95, 0xf9, 0xe9, 0xe9, 0xf9, 0x95, 0x27, 0xff, 0x45, 0x00,
    0x02, 0x00, 0xa4, 0xff, 0xff, 0x42, 0x00, 0x00, 0x41, 0xff, 0xff, 0xa4, 0x00, 0x02,
    0x01, 0x02, 0x05, 0xa2, 0xff, 0xc5, 0x6a, 0x6a, 0xc5, 0xff, 0xa1, 0x05, 0x02, 0x01,
    0x00, 0x01, 0x00, 0x00, 0x45, 0xa9, 0xd4, 0xd4, 0xa9, 0x45, 0x00, 0x00, 0x01, 0x00,
    0x00, 0x00, 0x01, 0x02, 0x00, 0x00, 0x00, 0x00, 0x00, 0x00, 0x02, 0x01, 0x00, 0x00,
};
static const lv_image_dsc_t menu_icon_soccer = {
    .header.magic = LV_IMAGE_HEADER_MAGIC,
    .header.cf = LV_COLOR_FORMAT_A8,
    .header.w = 14,
    .header.h = 14,
    .header.stride = 14,
    .data_size = sizeof(menu_icon_soccer_data),
    .data = menu_icon_soccer_data,
};

/* material-symbols:ac-unit-rounded */
static LV_ATTRIBUTE_MEM_ALIGN LV_ATTRIBUTE_LARGE_CONST
const uint8_t menu_icon_cooldown_data[] = {
    0x00, 0x00, 0x00, 0x00, 0x00, 0x03, 0x00, 0x00, 0x03, 0x00, 0x00, 0x00, 0x00, 0x00,
    0x00, 0x00, 0x01, 0x01, 0x0a, 0x00, 0x73, 0x73, 0x00, 0x0b, 0x01, 0x01, 0x00, 0x00,
    0x00, 0x01, 0x00, 0x10, 0xe4, 0x49, 0xa1, 0xa1, 0x4c, 0xe4, 0x0e, 0x00, 0x01, 0x00,
    0x00, 0x01, 0x0d, 0x00, 0x6c, 0xfc, 0xda, 0xda, 0xfc, 0x6b, 0x00, 0x0c, 0x01, 0x00,
    0x00, 0x0e, 0xe6, 0x69, 0x00, 0x65, 0xff, 0xff, 0x63, 0x00, 0x69, 0xe4, 0x0c, 0x00,
    0x02, 0x00, 0x4d, 0xf5, 0x65, 0x00, 0xa8, 0xa8, 0x00, 0x64, 0xf5, 0x4c, 0x00, 0x02,
    0x00, 0x73, 0x9b, 0xdc, 0xff, 0xab, 0xdd, 0xdd, 0xab, 0xff, 0xdd, 0x9b, 0x73, 0x00,
    0x00, 0x74, 0x9b, 0xdc, 0xff, 0xab, 0xdd, 0xdd, 0xab, 0xff, 0xdc, 0x9b, 0x73, 0x00,
    0x02, 0x00, 0x4b, 0xf4, 0x64, 0x00, 0xa8, 0xa8, 0x00, 0x62, 0xf4, 0x4a, 0x00, 0x02,
    0x00, 0x0e, 0xe7, 0x69, 0x00, 0x63, 0xff, 0xff, 0x62, 0x00, 0x69, 0xe5, 0x0c, 0x00,
    0x00, 0x01, 0x0e, 0x00, 0x6b, 0xfc, 0xda, 0xda, 0xfc, 0x69, 0x00, 0x0e, 0x01, 0x00,
    0x00, 0x01, 0x00, 0x0f, 0xe5, 0x4c, 0xa1, 0xa1, 0x4d, 0xe5, 0x0e, 0x00, 0x01, 0x00,
    0x00, 0x00, 0x01, 0x01, 0x0c, 0x00, 0x73, 0x74, 0x00, 0x0c, 0x01, 0x01, 0x00, 0x00,
    0x00, 0x00, 0x00, 0x00, 0x00, 0x03, 0x00, 0x00, 0x03, 0x00, 0x00, 0x00, 0x00, 0x00,
};
static const lv_image_dsc_t menu_icon_cooldown = {
    .header.magic = LV_IMAGE_HEADER_MAGIC,
    .header.cf = LV_COLOR_FORMAT_A8,
    .header.w = 14,
    .header.h = 14,
    .header.stride = 14,
    .data_size = sizeof(menu_icon_cooldown_data),
    .data = menu_icon_cooldown_data,
};

/* material-symbols:calendar-today-rounded */
static LV_ATTRIBUTE_MEM_ALIGN LV_ATTRIBUTE_LARGE_CONST
const uint8_t menu_icon_today_data[] = {
    0x00, 0x00, 0x04, 0x00, 0x00, 0x03, 0x03, 0x03, 0x03, 0x00, 0x00, 0x04, 0x00, 0x00,
    0x00, 0x01, 0x00, 0x5c, 0x7e, 0x00, 0x00, 0x00, 0x00, 0x7e, 0x5c, 0x00, 0x01, 0x00,
    0x01, 0x09, 0x85, 0xe4, 0xf2, 0xa8, 0xab, 0xab, 0xa8, 0xf2, 0xe4, 0x85, 0x09, 0x01,
    0x00, 0x3c, 0xff, 0xff, 0xfe, 0xff, 0xff, 0xff, 0xff, 0xfe, 0xff, 0xff, 0x3c, 0x00,
    0x00, 0x41, 0xfc, 0xff, 0xff, 0xff, 0xff, 0xff, 0xff, 0xff, 0xff, 0xfc, 0x41, 0x00,
    0x00, 0x41, 0xfc, 0xcd, 0xce, 0xce, 0xce, 0xce, 0xce, 0xce, 0xcd, 0xfc, 0x41, 0x00,
    0x00, 0x48, 0xeb, 0x03, 0x00, 0x00, 0x00, 0x00, 0x00, 0x00, 0x03, 0xeb, 0x48, 0x00,
    0x00, 0x48, 0xeb, 0x05, 0x00, 0x01, 0x00, 0x00, 0x01, 0x00, 0x05, 0xeb, 0x48, 0x00,
    0x00, 0x48, 0xeb, 0x05, 0x00, 0x01, 0x00, 0x00, 0x01, 0x00, 0x05, 0xeb, 0x48, 0x00,
    0x00, 0x48, 0xeb, 0x08, 0x03, 0x04, 0x03, 0x03, 0x04, 0x03, 0x08, 0xeb, 0x48, 0x00,
    0x00, 0x48, 0xe7, 0x00, 0x00, 0x00, 0x00, 0x00, 0x00, 0x00, 0x00, 0xe7, 0x48, 0x00,
    0x00, 0x46, 0xff, 0x64, 0x61, 0x62, 0x61, 0x61, 0x62, 0x61, 0x64, 0xff, 0x46, 0x00,
    0x01, 0x10, 0xac, 0xd9, 0xd7, 0xd8, 0xd8, 0xd8, 0xd8, 0xd7, 0xd9, 0xac, 0x10, 0x01,
    0x00, 0x00, 0x00, 0x00, 0x00, 0x00, 0x00, 0x00, 0x00, 0x00, 0x00, 0x00, 0x00, 0x00,
};
static const lv_image_dsc_t menu_icon_today = {
    .header.magic = LV_IMAGE_HEADER_MAGIC,
    .header.cf = LV_COLOR_FORMAT_A8,
    .header.w = 14,
    .header.h = 14,
    .header.stride = 14,
    .data_size = sizeof(menu_icon_today_data),
    .data = menu_icon_today_data,
};

/* material-symbols:upcoming-rounded */
static LV_ATTRIBUTE_MEM_ALIGN LV_ATTRIBUTE_LARGE_CONST
const uint8_t menu_icon_upcoming_data[] = {
    0x00, 0x00, 0x00, 0x00, 0x00, 0x00, 0x00, 0x00, 0x00, 0x00, 0x00, 0x00, 0x00, 0x00,
    0x00, 0x00, 0x03, 0x00, 0x01, 0x00, 0x1c, 0x1c, 0x00, 0x01, 0x00, 0x03, 0x00, 0x00,
    0x00, 0x00, 0x00, 0x01, 0x05, 0x00, 0xa2, 0xa2, 0x00, 0x05, 0x01, 0x00, 0x00, 0x00,
    0x00, 0x08, 0x43, 0x00, 0x02, 0x00, 0xb1, 0xb1, 0x00, 0x02, 0x00, 0x43, 0x08, 0x00,
    0x01, 0x0f, 0xf1, 0x9d, 0x06, 0x00, 0x5a, 0x5a, 0x00, 0x06, 0x9d, 0xf2, 0x0f, 0x01,
    0x02, 0x00, 0x27, 0xe2, 0x36, 0x01, 0x00, 0x00, 0x01, 0x36, 0xe2, 0x27, 0x00, 0x02,
    0x00, 0x00, 0x09, 0x18, 0x15, 0x00, 0x06, 0x06, 0x00, 0x15, 0x18, 0x09, 0x00, 0x00,
    0x00, 0x85, 0xf0, 0xe7, 0xeb, 0x4a, 0x00, 0x00, 0x4b, 0xeb, 0xe7, 0xf0, 0x85, 0x00,
    0x00, 0xd3, 0xff, 0xff, 0xff, 0xe2, 0x5a, 0x5a, 0xe2, 0xff, 0xff, 0xff, 0xd3, 0x00,
    0x00, 0xc7, 0xfe, 0xfc, 0xfe, 0xff, 0xff, 0xff, 0xff, 0xfe, 0xfc, 0xfe, 0xc7, 0x00,
    0x00, 0xcf, 0xfd, 0xfb, 0xfd, 0xfb, 0xfa, 0xfa, 0xfb, 0xfd, 0xfb, 0xfd, 0xcf, 0x00,
    0x00, 0xac, 0xff, 0xff, 0xff, 0xff, 0xff, 0xff, 0xff, 0xff, 0xff, 0xff, 0xac, 0x00,
    0x00, 0x0d, 0x40, 0x40, 0x40, 0x40, 0x40, 0x40, 0x40, 0x40, 0x40, 0x40, 0x0d, 0x00,
    0x00, 0x00, 0x00, 0x00, 0x00, 0x00, 0x00, 0x00, 0x00, 0x00, 0x00, 0x00, 0x00, 0x00,
};
static const lv_image_dsc_t menu_icon_upcoming = {
    .header.magic = LV_IMAGE_HEADER_MAGIC,
    .header.cf = LV_COLOR_FORMAT_A8,
    .header.w = 14,
    .header.h = 14,
    .header.stride = 14,
    .data_size = sizeof(menu_icon_upcoming_data),
    .data = menu_icon_upcoming_data,
};

/* material-symbols:calendar-view-month */
static LV_ATTRIBUTE_MEM_ALIGN LV_ATTRIBUTE_LARGE_CONST
const uint8_t menu_icon_month_data[] = {
    0x00, 0x00, 0x02, 0x02, 0x01, 0x01, 0x02, 0x02, 0x01, 0x01, 0x02, 0x02, 0x00, 0x00,
    0x00, 0x00, 0x00, 0x00, 0x00, 0x00, 0x00, 0x00, 0x00, 0x00, 0x00, 0x00, 0x00, 0x00,
    0x00, 0x01, 0x1d, 0x23, 0x0f, 0x05, 0x21, 0x21, 0x05, 0x0f, 0x23, 0x1d, 0x01, 0x00,
    0x00, 0x35, 0xf5, 0xf9, 0xb1, 0x7b, 0xf8, 0xf8, 0x7b, 0xb1, 0xf9, 0xf5, 0x35, 0x00,
    0x00, 0x41, 0xfe, 0xfe, 0xc2, 0x91, 0xfe, 0xfe, 0x91, 0xc2, 0xfe, 0xfe, 0x41, 0x00,
    0x00, 0x44, 0xff, 0xff, 0xce, 0x99, 0xff, 0xff, 0x99, 0xce, 0xff, 0xff, 0x44, 0x00,
    0x00, 0x1c, 0x9e, 0xaa, 0x6c, 0x44, 0xa7, 0xa7, 0x44, 0x6c, 0xaa, 0x9e, 0x1c, 0x00,
    0x00, 0x1c, 0x9e, 0xaa, 0x6c, 0x44, 0xa7, 0xa7, 0x44, 0x6c, 0xaa, 0x9e, 0x1c, 0x00,
    0x00, 0x44, 0xff, 0xff, 0xce, 0x99, 0xff, 0xff, 0x99, 0xce, 0xff, 0xff, 0x44, 0x00,
    0x00, 0x41, 0xfe, 0xfe, 0xc2, 0x91, 0xfe, 0xfe, 0x91, 0xc2, 0xfe, 0xfe, 0x41, 0x00,
    0x00, 0x35, 0xf5, 0xf9, 0xb1, 0x7b, 0xf8, 0xf8, 0x7b, 0xb1, 0xf9, 0xf5, 0x35, 0x00,
    0x00, 0x01, 0x1d, 0x23, 0x0f, 0x05, 0x21, 0x21, 0x05, 0x0f, 0x23, 0x1d, 0x01, 0x00,
    0x00, 0x00, 0x00, 0x00, 0x00, 0x00, 0x00, 0x00, 0x00, 0x00, 0x00, 0x00, 0x00, 0x00,
    0x00, 0x00, 0x02, 0x02, 0x01, 0x01, 0x02, 0x02, 0x01, 0x01, 0x02, 0x02, 0x00, 0x00,
};
static const lv_image_dsc_t menu_icon_month = {
    .header.magic = LV_IMAGE_HEADER_MAGIC,
    .header.cf = LV_COLOR_FORMAT_A8,
    .header.w = 14,
    .header.h = 14,
    .header.stride = 14,
    .data_size = sizeof(menu_icon_month_data),
    .data = menu_icon_month_data,
};

/* material-symbols:event-available-rounded */
static LV_ATTRIBUTE_MEM_ALIGN LV_ATTRIBUTE_LARGE_CONST
const uint8_t menu_icon_add_event_data[] = {
    0x00, 0x00, 0x04, 0x00, 0x00, 0x03, 0x03, 0x03, 0x03, 0x00, 0x00, 0x04, 0x00, 0x00,
    0x00, 0x01, 0x00, 0x5c, 0x7e, 0x00, 0x00, 0x00, 0x00, 0x7e, 0x5c, 0x00, 0x01, 0x00,
    0x01, 0x09, 0x85, 0xe4, 0xf2, 0xa8, 0xab, 0xab, 0xa8, 0xf2, 0xe4, 0x85, 0x09, 0x01,
    0x00, 0x3c, 0xff, 0xff, 0xfe, 0xff, 0xff, 0xff, 0xff, 0xfe, 0xff, 0xff, 0x3c, 0x00,
    0x00, 0x41, 0xfc, 0xff, 0xff, 0xff, 0xff, 0xff, 0xff, 0xff, 0xff, 0xfc, 0x41, 0x00,
    0x00, 0x41, 0xfc, 0xcd, 0xce, 0xcf, 0xce, 0xd0, 0xc8, 0xc9, 0xcd, 0xfc, 0x41, 0x00,
    0x00, 0x48, 0xeb, 0x03, 0x00, 0x00, 0x01, 0x00, 0x17, 0x10, 0x02, 0xec, 0x48, 0x00,
    0x00, 0x48, 0xeb, 0x05, 0x02, 0x00, 0x00, 0x2f, 0xf6, 0x56, 0x00, 0xee, 0x48, 0x00,
    0x00, 0x48, 0xee, 0x00, 0x58, 0xcb, 0x43, 0xf9, 0x9c, 0x03, 0x06, 0xeb, 0x48, 0x00,
    0x00, 0x48, 0xec, 0x08, 0x19, 0xcb, 0xff, 0x98, 0x00, 0x03, 0x09, 0xeb, 0x48, 0x00,
    0x00, 0x48, 0xe6, 0x00, 0x00, 0x00, 0x48, 0x00, 0x00, 0x00, 0x00, 0xe7, 0x48, 0x00,
    0x00, 0x46, 0xff, 0x63, 0x61, 0x5f, 0x51, 0x62, 0x62, 0x61, 0x64, 0xff, 0x46, 0x00,
    0x01, 0x10, 0xac, 0xd9, 0xd7, 0xd9, 0xdc, 0xd9, 0xd8, 0xd7, 0xd9, 0xac, 0x10, 0x01,
    0x00, 0x00, 0x00, 0x00, 0x00, 0x00, 0x00, 0x00, 0x00, 0x00, 0x00, 0x00, 0x00, 0x00,
};
static const lv_image_dsc_t menu_icon_add_event = {
    .header.magic = LV_IMAGE_HEADER_MAGIC,
    .header.cf = LV_COLOR_FORMAT_A8,
    .header.w = 14,
    .header.h = 14,
    .header.stride = 14,
    .data_size = sizeof(menu_icon_add_event_data),
    .data = menu_icon_add_event_data,
};

/* material-symbols:event-rounded */
static LV_ATTRIBUTE_MEM_ALIGN LV_ATTRIBUTE_LARGE_CONST
const uint8_t menu_icon_event_data[] = {
    0x00, 0x00, 0x04, 0x00, 0x00, 0x03, 0x03, 0x03, 0x03, 0x00, 0x00, 0x04, 0x00, 0x00,
    0x00, 0x01, 0x00, 0x5c, 0x7e, 0x00, 0x00, 0x00, 0x00, 0x7e, 0x5c, 0x00, 0x01, 0x00,
    0x01, 0x09, 0x85, 0xe4, 0xf2, 0xa8, 0xab, 0xab, 0xa8, 0xf2, 0xe4, 0x85, 0x09, 0x01,
    0x00, 0x3c, 0xff, 0xff, 0xfe, 0xff, 0xff, 0xff, 0xff, 0xfe, 0xff, 0xff, 0x3c, 0x00,
    0x00, 0x41, 0xfc, 0xff, 0xff, 0xff, 0xff, 0xff, 0xff, 0xff, 0xff, 0xfc, 0x41, 0x00,
    0x00, 0x41, 0xfc, 0xcd, 0xce, 0xce, 0xce, 0xd0, 0xd2, 0xcf, 0xcd, 0xfc, 0x41, 0x00,
    0x00, 0x48, 0xeb, 0x03, 0x00, 0x00, 0x00, 0x00, 0x00, 0x00, 0x03, 0xeb, 0x48, 0x00,
    0x00, 0x48, 0xeb, 0x05, 0x00, 0x03, 0x00, 0x1f, 0x62, 0x16, 0x02, 0xec, 0x48, 0x00,
    0x00, 0x48, 0xeb, 0x05, 0x00, 0x02, 0x08, 0xd3, 0xff, 0xbf, 0x05, 0xeb, 0x48, 0x00,
    0x00, 0x48, 0xeb, 0x08, 0x03, 0x04, 0x0c, 0xe1, 0xff, 0xcd, 0x08, 0xeb, 0x48, 0x00,
    0x00, 0x48, 0xe7, 0x00, 0x00, 0x00, 0x00, 0x19, 0x66, 0x0f, 0x00, 0xe8, 0x48, 0x00,
    0x00, 0x46, 0xff, 0x64, 0x61, 0x62, 0x61, 0x59, 0x4f, 0x5a, 0x64, 0xff, 0x46, 0x00,
    0x01, 0x10, 0xac, 0xd9, 0xd7, 0xd8, 0xd8, 0xda, 0xdc, 0xd9, 0xd8, 0xac, 0x10, 0x01,
    0x00, 0x00, 0x00, 0x00, 0x00, 0x00, 0x00, 0x00, 0x00, 0x00, 0x00, 0x00, 0x00, 0x00,
};
static const lv_image_dsc_t menu_icon_event = {
    .header.magic = LV_IMAGE_HEADER_MAGIC,
    .header.cf = LV_COLOR_FORMAT_A8,
    .header.w = 14,
    .header.h = 14,
    .header.stride = 14,
    .data_size = sizeof(menu_icon_event_data),
    .data = menu_icon_event_data,
};

/* material-symbols:title-rounded */
static LV_ATTRIBUTE_MEM_ALIGN LV_ATTRIBUTE_LARGE_CONST
const uint8_t menu_icon_title_data[] = {
    0x00, 0x00, 0x00, 0x03, 0x03, 0x03, 0x03, 0x03, 0x03, 0x03, 0x03, 0x00, 0x00, 0x00,
    0x00, 0x00, 0x00, 0x00, 0x00, 0x00, 0x00, 0x00, 0x00, 0x00, 0x00, 0x00, 0x00, 0x00,
    0x01, 0x00, 0x08, 0x8c, 0xae, 0xab, 0xaa, 0xaa, 0xab, 0xae, 0x8c, 0x07, 0x00, 0x01,
    0x01, 0x00, 0x12, 0xe9, 0xff, 0xff, 0xff, 0xff, 0xff, 0xff, 0xe9, 0x11, 0x00, 0x01,
    0x00, 0x00, 0x00, 0x0d, 0x1e, 0x1d, 0xe0, 0xe0, 0x1d, 0x1e, 0x0d, 0x00, 0x00, 0x00,
    0x00, 0x00, 0x00, 0x00, 0x00, 0x00, 0xde, 0xde, 0x00, 0x00, 0x00, 0x00, 0x00, 0x00,
    0x00, 0x00, 0x00, 0x02, 0x02, 0x02, 0xdf, 0xdf, 0x02, 0x02, 0x02, 0x00, 0x00, 0x00,
    0x00, 0x00, 0x00, 0x01, 0x00, 0x00, 0xdf, 0xdf, 0x00, 0x00, 0x01, 0x00, 0x00, 0x00,
    0x00, 0x00, 0x00, 0x01, 0x00, 0x00, 0xdf, 0xdf, 0x00, 0x00, 0x01, 0x00, 0x00, 0x00,
    0x00, 0x00, 0x00, 0x01, 0x00, 0x00, 0xdc, 0xdc, 0x00, 0x00, 0x01, 0x00, 0x00, 0x00,
    0x00, 0x00, 0x00, 0x01, 0x00, 0x00, 0xeb, 0xeb, 0x00, 0x00, 0x01, 0x00, 0x00, 0x00,
    0x00, 0x00, 0x00, 0x00, 0x01, 0x00, 0x72, 0x71, 0x00, 0x01, 0x00, 0x00, 0x00, 0x00,
    0x00, 0x00, 0x00, 0x00, 0x00, 0x00, 0x00, 0x00, 0x00, 0x00, 0x00, 0x00, 0x00, 0x00,
    0x00, 0x00, 0x00, 0x00, 0x00, 0x00, 0x03, 0x03, 0x00, 0x00, 0x00, 0x00, 0x00, 0x00,
};
static const lv_image_dsc_t menu_icon_title = {
    .header.magic = LV_IMAGE_HEADER_MAGIC,
    .header.cf = LV_COLOR_FORMAT_A8,
    .header.w = 14,
    .header.h = 14,
    .header.stride = 14,
    .data_size = sizeof(menu_icon_title_data),
    .data = menu_icon_title_data,
};

/* CRAZYPOD_MENU_ICON_DATE reuses material-symbols:calendar-month-rounded. */

/* CRAZYPOD_MENU_ICON_TIME reuses material-symbols:schedule-rounded. */

/* material-symbols:save-rounded */
static LV_ATTRIBUTE_MEM_ALIGN LV_ATTRIBUTE_LARGE_CONST
const uint8_t menu_icon_save_data[] = {
    0x00, 0x01, 0x00, 0x00, 0x00, 0x00, 0x00, 0x00, 0x00, 0x00, 0x00, 0x01, 0x00, 0x00,
    0x01, 0x00, 0x28, 0x3f, 0x3b, 0x3c, 0x3c, 0x3c, 0x3d, 0x3a, 0x00, 0x00, 0x01, 0x00,
    0x00, 0x2a, 0xf9, 0xff, 0xff, 0xff, 0xff, 0xff, 0xff, 0xff, 0xa1, 0x01, 0x01, 0x01,
    0x00, 0x42, 0xff, 0xcd, 0x80, 0x81, 0x81, 0x80, 0xb2, 0xfc, 0xff, 0xa3, 0x06, 0x02,
    0x00, 0x3b, 0xfe, 0x70, 0x00, 0x00, 0x00, 0x00, 0x2c, 0xff, 0xf9, 0xff, 0x3a, 0x00,
    0x00, 0x3d, 0xff, 0xa7, 0x36, 0x36, 0x3a, 0x36, 0x77, 0xff, 0xfa, 0xfd, 0x42, 0x00,
    0x00, 0x40, 0xff, 0xff, 0xff, 0xff, 0xfa, 0xfa, 0xff, 0xff, 0xfd, 0xff, 0x40, 0x00,
    0x00, 0x40, 0xff, 0xf9, 0xfe, 0xc1, 0x23, 0x23, 0xc0, 0xff, 0xfa, 0xff, 0x41, 0x00,
    0x00, 0x40, 0xff, 0xf9, 0xff, 0x41, 0x00, 0x00, 0x41, 0xff, 0xf9, 0xff, 0x40, 0x00,
    0x00, 0x3f, 0xfe, 0xf9, 0xff, 0x75, 0x00, 0x00, 0x75, 0xff, 0xf9, 0xfe, 0x3f, 0x00,
    0x00, 0x43, 0xff, 0xf9, 0xfc, 0xf7, 0x94, 0x94, 0xf7, 0xfc, 0xf9, 0xff, 0x43, 0x00,
    0x00, 0x29, 0xf9, 0xff, 0xff, 0xff, 0xff, 0xff, 0xff, 0xff, 0xff, 0xf9, 0x29, 0x00,
    0x01, 0x00, 0x28, 0x40, 0x3f, 0x40, 0x3c, 0x3c, 0x40, 0x3f, 0x40, 0x28, 0x00, 0x01,
    0x00, 0x01, 0x00, 0x00, 0x00, 0x00, 0x00, 0x00, 0x00, 0x00, 0x00, 0x00, 0x01, 0x00,
};
static const lv_image_dsc_t menu_icon_save = {
    .header.magic = LV_IMAGE_HEADER_MAGIC,
    .header.cf = LV_COLOR_FORMAT_A8,
    .header.w = 14,
    .header.h = 14,
    .header.stride = 14,
    .data_size = sizeof(menu_icon_save_data),
    .data = menu_icon_save_data,
};

/* material-symbols:bookmark-manager-rounded */
static LV_ATTRIBUTE_MEM_ALIGN LV_ATTRIBUTE_LARGE_CONST
const uint8_t menu_icon_presets_data[] = {
    0x00, 0x03, 0x03, 0x03, 0x03, 0x04, 0x02, 0x00, 0x00, 0x00, 0x00, 0x00, 0x00, 0x00,
    0x00, 0x00, 0x00, 0x00, 0x00, 0x00, 0x00, 0x04, 0x04, 0x04, 0x04, 0x04, 0x02, 0x00,
    0x00, 0x4a, 0xa8, 0xa8, 0xab, 0x9d, 0x21, 0x00, 0x00, 0x00, 0x00, 0x00, 0x00, 0x00,
    0x00, 0xcf, 0xff, 0xff, 0xff, 0xff, 0xde, 0x80, 0x81, 0x7f, 0x7e, 0x7f, 0x2e, 0x00,
    0x00, 0xc9, 0xfb, 0xfa, 0xfc, 0xfb, 0xff, 0xff, 0xff, 0xff, 0xff, 0xff, 0xc3, 0x00,
    0x00, 0xca, 0xff, 0xfd, 0xff, 0xff, 0xfd, 0xfb, 0xfb, 0xf9, 0xfd, 0xff, 0xd7, 0x00,
    0x00, 0xca, 0xff, 0xfd, 0xff, 0xff, 0xff, 0xff, 0xfc, 0xff, 0xee, 0x76, 0x39, 0x02,
    0x00, 0xca, 0xff, 0xfd, 0xff, 0xff, 0xff, 0xfc, 0xff, 0xe8, 0x1e, 0x38, 0x3c, 0x00,
    0x00, 0xca, 0xff, 0xfd, 0xff, 0xff, 0xfd, 0xff, 0xe9, 0x1b, 0x51, 0xd6, 0xd2, 0x4e,
    0x00, 0xc9, 0xfb, 0xfa, 0xfc, 0xfa, 0xfb, 0xe6, 0x1c, 0x49, 0xff, 0xcb, 0xcc, 0x51,
    0x00, 0xcf, 0xff, 0xff, 0xff, 0xff, 0xff, 0x2e, 0x43, 0xfd, 0xfd, 0xff, 0x5c, 0x00,
    0x00, 0x4a, 0xa8, 0xa8, 0xa8, 0xac, 0x8f, 0x00, 0xde, 0xff, 0xfd, 0x54, 0x00, 0x04,
    0x00, 0x00, 0x00, 0x00, 0x00, 0x00, 0x00, 0x01, 0x92, 0xc9, 0x50, 0x00, 0x04, 0x00,
    0x00, 0x03, 0x03, 0x03, 0x03, 0x03, 0x04, 0x00, 0x00, 0x00, 0x00, 0x02, 0x00, 0x00,
};
static const lv_image_dsc_t menu_icon_presets = {
    .header.magic = LV_IMAGE_HEADER_MAGIC,
    .header.cf = LV_COLOR_FORMAT_A8,
    .header.w = 14,
    .header.h = 14,
    .header.stride = 14,
    .data_size = sizeof(menu_icon_presets_data),
    .data = menu_icon_presets_data,
};

/* material-symbols:shapes-rounded */
static LV_ATTRIBUTE_MEM_ALIGN LV_ATTRIBUTE_LARGE_CONST
const uint8_t menu_icon_icons_data[] = {
    0x00, 0x01, 0x00, 0x00, 0x00, 0x00, 0x00, 0x00, 0x02, 0x00, 0x00, 0x00, 0x00, 0x00,
    0x01, 0x00, 0x04, 0x6e, 0xbb, 0xc5, 0x9f, 0x33, 0x00, 0x02, 0x00, 0x00, 0x00, 0x00,
    0x02, 0x07, 0xb6, 0xff, 0xff, 0xff, 0xff, 0xfa, 0x4a, 0x00, 0x04, 0x03, 0x01, 0x00,
    0x00, 0x6e, 0xff, 0xf8, 0xfc, 0xfd, 0xf9, 0xff, 0xe6, 0x10, 0x00, 0x00, 0x00, 0x00,
    0x00, 0xbf, 0xfd, 0xfc, 0xff, 0xff, 0xff, 0xfc, 0xff, 0x40, 0x17, 0x56, 0x16, 0x00,
    0x00, 0xc9, 0xfe, 0xfd, 0xff, 0xff, 0xff, 0xfc, 0xfd, 0x42, 0x75, 0xff, 0xb1, 0x00,
    0x00, 0xa3, 0xff, 0xf9, 0xff, 0xff, 0xfe, 0xfb, 0xff, 0x1c, 0x9c, 0xfc, 0xcb, 0x00,
    0x00, 0x31, 0xfb, 0xff, 0xfc, 0xfc, 0xfd, 0xff, 0x9e, 0x05, 0xea, 0xff, 0xc8, 0x00,
    0x02, 0x00, 0x4c, 0xde, 0xff, 0xff, 0xff, 0x9e, 0x00, 0x9e, 0xff, 0xff, 0xca, 0x00,
    0x00, 0x02, 0x00, 0x0d, 0x3f, 0x3f, 0x1f, 0x0e, 0x9c, 0xff, 0xfa, 0xff, 0xca, 0x00,
    0x00, 0x00, 0x04, 0x00, 0x12, 0x73, 0x9c, 0xea, 0xff, 0xfa, 0xfb, 0xfd, 0xc8, 0x00,
    0x00, 0x00, 0x04, 0x01, 0x5f, 0xff, 0xff, 0xff, 0xff, 0xff, 0xff, 0xff, 0xd4, 0x00,
    0x00, 0x00, 0x01, 0x00, 0x18, 0xaf, 0xc7, 0xc8, 0xca, 0xca, 0xc9, 0xc9, 0x65, 0x00,
    0x00, 0x00, 0x00, 0x00, 0x00, 0x00, 0x00, 0x00, 0x00, 0x00, 0x00, 0x00, 0x00, 0x00,
};
static const lv_image_dsc_t menu_icon_icons = {
    .header.magic = LV_IMAGE_HEADER_MAGIC,
    .header.cf = LV_COLOR_FORMAT_A8,
    .header.w = 14,
    .header.h = 14,
    .header.stride = 14,
    .data_size = sizeof(menu_icon_icons_data),
    .data = menu_icon_icons_data,
};

/* CRAZYPOD_MENU_ICON_DETAILS reuses material-symbols:tune-rounded. */

/* material-symbols:wallpaper-rounded */
static LV_ATTRIBUTE_MEM_ALIGN LV_ATTRIBUTE_LARGE_CONST
const uint8_t menu_icon_backgrounds_data[] = {
    0x00, 0x01, 0x00, 0x00, 0x00, 0x00, 0x00, 0x00, 0x00, 0x00, 0x00, 0x00, 0x01, 0x00,
    0x01, 0x00, 0x29, 0x48, 0x46, 0x48, 0x10, 0x10, 0x48, 0x47, 0x48, 0x29, 0x00, 0x01,
    0x00, 0x2a, 0xf8, 0xeb, 0xe8, 0xea, 0x3d, 0x3e, 0xeb, 0xe8, 0xeb, 0xf8, 0x2a, 0x00,
    0x00, 0x4b, 0xee, 0x09, 0x05, 0x05, 0x00, 0x00, 0x00, 0x00, 0x09, 0xee, 0x4b, 0x00,
    0x00, 0x47, 0xe8, 0x03, 0x00, 0x00, 0x02, 0x00, 0xa6, 0xb5, 0x01, 0xe8, 0x47, 0x00,
    0x00, 0x4b, 0xf8, 0x05, 0x01, 0x03, 0x02, 0x01, 0x9b, 0xa6, 0x03, 0xf8, 0x4b, 0x00,
    0x00, 0x10, 0x3d, 0x00, 0x00, 0x00, 0x02, 0x00, 0x00, 0x00, 0x00, 0x3d, 0x10, 0x00,
    0x00, 0x10, 0x3e, 0x00, 0x01, 0x17, 0x00, 0x2b, 0x91, 0x00, 0x01, 0x3e, 0x10, 0x00,
    0x00, 0x4b, 0xfa, 0x01, 0x7f, 0xea, 0x28, 0xc9, 0xff, 0x76, 0x01, 0xfa, 0x4b, 0x00,
    0x00, 0x48, 0xe2, 0x1e, 0xd4, 0xe2, 0xc9, 0xe0, 0xda, 0xd6, 0x1e, 0xe2, 0x48, 0x00,
    0x00, 0x4b, 0xed, 0x0d, 0x0d, 0x0b, 0x0a, 0x05, 0x0d, 0x0c, 0x0d, 0xed, 0x4b, 0x00,
    0x00, 0x2a, 0xf8, 0xea, 0xe5, 0xe8, 0x3a, 0x3b, 0xe8, 0xe5, 0xea, 0xf8, 0x2a, 0x00,
    0x01, 0x00, 0x29, 0x48, 0x47, 0x48, 0x11, 0x11, 0x48, 0x47, 0x48, 0x29, 0x00, 0x01,
    0x00, 0x01, 0x00, 0x00, 0x00, 0x00, 0x00, 0x00, 0x00, 0x00, 0x00, 0x00, 0x01, 0x00,
};
static const lv_image_dsc_t menu_icon_backgrounds = {
    .header.magic = LV_IMAGE_HEADER_MAGIC,
    .header.cf = LV_COLOR_FORMAT_A8,
    .header.w = 14,
    .header.h = 14,
    .header.stride = 14,
    .data_size = sizeof(menu_icon_backgrounds_data),
    .data = menu_icon_backgrounds_data,
};

/* material-symbols:auto-awesome-rounded */
static LV_ATTRIBUTE_MEM_ALIGN LV_ATTRIBUTE_LARGE_CONST
const uint8_t menu_icon_themes_data[] = {
    0x00, 0x00, 0x00, 0x00, 0x00, 0x00, 0x00, 0x00, 0x00, 0x03, 0x00, 0x00, 0x03, 0x00,
    0x00, 0x00, 0x00, 0x00, 0x01, 0x02, 0x00, 0x00, 0x03, 0x00, 0x5c, 0x81, 0x00, 0x03,
    0x00, 0x00, 0x00, 0x00, 0x00, 0x00, 0x00, 0x02, 0x01, 0x69, 0xf1, 0xfe, 0x83, 0x04,
    0x00, 0x00, 0x03, 0x02, 0x46, 0xa6, 0x00, 0x04, 0x02, 0x4d, 0xde, 0xf2, 0x60, 0x03,
    0x00, 0x02, 0x01, 0x00, 0xbb, 0xff, 0x37, 0x00, 0x08, 0x00, 0x45, 0x65, 0x00, 0x03,
    0x01, 0x00, 0x01, 0x62, 0xfa, 0xfb, 0xc1, 0x25, 0x00, 0x01, 0x00, 0x00, 0x03, 0x00,
    0x01, 0x4e, 0xdb, 0xff, 0xfe, 0xfe, 0xff, 0xf9, 0xa9, 0x0c, 0x02, 0x03, 0x00, 0x00,
    0x01, 0x4e, 0xdb, 0xff, 0xfe, 0xfe, 0xff, 0xf9, 0xa9, 0x0c, 0x02, 0x03, 0x00, 0x00,
    0x01, 0x00, 0x01, 0x62, 0xfa, 0xfb, 0xc1, 0x25, 0x00, 0x01, 0x00, 0x00, 0x03, 0x00,
    0x00, 0x02, 0x01, 0x00, 0xbb, 0xff, 0x37, 0x00, 0x08, 0x00, 0x46, 0x66, 0x00, 0x03,
    0x00, 0x00, 0x03, 0x02, 0x46, 0xa6, 0x00, 0x04, 0x02, 0x4d, 0xde, 0xf3, 0x60, 0x03,
    0x00, 0x00, 0x00, 0x00, 0x00, 0x00, 0x00, 0x02, 0x01, 0x69, 0xf1, 0xfe, 0x83, 0x04,
    0x00, 0x00, 0x00, 0x00, 0x01, 0x02, 0x00, 0x00, 0x03, 0x00, 0x5c, 0x81, 0x00, 0x03,
    0x00, 0x00, 0x00, 0x00, 0x00, 0x00, 0x00, 0x00, 0x00, 0x03, 0x00, 0x00, 0x03, 0x00,
};
static const lv_image_dsc_t menu_icon_themes = {
    .header.magic = LV_IMAGE_HEADER_MAGIC,
    .header.cf = LV_COLOR_FORMAT_A8,
    .header.w = 14,
    .header.h = 14,
    .header.stride = 14,
    .data_size = sizeof(menu_icon_themes_data),
    .data = menu_icon_themes_data,
};

/* material-symbols:dashboard-customize-rounded */
static LV_ATTRIBUTE_MEM_ALIGN LV_ATTRIBUTE_LARGE_CONST
const uint8_t menu_icon_layout_data[] = {
    0x00, 0x00, 0x00, 0x00, 0x00, 0x00, 0x00, 0x00, 0x00, 0x00, 0x00, 0x00, 0x00, 0x00,
    0x00, 0x07, 0x3c, 0x40, 0x40, 0x40, 0x0c, 0x0c, 0x40, 0x40, 0x40, 0x3c, 0x07, 0x00,
    0x00, 0x3d, 0xff, 0xff, 0xff, 0xff, 0x56, 0x56, 0xff, 0xff, 0xff, 0xff, 0x3d, 0x00,
    0x00, 0x41, 0xfd, 0xfa, 0xf9, 0xfd, 0x5a, 0x5a, 0xfd, 0xf9, 0xfa, 0xfd, 0x41, 0x00,
    0x00, 0x40, 0xfb, 0xf9, 0xf7, 0xfb, 0x58, 0x58, 0xfb, 0xf7, 0xf9, 0xfb, 0x40, 0x00,
    0x00, 0x42, 0xff, 0xff, 0xff, 0xff, 0x5c, 0x5b, 0xff, 0xff, 0xff, 0xff, 0x41, 0x00,
    0x00, 0x0c, 0x55, 0x5a, 0x59, 0x59, 0x12, 0x18, 0x6a, 0x5f, 0x64, 0x66, 0x0e, 0x00,
    0x00, 0x0c, 0x55, 0x5a, 0x59, 0x59, 0x18, 0x00, 0x00, 0x2b, 0x1b, 0x00, 0x00, 0x00,
    0x00, 0x42, 0xff, 0xff, 0xff, 0xff, 0x70, 0x00, 0x00, 0xc3, 0x90, 0x00, 0x01, 0x00,
    0x00, 0x40, 0xfb, 0xf9, 0xf7, 0xfb, 0x5f, 0x2d, 0xbb, 0xe9, 0xe1, 0xb5, 0x21, 0x00,
    0x00, 0x41, 0xfd, 0xfa, 0xf9, 0xfd, 0x64, 0x23, 0x8f, 0xe1, 0xce, 0x8a, 0x19, 0x00,
    0x00, 0x3c, 0xff, 0xff, 0xff, 0xff, 0x69, 0x00, 0x00, 0xb5, 0x84, 0x00, 0x00, 0x00,
    0x00, 0x07, 0x3c, 0x40, 0x40, 0x40, 0x0e, 0x01, 0x04, 0x21, 0x1a, 0x04, 0x02, 0x00,
    0x00, 0x00, 0x00, 0x00, 0x00, 0x00, 0x00, 0x00, 0x00, 0x00, 0x00, 0x00, 0x00, 0x00,
};
static const lv_image_dsc_t menu_icon_layout = {
    .header.magic = LV_IMAGE_HEADER_MAGIC,
    .header.cf = LV_COLOR_FORMAT_A8,
    .header.w = 14,
    .header.h = 14,
    .header.stride = 14,
    .data_size = sizeof(menu_icon_layout_data),
    .data = menu_icon_layout_data,
};

/* material-symbols:upload-file-rounded */
static LV_ATTRIBUTE_MEM_ALIGN LV_ATTRIBUTE_LARGE_CONST
const uint8_t menu_icon_export_data[] = {
    0x00, 0x00, 0x00, 0x00, 0x00, 0x00, 0x00, 0x00, 0x00, 0x02, 0x00, 0x00, 0x00, 0x00,
    0x02, 0x00, 0x4b, 0xc6, 0xc9, 0xca, 0xc9, 0xd0, 0x76, 0x00, 0x03, 0x01, 0x00, 0x00,
    0x03, 0x00, 0xb1, 0xff, 0xff, 0xff, 0xff, 0xd8, 0xff, 0x86, 0x00, 0x03, 0x00, 0x00,
    0x03, 0x00, 0xa9, 0xfc, 0xfa, 0xf8, 0xfd, 0x81, 0x3d, 0xff, 0x85, 0x00, 0x02, 0x00,
    0x03, 0x00, 0xaa, 0xff, 0xfc, 0xfb, 0xfd, 0x9b, 0x00, 0x41, 0xfb, 0x6c, 0x00, 0x03,
    0x03, 0x00, 0xaa, 0xff, 0xfc, 0xfc, 0xff, 0xf8, 0xbf, 0xb1, 0xeb, 0xb5, 0x00, 0x03,
    0x03, 0x00, 0xaa, 0xff, 0xfa, 0xff, 0xd9, 0xdb, 0xff, 0xff, 0xff, 0xa8, 0x00, 0x03,
    0x03, 0x00, 0xaa, 0xff, 0xff, 0xd1, 0x10, 0x0d, 0xcc, 0xfc, 0xfe, 0xaa, 0x00, 0x03,
    0x03, 0x00, 0xa9, 0xff, 0xeb, 0x1c, 0x0b, 0x0c, 0x1b, 0xeb, 0xff, 0xa9, 0x00, 0x03,
    0x03, 0x00, 0xa9, 0xff, 0xf1, 0xcb, 0x53, 0x53, 0xc9, 0xf0, 0xff, 0xa9, 0x00, 0x03,
    0x03, 0x00, 0xa9, 0xfc, 0xf7, 0xff, 0x69, 0x69, 0xff, 0xf8, 0xfc, 0xa9, 0x00, 0x03,
    0x03, 0x00, 0xb1, 0xff, 0xff, 0xff, 0xff, 0xff, 0xff, 0xff, 0xff, 0xb1, 0x00, 0x03,
    0x02, 0x00, 0x4a, 0xc6, 0xc9, 0xca, 0xcd, 0xcd, 0xca, 0xc9, 0xc6, 0x4a, 0x00, 0x02,
    0x00, 0x00, 0x00, 0x00, 0x00, 0x00, 0x00, 0x00, 0x00, 0x00, 0x00, 0x00, 0x00, 0x00,
};
static const lv_image_dsc_t menu_icon_export = {
    .header.magic = LV_IMAGE_HEADER_MAGIC,
    .header.cf = LV_COLOR_FORMAT_A8,
    .header.w = 14,
    .header.h = 14,
    .header.stride = 14,
    .data_size = sizeof(menu_icon_export_data),
    .data = menu_icon_export_data,
};

/* material-symbols:edit-rounded */
static LV_ATTRIBUTE_MEM_ALIGN LV_ATTRIBUTE_LARGE_CONST
const uint8_t menu_icon_edit_data[] = {
    0x00, 0x00, 0x00, 0x00, 0x00, 0x00, 0x00, 0x00, 0x02, 0x00, 0x00, 0x02, 0x00, 0x00,
    0x00, 0x00, 0x00, 0x00, 0x00, 0x00, 0x00, 0x02, 0x00, 0x10, 0x34, 0x00, 0x00, 0x00,
    0x00, 0x00, 0x00, 0x00, 0x00, 0x00, 0x03, 0x00, 0x1e, 0xd9, 0xff, 0x7f, 0x00, 0x02,
    0x00, 0x00, 0x00, 0x00, 0x00, 0x03, 0x00, 0x1b, 0xdf, 0xbc, 0x3a, 0xff, 0x35, 0x00,
    0x00, 0x00, 0x00, 0x00, 0x03, 0x00, 0x1d, 0xd8, 0xff, 0xd8, 0xb6, 0xda, 0x16, 0x01,
    0x00, 0x00, 0x00, 0x03, 0x00, 0x1d, 0xd9, 0xff, 0xf8, 0xff, 0xe9, 0x1e, 0x00, 0x02,
    0x00, 0x00, 0x04, 0x00, 0x1d, 0xd9, 0xff, 0xf8, 0xff, 0xd9, 0x1c, 0x00, 0x03, 0x00,
    0x00, 0x02, 0x00, 0x1e, 0xd9, 0xff, 0xf8, 0xff, 0xda, 0x1f, 0x00, 0x04, 0x00, 0x00,
    0x02, 0x00, 0x1e, 0xd9, 0xff, 0xf8, 0xff, 0xda, 0x1f, 0x00, 0x04, 0x00, 0x00, 0x00,
    0x01, 0x14, 0xd9, 0xff, 0xf8, 0xff, 0xda, 0x1f, 0x00, 0x04, 0x00, 0x00, 0x00, 0x00,
    0x00, 0x43, 0xff, 0xf7, 0xff, 0xda, 0x1e, 0x00, 0x04, 0x00, 0x00, 0x00, 0x00, 0x00,
    0x00, 0x3c, 0xff, 0xff, 0xd7, 0x1f, 0x00, 0x04, 0x00, 0x00, 0x00, 0x00, 0x00, 0x00,
    0x00, 0x07, 0x3c, 0x41, 0x10, 0x00, 0x03, 0x00, 0x00, 0x00, 0x00, 0x00, 0x00, 0x00,
    0x00, 0x00, 0x00, 0x00, 0x00, 0x02, 0x00, 0x00, 0x00, 0x00, 0x00, 0x00, 0x00, 0x00,
};
static const lv_image_dsc_t menu_icon_edit = {
    .header.magic = LV_IMAGE_HEADER_MAGIC,
    .header.cf = LV_COLOR_FORMAT_A8,
    .header.w = 14,
    .header.h = 14,
    .header.stride = 14,
    .data_size = sizeof(menu_icon_edit_data),
    .data = menu_icon_edit_data,
};

/* material-symbols:check-circle-rounded */
static LV_ATTRIBUTE_MEM_ALIGN LV_ATTRIBUTE_LARGE_CONST
const uint8_t menu_icon_apply_data[] = {
    0x00, 0x00, 0x01, 0x02, 0x00, 0x00, 0x00, 0x00, 0x00, 0x00, 0x02, 0x01, 0x00, 0x00,
    0x00, 0x01, 0x00, 0x00, 0x46, 0x9d, 0xc4, 0xc4, 0x9d, 0x45, 0x00, 0x00, 0x01, 0x00,
    0x01, 0x02, 0x06, 0xa1, 0xff, 0xff, 0xff, 0xff, 0xff, 0xff, 0xa2, 0x06, 0x02, 0x01,
    0x02, 0x00, 0xa2, 0xff, 0xfb, 0xfb, 0xfc, 0xfc, 0xf9, 0xfd, 0xff, 0xa2, 0x00, 0x02,
    0x00, 0x42, 0xff, 0xfa, 0xfb, 0xfe, 0xff, 0xfc, 0xff, 0xfb, 0xf9, 0xff, 0x42, 0x00,
    0x00, 0xa0, 0xfe, 0xfc, 0xff, 0xff, 0xfa, 0xff, 0xab, 0x24, 0xef, 0xfe, 0x9f, 0x00,
    0x00, 0xc6, 0xff, 0xf7, 0xb5, 0xfe, 0xff, 0xaf, 0x00, 0x91, 0xfe, 0xff, 0xc6, 0x00,
    0x00, 0xc5, 0xff, 0xf5, 0x15, 0x60, 0xb2, 0x00, 0x98, 0xff, 0xfa, 0xff, 0xc5, 0x00,
    0x00, 0xa0, 0xfe, 0xfd, 0xde, 0x18, 0x00, 0x9a, 0xff, 0xfa, 0xfb, 0xfe, 0x9f, 0x00,
    0x00, 0x43, 0xff, 0xf8, 0xff, 0xdd, 0xb3, 0xff, 0xfc, 0xfe, 0xfa, 0xff, 0x42, 0x00,
    0x02, 0x00, 0xa3, 0xff, 0xf9, 0xff, 0xff, 0xfa, 0xfb, 0xfb, 0xff, 0xa2, 0x00, 0x02,
    0x01, 0x02, 0x06, 0xa1, 0xff, 0xff, 0xff, 0xff, 0xff, 0xff, 0xa1, 0x06, 0x02, 0x01,
    0x00, 0x01, 0x00, 0x00, 0x45, 0x9d, 0xc4, 0xc4, 0x9d, 0x45, 0x00, 0x00, 0x01, 0x00,
    0x00, 0x00, 0x01, 0x02, 0x00, 0x00, 0x00, 0x00, 0x00, 0x00, 0x02, 0x01, 0x00, 0x00,
};
static const lv_image_dsc_t menu_icon_apply = {
    .header.magic = LV_IMAGE_HEADER_MAGIC,
    .header.cf = LV_COLOR_FORMAT_A8,
    .header.w = 14,
    .header.h = 14,
    .header.stride = 14,
    .data_size = sizeof(menu_icon_apply_data),
    .data = menu_icon_apply_data,
};

/* material-symbols:resize-rounded */
static LV_ATTRIBUTE_MEM_ALIGN LV_ATTRIBUTE_LARGE_CONST
const uint8_t menu_icon_icon_size_data[] = {
    0x00, 0x00, 0x00, 0x00, 0x00, 0x00, 0x00, 0x00, 0x00, 0x00, 0x00, 0x00, 0x01, 0x00,
    0x00, 0x0e, 0x33, 0x00, 0x34, 0x08, 0x20, 0x21, 0x05, 0x44, 0x47, 0x28, 0x00, 0x01,
    0x00, 0x33, 0xb5, 0x02, 0xb8, 0x21, 0x75, 0x77, 0x17, 0xe5, 0xeb, 0xf7, 0x2a, 0x00,
    0x00, 0x00, 0x00, 0x00, 0x00, 0x00, 0x00, 0x00, 0x00, 0x03, 0x0a, 0xef, 0x4c, 0x00,
    0x00, 0x34, 0xb8, 0x01, 0x00, 0x01, 0x00, 0x00, 0x01, 0x00, 0x02, 0xeb, 0x46, 0x00,
    0x00, 0x08, 0x21, 0x00, 0x01, 0x00, 0x00, 0x00, 0x00, 0x01, 0x00, 0x17, 0x05, 0x00,
    0x00, 0x20, 0x75, 0x01, 0x00, 0x00, 0x00, 0x00, 0x00, 0x00, 0x01, 0x77, 0x21, 0x00,
    0x00, 0x21, 0x77, 0x01, 0x00, 0x00, 0x00, 0x00, 0x00, 0x00, 0x01, 0x75, 0x20, 0x00,
    0x00, 0x05, 0x17, 0x00, 0x01, 0x00, 0x00, 0x00, 0x00, 0x01, 0x00, 0x21, 0x08, 0x00,
    0x00, 0x46, 0xeb, 0x02, 0x00, 0x01, 0x00, 0x00, 0x01, 0x00, 0x01, 0xb8, 0x33, 0x00,
    0x00, 0x4c, 0xef, 0x0a, 0x03, 0x00, 0x00, 0x00, 0x00, 0x00, 0x00, 0x00, 0x00, 0x00,
    0x00, 0x2a, 0xf7, 0xeb, 0xe5, 0x17, 0x77, 0x75, 0x21, 0xb8, 0x02, 0xb5, 0x33, 0x00,
    0x01, 0x00, 0x28, 0x47, 0x44, 0x05, 0x21, 0x20, 0x08, 0x34, 0x00, 0x33, 0x0e, 0x00,
    0x00, 0x01, 0x00, 0x00, 0x00, 0x00, 0x00, 0x00, 0x00, 0x00, 0x00, 0x00, 0x00, 0x00,
};
static const lv_image_dsc_t menu_icon_icon_size = {
    .header.magic = LV_IMAGE_HEADER_MAGIC,
    .header.cf = LV_COLOR_FORMAT_A8,
    .header.w = 14,
    .header.h = 14,
    .header.stride = 14,
    .data_size = sizeof(menu_icon_icon_size_data),
    .data = menu_icon_icon_size_data,
};

/* CRAZYPOD_MENU_ICON_WAVE reuses material-symbols:graphic-eq-rounded. */

/* material-symbols:flare-rounded */
static LV_ATTRIBUTE_MEM_ALIGN LV_ATTRIBUTE_LARGE_CONST
const uint8_t menu_icon_glow_data[] = {
    0x00, 0x00, 0x00, 0x00, 0x02, 0x00, 0x37, 0x37, 0x00, 0x02, 0x00, 0x00, 0x00, 0x00,
    0x00, 0x00, 0x00, 0x02, 0x07, 0x00, 0xa8, 0xa8, 0x00, 0x07, 0x02, 0x00, 0x00, 0x00,
    0x00, 0x00, 0x00, 0x00, 0x00, 0x00, 0xa9, 0xa9, 0x00, 0x00, 0x00, 0x00, 0x00, 0x00,
    0x00, 0x02, 0x00, 0x33, 0x53, 0x01, 0x98, 0x98, 0x01, 0x53, 0x33, 0x00, 0x02, 0x00,
    0x02, 0x07, 0x04, 0x53, 0xec, 0x0c, 0x00, 0x00, 0x0c, 0xec, 0x53, 0x04, 0x07, 0x02,
    0x00, 0x00, 0x00, 0x00, 0x0f, 0x20, 0xa4, 0xa4, 0x20, 0x0f, 0x00, 0x00, 0x00, 0x00,
    0x37, 0xa4, 0xa7, 0x99, 0x01, 0xa6, 0xff, 0xff, 0xa6, 0x01, 0x99, 0xa7, 0xa4, 0x37,
    0x37, 0xa4, 0xa7, 0x99, 0x01, 0xa6, 0xff, 0xff, 0xa6, 0x01, 0x99, 0xa7, 0xa4, 0x37,
    0x00, 0x00, 0x00, 0x00, 0x10, 0x20, 0xa4, 0xa3, 0x20, 0x10, 0x00, 0x00, 0x00, 0x00,
    0x02, 0x07, 0x04, 0x53, 0xec, 0x0c, 0x00, 0x00, 0x0c, 0xec, 0x53, 0x04, 0x07, 0x02,
    0x00, 0x02, 0x00, 0x33, 0x53, 0x01, 0x98, 0x98, 0x01, 0x52, 0x33, 0x00, 0x02, 0x00,
    0x00, 0x00, 0x00, 0x00, 0x00, 0x00, 0xa9, 0xa9, 0x00, 0x00, 0x00, 0x00, 0x00, 0x00,
    0x00, 0x00, 0x00, 0x02, 0x07, 0x00, 0xa8, 0xa8, 0x00, 0x07, 0x02, 0x00, 0x00, 0x00,
    0x00, 0x00, 0x00, 0x00, 0x02, 0x00, 0x37, 0x37, 0x00, 0x02, 0x00, 0x00, 0x00, 0x00,
};
static const lv_image_dsc_t menu_icon_glow = {
    .header.magic = LV_IMAGE_HEADER_MAGIC,
    .header.cf = LV_COLOR_FORMAT_A8,
    .header.w = 14,
    .header.h = 14,
    .header.stride = 14,
    .data_size = sizeof(menu_icon_glow_data),
    .data = menu_icon_glow_data,
};

/* material-symbols:ink-highlighter-rounded */
static LV_ATTRIBUTE_MEM_ALIGN LV_ATTRIBUTE_LARGE_CONST
const uint8_t menu_icon_highlight_data[] = {
    0x00, 0x00, 0x00, 0x00, 0x00, 0x00, 0x00, 0x00, 0x02, 0x00, 0x00, 0x02, 0x00, 0x00,
    0x00, 0x00, 0x00, 0x00, 0x00, 0x00, 0x00, 0x03, 0x00, 0x1a, 0x2f, 0x00, 0x02, 0x00,
    0x00, 0x00, 0x00, 0x00, 0x00, 0x00, 0x04, 0x00, 0x2d, 0xe5, 0xff, 0x65, 0x00, 0x02,
    0x00, 0x00, 0x00, 0x00, 0x00, 0x03, 0x00, 0x2b, 0xe6, 0xff, 0xfd, 0xff, 0x5e, 0x00,
    0x00, 0x00, 0x00, 0x00, 0x04, 0x00, 0x36, 0xeb, 0xff, 0xfd, 0xfa, 0xff, 0xcf, 0x00,
    0x00, 0x00, 0x00, 0x02, 0x00, 0x09, 0x2a, 0xed, 0xff, 0xfb, 0xff, 0xf8, 0x45, 0x00,
    0x00, 0x00, 0x04, 0x00, 0x2a, 0xd7, 0x46, 0x1a, 0xe9, 0xff, 0xf6, 0x4a, 0x00, 0x02,
    0x00, 0x02, 0x00, 0x2d, 0xe5, 0xff, 0xfd, 0x45, 0x1b, 0xd3, 0x4c, 0x00, 0x04, 0x00,
    0x02, 0x01, 0x2f, 0xe6, 0xff, 0xfb, 0xfd, 0xff, 0x50, 0x06, 0x00, 0x02, 0x00, 0x00,
    0x04, 0x01, 0x9c, 0xff, 0xf9, 0xfd, 0xfe, 0xf8, 0x53, 0x00, 0x04, 0x00, 0x00, 0x00,
    0x03, 0x00, 0x88, 0xfe, 0xfc, 0xff, 0xf8, 0x48, 0x00, 0x03, 0x00, 0x00, 0x00, 0x00,
    0x00, 0x64, 0xff, 0xfe, 0xfb, 0xf6, 0x49, 0x00, 0x04, 0x00, 0x00, 0x00, 0x00, 0x00,
    0x00, 0x32, 0x42, 0x2f, 0x29, 0x26, 0x00, 0x03, 0x00, 0x00, 0x00, 0x00, 0x00, 0x00,
    0x00, 0x00, 0x00, 0x00, 0x00, 0x00, 0x02, 0x00, 0x00, 0x00, 0x00, 0x00, 0x00, 0x00,
};
static const lv_image_dsc_t menu_icon_highlight = {
    .header.magic = LV_IMAGE_HEADER_MAGIC,
    .header.cf = LV_COLOR_FORMAT_A8,
    .header.w = 14,
    .header.h = 14,
    .header.stride = 14,
    .data_size = sizeof(menu_icon_highlight_data),
    .data = menu_icon_highlight_data,
};

/* material-symbols:format-color-fill-rounded */
static LV_ATTRIBUTE_MEM_ALIGN LV_ATTRIBUTE_LARGE_CONST
const uint8_t menu_icon_primary_color_data[] = {
    0x00, 0x01, 0x00, 0x1b, 0xbc, 0x1c, 0x00, 0x03, 0x00, 0x00, 0x00, 0x00, 0x00, 0x00,
    0x00, 0x01, 0x02, 0x0c, 0xb0, 0xd3, 0x16, 0x00, 0x03, 0x00, 0x00, 0x00, 0x00, 0x00,
    0x00, 0x00, 0x05, 0x00, 0x4c, 0xff, 0xdf, 0x18, 0x00, 0x03, 0x00, 0x00, 0x00, 0x00,
    0x00, 0x03, 0x00, 0x53, 0xff, 0x66, 0xaf, 0xe8, 0x18, 0x00, 0x02, 0x00, 0x00, 0x00,
    0x02, 0x00, 0x4f, 0xfb, 0x60, 0x00, 0x00, 0xab, 0xdb, 0x19, 0x02, 0x02, 0x00, 0x00,
    0x00, 0x15, 0xff, 0x9a, 0x25, 0x37, 0x32, 0x2e, 0xde, 0xbd, 0x00, 0x01, 0x00, 0x00,
    0x01, 0x0d, 0xcd, 0xfd, 0xff, 0xff, 0xff, 0xfb, 0xff, 0x83, 0x03, 0x0e, 0x00, 0x01,
    0x02, 0x00, 0x18, 0xd4, 0xff, 0xf9, 0xfa, 0xff, 0x98, 0x00, 0x8f, 0xb8, 0x01, 0x02,
    0x00, 0x02, 0x00, 0x18, 0xd2, 0xff, 0xff, 0x95, 0x00, 0x17, 0xff, 0xff, 0x33, 0x00,
    0x00, 0x01, 0x06, 0x00, 0x1b, 0xb3, 0x89, 0x00, 0x06, 0x0d, 0xb0, 0xc9, 0x17, 0x00,
    0x00, 0x00, 0x00, 0x00, 0x00, 0x00, 0x00, 0x00, 0x00, 0x00, 0x00, 0x00, 0x00, 0x00,
    0x00, 0x15, 0x53, 0x55, 0x56, 0x58, 0x58, 0x56, 0x55, 0x55, 0x56, 0x53, 0x16, 0x00,
    0x00, 0xbb, 0xff, 0xff, 0xff, 0xff, 0xff, 0xff, 0xff, 0xff, 0xff, 0xff, 0xbb, 0x00,
    0x00, 0x92, 0xfb, 0xf9, 0xfc, 0xfc, 0xfc, 0xfc, 0xfc, 0xfc, 0xf9, 0xfb, 0x92, 0x00,
};
static const lv_image_dsc_t menu_icon_primary_color = {
    .header.magic = LV_IMAGE_HEADER_MAGIC,
    .header.cf = LV_COLOR_FORMAT_A8,
    .header.w = 14,
    .header.h = 14,
    .header.stride = 14,
    .data_size = sizeof(menu_icon_primary_color_data),
    .data = menu_icon_primary_color_data,
};

/* CRAZYPOD_MENU_ICON_SECONDARY_COLOR reuses material-symbols:colors-rounded. */

/* material-symbols:home-rounded */
static LV_ATTRIBUTE_MEM_ALIGN LV_ATTRIBUTE_LARGE_CONST
const uint8_t menu_icon_home_data[] = {
    0x00, 0x00, 0x00, 0x00, 0x00, 0x02, 0x00, 0x00, 0x02, 0x00, 0x00, 0x00, 0x00, 0x00,
    0x00, 0x00, 0x00, 0x00, 0x03, 0x00, 0x00, 0x00, 0x00, 0x03, 0x00, 0x00, 0x00, 0x00,
    0x00, 0x00, 0x01, 0x03, 0x00, 0x2f, 0xc9, 0xc9, 0x31, 0x00, 0x03, 0x01, 0x00, 0x00,
    0x00, 0x00, 0x00, 0x00, 0x62, 0xf4, 0xff, 0xff, 0xf5, 0x64, 0x00, 0x00, 0x01, 0x00,
    0x01, 0x01, 0x0d, 0x9b, 0xff, 0xff, 0xfc, 0xfc, 0xff, 0xff, 0x9d, 0x0d, 0x01, 0x01,
    0x04, 0x00, 0x90, 0xff, 0xfa, 0xfe, 0xff, 0xff, 0xfe, 0xfa, 0xff, 0x90, 0x00, 0x04,
    0x03, 0x00, 0xae, 0xfc, 0xfc, 0xfe, 0xfe, 0xfe, 0xfe, 0xfc, 0xfc, 0xae, 0x00, 0x03,
    0x03, 0x00, 0xa9, 0xff, 0xfc, 0xff, 0xff, 0xff, 0xff, 0xfc, 0xff, 0xa9, 0x00, 0x03,
    0x03, 0x00, 0xaa, 0xff, 0xfe, 0xe3, 0x37, 0x37, 0xe3, 0xfe, 0xff, 0xaa, 0x00, 0x03,
    0x03, 0x00, 0xa9, 0xff, 0xff, 0xca, 0x00, 0x00, 0xca, 0xff, 0xff, 0xa9, 0x00, 0x03,
    0x03, 0x00, 0xb0, 0xfd, 0xfd, 0xcf, 0x03, 0x03, 0xcf, 0xfd, 0xfd, 0xb0, 0x00, 0x03,
    0x04, 0x00, 0x87, 0xff, 0xff, 0xd0, 0x00, 0x00, 0xd0, 0xff, 0xff, 0x87, 0x00, 0x04,
    0x00, 0x00, 0x05, 0x3b, 0x40, 0x27, 0x00, 0x00, 0x27, 0x40, 0x3b, 0x05, 0x00, 0x00,
    0x00, 0x00, 0x00, 0x00, 0x00, 0x00, 0x00, 0x00, 0x00, 0x00, 0x00, 0x00, 0x00, 0x00,
};
static const lv_image_dsc_t menu_icon_home = {
    .header.magic = LV_IMAGE_HEADER_MAGIC,
    .header.cf = LV_COLOR_FORMAT_A8,
    .header.w = 14,
    .header.h = 14,
    .header.stride = 14,
    .data_size = sizeof(menu_icon_home_data),
    .data = menu_icon_home_data,
};

/* material-symbols:vertical-align-top-rounded */
static LV_ATTRIBUTE_MEM_ALIGN LV_ATTRIBUTE_LARGE_CONST
const uint8_t menu_icon_top_data[] = {
    0x00, 0x00, 0x00, 0x00, 0x00, 0x00, 0x00, 0x00, 0x00, 0x00, 0x00, 0x00, 0x00, 0x00,
    0x01, 0x00, 0x25, 0x47, 0x47, 0x48, 0x48, 0x48, 0x48, 0x47, 0x47, 0x25, 0x00, 0x01,
    0x04, 0x00, 0x83, 0xec, 0xe7, 0xeb, 0xee, 0xee, 0xeb, 0xe7, 0xec, 0x82, 0x00, 0x04,
    0x00, 0x00, 0x00, 0x06, 0x05, 0x07, 0x00, 0x00, 0x07, 0x05, 0x06, 0x00, 0x00, 0x00,
    0x00, 0x00, 0x00, 0x00, 0x01, 0x00, 0x66, 0x67, 0x00, 0x01, 0x00, 0x00, 0x00, 0x00,
    0x00, 0x00, 0x00, 0x03, 0x00, 0x6f, 0xff, 0xff, 0x70, 0x00, 0x03, 0x00, 0x00, 0x00,
    0x00, 0x00, 0x03, 0x00, 0x73, 0xf9, 0xce, 0xce, 0xfa, 0x74, 0x00, 0x03, 0x00, 0x00,
    0x00, 0x00, 0x02, 0x00, 0x63, 0x3a, 0x98, 0x98, 0x3a, 0x62, 0x00, 0x02, 0x00, 0x00,
    0x00, 0x00, 0x00, 0x00, 0x00, 0x00, 0xa8, 0xa8, 0x00, 0x00, 0x00, 0x00, 0x00, 0x00,
    0x00, 0x00, 0x00, 0x00, 0x07, 0x02, 0xa5, 0xa5, 0x02, 0x07, 0x00, 0x00, 0x00, 0x00,
    0x00, 0x00, 0x00, 0x00, 0x04, 0x00, 0xa7, 0xa7, 0x00, 0x04, 0x00, 0x00, 0x00, 0x00,
    0x00, 0x00, 0x00, 0x00, 0x04, 0x00, 0xa4, 0xa4, 0x00, 0x04, 0x00, 0x00, 0x00, 0x00,
    0x00, 0x00, 0x00, 0x00, 0x01, 0x00, 0x1c, 0x1c, 0x00, 0x01, 0x00, 0x00, 0x00, 0x00,
    0x00, 0x00, 0x00, 0x00, 0x00, 0x00, 0x00, 0x00, 0x00, 0x00, 0x00, 0x00, 0x00, 0x00,
};
static const lv_image_dsc_t menu_icon_top = {
    .header.magic = LV_IMAGE_HEADER_MAGIC,
    .header.cf = LV_COLOR_FORMAT_A8,
    .header.w = 14,
    .header.h = 14,
    .header.stride = 14,
    .data_size = sizeof(menu_icon_top_data),
    .data = menu_icon_top_data,
};

/* material-symbols:vertical-align-bottom-rounded */
static LV_ATTRIBUTE_MEM_ALIGN LV_ATTRIBUTE_LARGE_CONST
const uint8_t menu_icon_bottom_data[] = {
    0x00, 0x00, 0x00, 0x00, 0x00, 0x00, 0x00, 0x00, 0x00, 0x00, 0x00, 0x00, 0x00, 0x00,
    0x00, 0x00, 0x00, 0x00, 0x01, 0x00, 0x1c, 0x1c, 0x00, 0x01, 0x00, 0x00, 0x00, 0x00,
    0x00, 0x00, 0x00, 0x00, 0x04, 0x00, 0xa4, 0xa4, 0x00, 0x04, 0x00, 0x00, 0x00, 0x00,
    0x00, 0x00, 0x00, 0x00, 0x04, 0x00, 0xa7, 0xa7, 0x00, 0x04, 0x00, 0x00, 0x00, 0x00,
    0x00, 0x00, 0x00, 0x00, 0x07, 0x02, 0xa5, 0xa5, 0x02, 0x07, 0x00, 0x00, 0x00, 0x00,
    0x00, 0x00, 0x00, 0x00, 0x00, 0x00, 0xa8, 0xa8, 0x00, 0x00, 0x00, 0x00, 0x00, 0x00,
    0x00, 0x00, 0x02, 0x00, 0x63, 0x3a, 0x98, 0x98, 0x3a, 0x63, 0x00, 0x02, 0x00, 0x00,
    0x00, 0x00, 0x03, 0x00, 0x73, 0xf9, 0xce, 0xce, 0xfa, 0x74, 0x00, 0x03, 0x00, 0x00,
    0x00, 0x00, 0x00, 0x03, 0x00, 0x6f, 0xff, 0xff, 0x70, 0x00, 0x03, 0x00, 0x00, 0x00,
    0x00, 0x00, 0x00, 0x00, 0x01, 0x00, 0x66, 0x67, 0x00, 0x01, 0x00, 0x00, 0x00, 0x00,
    0x00, 0x00, 0x00, 0x06, 0x05, 0x07, 0x00, 0x00, 0x07, 0x05, 0x06, 0x00, 0x00, 0x00,
    0x04, 0x00, 0x82, 0xec, 0xe7, 0xeb, 0xee, 0xee, 0xeb, 0xe7, 0xec, 0x83, 0x00, 0x04,
    0x01, 0x00, 0x25, 0x47, 0x47, 0x48, 0x48, 0x48, 0x48, 0x47, 0x47, 0x24, 0x00, 0x01,
    0x00, 0x00, 0x00, 0x00, 0x00, 0x00, 0x00, 0x00, 0x00, 0x00, 0x00, 0x00, 0x00, 0x00,
};
static const lv_image_dsc_t menu_icon_bottom = {
    .header.magic = LV_IMAGE_HEADER_MAGIC,
    .header.cf = LV_COLOR_FORMAT_A8,
    .header.w = 14,
    .header.h = 14,
    .header.stride = 14,
    .data_size = sizeof(menu_icon_bottom_data),
    .data = menu_icon_bottom_data,
};

/* CRAZYPOD_MENU_ICON_WALLPAPER reuses material-symbols:wallpaper-rounded. */

/* material-symbols:check-rounded */
static LV_ATTRIBUTE_MEM_ALIGN LV_ATTRIBUTE_LARGE_CONST
const uint8_t menu_icon_check_data[] = {
    0x00, 0x00, 0x00, 0x00, 0x00, 0x00, 0x00, 0x00, 0x00, 0x00, 0x00, 0x00, 0x00, 0x00,
    0x00, 0x00, 0x00, 0x00, 0x00, 0x00, 0x00, 0x00, 0x00, 0x00, 0x02, 0x01, 0x00, 0x00,
    0x00, 0x00, 0x00, 0x00, 0x00, 0x00, 0x00, 0x00, 0x00, 0x02, 0x00, 0x00, 0x00, 0x00,
    0x00, 0x00, 0x00, 0x00, 0x00, 0x00, 0x00, 0x00, 0x03, 0x00, 0x20, 0x21, 0x00, 0x01,
    0x00, 0x00, 0x02, 0x03, 0x00, 0x00, 0x00, 0x04, 0x00, 0x2d, 0xfb, 0x67, 0x00, 0x04,
    0x00, 0x00, 0x00, 0x00, 0x02, 0x00, 0x04, 0x00, 0x2c, 0xf8, 0x93, 0x00, 0x02, 0x00,
    0x02, 0x00, 0x33, 0x3e, 0x00, 0x06, 0x00, 0x2d, 0xf8, 0x93, 0x00, 0x02, 0x01, 0x00,
    0x04, 0x00, 0x5d, 0xff, 0x4c, 0x00, 0x2f, 0xf8, 0x93, 0x00, 0x04, 0x01, 0x00, 0x00,
    0x00, 0x02, 0x00, 0x73, 0xff, 0x6f, 0xf4, 0x96, 0x00, 0x04, 0x01, 0x00, 0x00, 0x00,
    0x00, 0x00, 0x03, 0x00, 0x6e, 0xff, 0x93, 0x00, 0x04, 0x01, 0x00, 0x00, 0x00, 0x00,
    0x00, 0x00, 0x00, 0x02, 0x00, 0x2c, 0x00, 0x01, 0x01, 0x00, 0x00, 0x00, 0x00, 0x00,
    0x00, 0x00, 0x00, 0x00, 0x02, 0x00, 0x00, 0x00, 0x00, 0x00, 0x00, 0x00, 0x00, 0x00,
    0x00, 0x00, 0x00, 0x00, 0x00, 0x02, 0x00, 0x00, 0x00, 0x00, 0x00, 0x00, 0x00, 0x00,
    0x00, 0x00, 0x00, 0x00, 0x00, 0x00, 0x00, 0x00, 0x00, 0x00, 0x00, 0x00, 0x00, 0x00,
};
static const lv_image_dsc_t menu_icon_check = {
    .header.magic = LV_IMAGE_HEADER_MAGIC,
    .header.cf = LV_COLOR_FORMAT_A8,
    .header.w = 14,
    .header.h = 14,
    .header.stride = 14,
    .data_size = sizeof(menu_icon_check_data),
    .data = menu_icon_check_data,
};

static const lv_image_dsc_t *const
crazypod_menu_icon_assets[CRAZYPOD_MENU_ICON_COUNT] = {
    [CRAZYPOD_MENU_ICON_MUSIC] = &menu_icon_music,
    [CRAZYPOD_MENU_ICON_NOW_PLAYING] = &menu_icon_now_playing,
    [CRAZYPOD_MENU_ICON_ALBUM_FLOW] = &menu_icon_album_flow,
    [CRAZYPOD_MENU_ICON_MUSIC_LIBRARY] = &menu_icon_music_library,
    [CRAZYPOD_MENU_ICON_PLAYLIST] = &menu_icon_playlist,
    [CRAZYPOD_MENU_ICON_ARTIST] = &menu_icon_artist,
    [CRAZYPOD_MENU_ICON_ALBUM] = &menu_icon_album,
    [CRAZYPOD_MENU_ICON_SONG] = &menu_icon_song,
    [CRAZYPOD_MENU_ICON_SEARCH] = &menu_icon_search,
    [CRAZYPOD_MENU_ICON_QUEUE] = &menu_icon_queue,
    [CRAZYPOD_MENU_ICON_PODCAST] = &menu_icon_podcast,
    [CRAZYPOD_MENU_ICON_PHOTO] = &menu_icon_photo,
    [CRAZYPOD_MENU_ICON_VIDEO] = &menu_icon_video,
    [CRAZYPOD_MENU_ICON_FAVORITE] = &menu_icon_favorite,
    [CRAZYPOD_MENU_ICON_TRASH] = &menu_icon_trash,
    [CRAZYPOD_MENU_ICON_SOUND] = &menu_icon_sound,
    [CRAZYPOD_MENU_ICON_DISPLAY] = &menu_icon_display,
    [CRAZYPOD_MENU_ICON_PLAYBACK] = &menu_icon_now_playing,
    [CRAZYPOD_MENU_ICON_POWER] = &menu_icon_power,
    [CRAZYPOD_MENU_ICON_CONTROLS] = &menu_icon_controls,
    [CRAZYPOD_MENU_ICON_MENU] = &menu_icon_menu,
    [CRAZYPOD_MENU_ICON_LANGUAGE] = &menu_icon_language,
    [CRAZYPOD_MENU_ICON_EQUALIZER] = &menu_icon_equalizer,
    [CRAZYPOD_MENU_ICON_BASS] = &menu_icon_bass,
    [CRAZYPOD_MENU_ICON_TREBLE] = &menu_icon_treble,
    [CRAZYPOD_MENU_ICON_BALANCE] = &menu_icon_balance,
    [CRAZYPOD_MENU_ICON_BRIGHTNESS] = &menu_icon_brightness,
    [CRAZYPOD_MENU_ICON_BACKLIGHT] = &menu_icon_backlight,
    [CRAZYPOD_MENU_ICON_CHARGING] = &menu_icon_charging,
    [CRAZYPOD_MENU_ICON_DISPLAY_SLEEP] = &menu_icon_display_sleep,
    [CRAZYPOD_MENU_ICON_MOTION_OFF] = &menu_icon_motion_off,
    [CRAZYPOD_MENU_ICON_SHUFFLE] = &menu_icon_shuffle,
    [CRAZYPOD_MENU_ICON_REPEAT] = &menu_icon_repeat,
    [CRAZYPOD_MENU_ICON_POWER_TIMER] = &menu_icon_power_timer,
    [CRAZYPOD_MENU_ICON_USB] = &menu_icon_usb,
    [CRAZYPOD_MENU_ICON_STORAGE] = &menu_icon_storage,
    [CRAZYPOD_MENU_ICON_SLEEP_TIMER] = &menu_icon_display_sleep,
    [CRAZYPOD_MENU_ICON_TIMER_BOOT] = &menu_icon_timer_boot,
    [CRAZYPOD_MENU_ICON_RESET_TIMER] = &menu_icon_reset_timer,
    [CRAZYPOD_MENU_ICON_BEEP] = &menu_icon_beep,
    [CRAZYPOD_MENU_ICON_KEYCLICK] = &menu_icon_keyclick,
    [CRAZYPOD_MENU_ICON_SPEAKER] = &menu_icon_speaker,
    [CRAZYPOD_MENU_ICON_REPEAT_CLICKS] = &menu_icon_repeat_clicks,
    [CRAZYPOD_MENU_ICON_APPS] = &menu_icon_apps,
    [CRAZYPOD_MENU_ICON_LOCK] = &menu_icon_lock,
    [CRAZYPOD_MENU_ICON_CUSTOMIZE] = &menu_icon_customize,
    [CRAZYPOD_MENU_ICON_WORKOUT] = &menu_icon_workout,
    [CRAZYPOD_MENU_ICON_BOOK] = &menu_icon_book,
    [CRAZYPOD_MENU_ICON_NOTE] = &menu_icon_note,
    [CRAZYPOD_MENU_ICON_CLOCK] = &menu_icon_clock,
    [CRAZYPOD_MENU_ICON_CONTACT] = &menu_icon_contact,
    [CRAZYPOD_MENU_ICON_CALENDAR] = &menu_icon_calendar,
    [CRAZYPOD_MENU_ICON_STOPWATCH] = &menu_icon_stopwatch,
    [CRAZYPOD_MENU_ICON_MORE] = &menu_icon_more,
    [CRAZYPOD_MENU_ICON_SETTINGS] = &menu_icon_settings,
    [CRAZYPOD_MENU_ICON_VISIBILITY] = &menu_icon_visibility,
    [CRAZYPOD_MENU_ICON_MOVE_UP] = &menu_icon_move_up,
    [CRAZYPOD_MENU_ICON_MOVE_DOWN] = &menu_icon_move_down,
    [CRAZYPOD_MENU_ICON_ADD_NOTE] = &menu_icon_add_note,
    [CRAZYPOD_MENU_ICON_DRAFT] = &menu_icon_draft,
    [CRAZYPOD_MENU_ICON_PIN] = &menu_icon_pin,
    [CRAZYPOD_MENU_ICON_DUPLICATE] = &menu_icon_duplicate,
    [CRAZYPOD_MENU_ICON_RESTORE] = &menu_icon_restore,
    [CRAZYPOD_MENU_ICON_ERASE] = &menu_icon_erase,
    [CRAZYPOD_MENU_ICON_RECENTS] = &menu_icon_recents,
    [CRAZYPOD_MENU_ICON_READING] = &menu_icon_reading,
    [CRAZYPOD_MENU_ICON_STATS] = &menu_icon_stats,
    [CRAZYPOD_MENU_ICON_BOOKMARK] = &menu_icon_bookmark,
    [CRAZYPOD_MENU_ICON_CHAPTERS] = &menu_icon_chapters,
    [CRAZYPOD_MENU_ICON_TEXT_SIZE] = &menu_icon_text_size,
    [CRAZYPOD_MENU_ICON_PAGE_THEME] = &menu_icon_page_theme,
    [CRAZYPOD_MENU_ICON_IMPORT] = &menu_icon_import,
    [CRAZYPOD_MENU_ICON_START] = &menu_icon_start,
    [CRAZYPOD_MENU_ICON_HISTORY] = &menu_icon_recents,
    [CRAZYPOD_MENU_ICON_SUMMARY] = &menu_icon_stats,
    [CRAZYPOD_MENU_ICON_RUN] = &menu_icon_run,
    [CRAZYPOD_MENU_ICON_WALK] = &menu_icon_walk,
    [CRAZYPOD_MENU_ICON_CYCLING] = &menu_icon_cycling,
    [CRAZYPOD_MENU_ICON_HIKING] = &menu_icon_hiking,
    [CRAZYPOD_MENU_ICON_STAIRS] = &menu_icon_stairs,
    [CRAZYPOD_MENU_ICON_ROWING] = &menu_icon_rowing,
    [CRAZYPOD_MENU_ICON_STRENGTH] = &menu_icon_strength,
    [CRAZYPOD_MENU_ICON_YOGA] = &menu_icon_yoga,
    [CRAZYPOD_MENU_ICON_TENNIS] = &menu_icon_tennis,
    [CRAZYPOD_MENU_ICON_BASKETBALL] = &menu_icon_basketball,
    [CRAZYPOD_MENU_ICON_SOCCER] = &menu_icon_soccer,
    [CRAZYPOD_MENU_ICON_COOLDOWN] = &menu_icon_cooldown,
    [CRAZYPOD_MENU_ICON_TODAY] = &menu_icon_today,
    [CRAZYPOD_MENU_ICON_UPCOMING] = &menu_icon_upcoming,
    [CRAZYPOD_MENU_ICON_MONTH] = &menu_icon_month,
    [CRAZYPOD_MENU_ICON_ADD_EVENT] = &menu_icon_add_event,
    [CRAZYPOD_MENU_ICON_EVENT] = &menu_icon_event,
    [CRAZYPOD_MENU_ICON_TITLE] = &menu_icon_title,
    [CRAZYPOD_MENU_ICON_DATE] = &menu_icon_calendar,
    [CRAZYPOD_MENU_ICON_TIME] = &menu_icon_clock,
    [CRAZYPOD_MENU_ICON_SAVE] = &menu_icon_save,
    [CRAZYPOD_MENU_ICON_PRESETS] = &menu_icon_presets,
    [CRAZYPOD_MENU_ICON_ICONS] = &menu_icon_icons,
    [CRAZYPOD_MENU_ICON_DETAILS] = &menu_icon_controls,
    [CRAZYPOD_MENU_ICON_BACKGROUNDS] = &menu_icon_backgrounds,
    [CRAZYPOD_MENU_ICON_THEMES] = &menu_icon_themes,
    [CRAZYPOD_MENU_ICON_LAYOUT] = &menu_icon_layout,
    [CRAZYPOD_MENU_ICON_EXPORT] = &menu_icon_export,
    [CRAZYPOD_MENU_ICON_EDIT] = &menu_icon_edit,
    [CRAZYPOD_MENU_ICON_APPLY] = &menu_icon_apply,
    [CRAZYPOD_MENU_ICON_ICON_SIZE] = &menu_icon_icon_size,
    [CRAZYPOD_MENU_ICON_WAVE] = &menu_icon_equalizer,
    [CRAZYPOD_MENU_ICON_GLOW] = &menu_icon_glow,
    [CRAZYPOD_MENU_ICON_HIGHLIGHT] = &menu_icon_highlight,
    [CRAZYPOD_MENU_ICON_PRIMARY_COLOR] = &menu_icon_primary_color,
    [CRAZYPOD_MENU_ICON_SECONDARY_COLOR] = &menu_icon_page_theme,
    [CRAZYPOD_MENU_ICON_HOME] = &menu_icon_home,
    [CRAZYPOD_MENU_ICON_TOP] = &menu_icon_top,
    [CRAZYPOD_MENU_ICON_BOTTOM] = &menu_icon_bottom,
    [CRAZYPOD_MENU_ICON_WALLPAPER] = &menu_icon_backgrounds,
    [CRAZYPOD_MENU_ICON_CHECK] = &menu_icon_check,
};
