/* Generated by tools/generate-crazypod-collation.swift. */
/* Values are uppercase Latin initials after system transliteration. */

#define CRAZYPOD_LATIN_INITIAL_FIRST 0x00c0u
#define CRAZYPOD_LATIN_INITIAL_LAST 0x024fu
static const unsigned char crazypod_latin_initials[] = {
    0x41, 0x41, 0x41, 0x41, 0x41, 0x41, 0x00, 0x43, 0x45, 0x45, 0x45, 0x45, 0x49, 0x49, 0x49, 0x49, 0x00, 0x4e, 0x4f, 0x4f, 0x4f, 0x4f, 0x4f, 0x00,
    0x00, 0x55, 0x55, 0x55, 0x55, 0x59, 0x00, 0x53, 0x41, 0x41, 0x41, 0x41, 0x41, 0x41, 0x00, 0x43, 0x45, 0x45, 0x45, 0x45, 0x49, 0x49, 0x49, 0x49,
    0x00, 0x4e, 0x4f, 0x4f, 0x4f, 0x4f, 0x4f, 0x00, 0x00, 0x55, 0x55, 0x55, 0x55, 0x59, 0x00, 0x59, 0x41, 0x41, 0x41, 0x41, 0x41, 0x41, 0x43, 0x43,
    0x43, 0x43, 0x43, 0x43, 0x43, 0x43, 0x44, 0x44, 0x00, 0x00, 0x45, 0x45, 0x45, 0x45, 0x45, 0x45, 0x45, 0x45, 0x45, 0x45, 0x47, 0x47, 0x47, 0x47,
    0x47, 0x47, 0x47, 0x47, 0x48, 0x48, 0x00, 0x00, 0x49, 0x49, 0x49, 0x49, 0x49, 0x49, 0x49, 0x49, 0x49, 0x49, 0x00, 0x00, 0x4a, 0x4a, 0x4b, 0x4b,
    0x00, 0x4c, 0x4c, 0x4c, 0x4c, 0x4c, 0x4c, 0x00, 0x00, 0x00, 0x00, 0x4e, 0x4e, 0x4e, 0x4e, 0x4e, 0x4e, 0x00, 0x00, 0x00, 0x4f, 0x4f, 0x4f, 0x4f,
    0x4f, 0x4f, 0x00, 0x00, 0x52, 0x52, 0x52, 0x52, 0x52, 0x52, 0x53, 0x53, 0x53, 0x53, 0x53, 0x53, 0x53, 0x53, 0x54, 0x54, 0x54, 0x54, 0x00, 0x00,
    0x55, 0x55, 0x55, 0x55, 0x55, 0x55, 0x55, 0x55, 0x55, 0x55, 0x55, 0x55, 0x57, 0x57, 0x59, 0x59, 0x59, 0x5a, 0x5a, 0x5a, 0x5a, 0x5a, 0x5a, 0x53,
    0x00, 0x00, 0x00, 0x00, 0x00, 0x00, 0x00, 0x00, 0x00, 0x00, 0x00, 0x00, 0x00, 0x00, 0x00, 0x00, 0x00, 0x00, 0x00, 0x00, 0x00, 0x00, 0x00, 0x00,
    0x00, 0x00, 0x00, 0x00, 0x00, 0x00, 0x00, 0x00, 0x4f, 0x4f, 0x00, 0x00, 0x00, 0x00, 0x00, 0x00, 0x00, 0x00, 0x00, 0x00, 0x00, 0x00, 0x00, 0x55,
    0x55, 0x00, 0x00, 0x00, 0x00, 0x00, 0x00, 0x00, 0x00, 0x00, 0x00, 0x00, 0x00, 0x00, 0x00, 0x00, 0x00, 0x00, 0x00, 0x00, 0x00, 0x00, 0x00, 0x00,
    0x00, 0x00, 0x00, 0x00, 0x00, 0x41, 0x41, 0x49, 0x49, 0x4f, 0x4f, 0x55, 0x55, 0x55, 0x55, 0x55, 0x55, 0x55, 0x55, 0x55, 0x55, 0x00, 0x41, 0x41,
    0x41, 0x41, 0x00, 0x00, 0x00, 0x00, 0x47, 0x47, 0x4b, 0x4b, 0x4f, 0x4f, 0x4f, 0x4f, 0x00, 0x00, 0x4a, 0x00, 0x00, 0x00, 0x47, 0x47, 0x00, 0x00,
    0x4e, 0x4e, 0x41, 0x41, 0x00, 0x00, 0x00, 0x00, 0x41, 0x41, 0x41, 0x41, 0x45, 0x45, 0x45, 0x45, 0x49, 0x49, 0x49, 0x49, 0x4f, 0x4f, 0x4f, 0x4f,
    0x52, 0x52, 0x52, 0x52, 0x55, 0x55, 0x55, 0x55, 0x53, 0x53, 0x54, 0x54, 0x00, 0x00, 0x48, 0x48, 0x00, 0x00, 0x00, 0x00, 0x00, 0x00, 0x41, 0x41,
    0x45, 0x45, 0x4f, 0x4f, 0x4f, 0x4f, 0x4f, 0x4f, 0x4f, 0x4f, 0x59, 0x59, 0x00, 0x00, 0x00, 0x00, 0x00, 0x00, 0x00, 0x00, 0x00, 0x00, 0x00, 0x00,
    0x00, 0x00, 0x00, 0x00, 0x00, 0x00, 0x00, 0x00, 0x00, 0x00, 0x00, 0x00, 0x00, 0x00, 0x00, 0x00,
};

#define CRAZYPOD_CJK_EXT_A_INITIAL_FIRST 0x3400u
#define CRAZYPOD_CJK_EXT_A_INITIAL_LAST 0x4dbfu
static const unsigned char crazypod_cjk_ext_a_initials[] = {
    0x51, 0x54, 0x00, 0x00, 0x4b, 0x57, 0x59, 0x00, 0x00, 0x00, 0x00, 0x00, 0x59, 0x00, 0x00, 0x00, 0x00, 0x00, 0x00, 0x00, 0x00, 0x00, 0x58, 0x00,
    0x00, 0x00, 0x00, 0x00, 0x43, 0x00, 0x00, 0x00, 0x00, 0x4e, 0x00, 0x00, 0x44, 0x00, 0x00, 0x00, 0x58, 0x58, 0x00, 0x58, 0x4c, 0x4c, 0x58, 0x59,
    0x58, 0x5a, 0x44, 0x57, 0x50, 0x52, 0x00, 0x4d, 0x51, 0x59, 0x59, 0x4e, 0x43, 0x46, 0x00, 0x00, 0x00, 0x5a, 0x46, 0x41, 0x57, 0x5a, 0x00, 0x5a,
    0x44, 0x53, 0x59, 0x51, 0x4b, 0x4c, 0x4e, 0x5a, 0x53, 0x00, 0x00, 0x00, 0x58, 0x00, 0x00, 0x53, 0x4a, 0x44, 0x4e, 0x53, 0x59, 0x4c, 0x59, 0x42,
    0x00, 0x00, 0x00, 0x4c, 0x4d, 0x59, 0x4c, 0x4a, 0x59, 0x4c, 0x43, 0x00, 0x00, 0x00, 0x48, 0x58, 0x48, 0x52, 0x00, 0x5a, 0x00, 0x48, 0x58, 0x54,
    0x59, 0x48, 0x4a, 0x4d, 0x4c, 0x54, 0x59, 0x5a, 0x5a, 0x59, 0x5a, 0x45, 0x52, 0x51, 0x43, 0x57, 0x48, 0x54, 0x53, 0x53, 0x51, 0x4c, 0x53, 0x00,
    0x00, 0x4b, 0x50, 0x54, 0x53, 0x59, 0x4f, 0x54, 0x00, 0x4d, 0x59, 0x44, 0x59, 0x4d, 0x4a, 0x4e, 0x58, 0x59, 0x00, 0x00, 0x43, 0x46, 0x4c, 0x4c,
    0x00, 0x4c, 0x00, 0x4a, 0x00, 0x00, 0x00, 0x00, 0x51, 0x00, 0x43, 0x4c, 0x47, 0x4d, 0x00, 0x47, 0x53, 0x00, 0x00, 0x4d, 0x4d, 0x51, 0x53, 0x4c,
    0x00, 0x57, 0x4b, 0x44, 0x5a, 0x54, 0x00, 0x00, 0x42, 0x48, 0x44, 0x47, 0x43, 0x00, 0x51, 0x4a, 0x4c, 0x58, 0x00, 0x4e, 0x58, 0x00, 0x42, 0x4a,
    0x53, 0x00, 0x47, 0x00, 0x59, 0x58, 0x51, 0x50, 0x44, 0x46, 0x4c, 0x51, 0x51, 0x54, 0x42, 0x47, 0x43, 0x58, 0x4c, 0x00, 0x00, 0x53, 0x44, 0x4c,
    0x48, 0x54, 0x50, 0x44, 0x52, 0x45, 0x51, 0x59, 0x5a, 0x52, 0x4a, 0x00, 0x43, 0x43, 0x58, 0x00, 0x4c, 0x44, 0x4c, 0x4a, 0x53, 0x58, 0x5a, 0x00,
    0x00, 0x5a, 0x5a, 0x4a, 0x5a, 0x43, 0x58, 0x4c, 0x00, 0x43, 0x58, 0x4a, 0x00, 0x4a, 0x00, 0x46, 0x43, 0x42, 0x4a, 0x00, 0x42, 0x4c, 0x4b, 0x00,
    0x58, 0x42, 0x4a, 0x4c, 0x58, 0x42, 0x59, 0x4c, 0x42, 0x45, 0x4c, 0x00, 0x00, 0x43, 0x4e, 0x58, 0x48, 0x59, 0x00, 0x47, 0x59, 0x58, 0x47, 0x4c,
    0x54, 0x4c, 0x53, 0x00, 0x53, 0x59, 0x58, 0x5a, 0x00, 0x51, 0x59, 0x58, 0x5a, 0x4a, 0x48, 0x4c, 0x59, 0x4b, 0x46, 0x51, 0x41, 0x00, 0x4b, 0x43,
    0x58, 0x43, 0x57, 0x00, 0x00, 0x48, 0x53, 0x59, 0x00, 0x4a, 0x5a, 0x58, 0x53, 0x00, 0x53, 0x4b, 0x53, 0x48, 0x47, 0x59, 0x51, 0x53, 0x48, 0x58,
    0x46, 0x50, 0x44, 0x46, 0x47, 0x41, 0x46, 0x4e, 0x58, 0x59, 0x48, 0x00, 0x43, 0x47, 0x4e, 0x48, 0x4c, 0x46, 0x58, 0x50, 0x00, 0x53, 0x00, 0x00,
    0x4c, 0x4c, 0x59, 0x48, 0x00, 0x58, 0x51, 0x45, 0x00, 0x00, 0x58, 0x00, 0x00, 0x00, 0x00, 0x4e, 0x57, 0x58, 0x54, 0x48, 0x54, 0x4e, 0x4e, 0x59,
    0x5a, 0x00, 0x00, 0x00, 0x00, 0x00, 0x57, 0x53, 0x4e, 0x59, 0x51, 0x54, 0x48, 0x4a, 0x44, 0x48, 0x4c, 0x4a, 0x48, 0x4c, 0x00, 0x54, 0x4c, 0x00,
    0x00, 0x00, 0x00, 0x00, 0x00, 0x47, 0x59, 0x53, 0x58, 0x50, 0x43, 0x4e, 0x44, 0x5a, 0x45, 0x58, 0x59, 0x45, 0x53, 0x57, 0x4b, 0x48, 0x47, 0x58,
    0x4d, 0x4c, 0x4a, 0x48, 0x5a, 0x00, 0x00, 0x57, 0x00, 0x42, 0x41, 0x5a, 0x51, 0x47, 0x44, 0x42, 0x42, 0x43, 0x4c, 0x58, 0x58, 0x00, 0x00, 0x00,
    0x00, 0x00, 0x48, 0x54, 0x43, 0x4b, 0x4c, 0x5a, 0x58, 0x58, 0x00, 0x51, 0x5a, 0x58, 0x00, 0x00, 0x43, 0x4a, 0x48, 0x54, 0x59, 0x58, 0x50, 0x53,
    0x00, 0x00, 0x00, 0x47, 0x59, 0x58, 0x58, 0x48, 0x5a, 0x59, 0x43, 0x00, 0x4c, 0x58, 0x54, 0x52, 0x59, 0x5a, 0x58, 0x58, 0x4a, 0x4a, 0x48, 0x00,
    0x50, 0x4c, 0x00, 0x4c, 0x53, 0x48, 0x59, 0x51, 0x00, 0x59, 0x48, 0x4b, 0x43, 0x4e, 0x48, 0x00, 0x42, 0x58, 0x57, 0x58, 0x57, 0x59, 0x51, 0x58,
    0x4e, 0x42, 0x48, 0x4a, 0x41, 0x41, 0x00, 0x00, 0x5a, 0x54, 0x4a, 0x00, 0x5a, 0x42, 0x4a, 0x41, 0x5a, 0x43, 0x46, 0x00, 0x00, 0x00, 0x00, 0x4e,
    0x4c, 0x4d, 0x44, 0x42, 0x42, 0x42, 0x00, 0x43, 0x58, 0x54, 0x43, 0x00, 0x00, 0x44, 0x57, 0x46, 0x44, 0x59, 0x59, 0x4b, 0x57, 0x4b, 0x00, 0x57,
    0x59, 0x4c, 0x58, 0x42, 0x43, 0x58, 0x4e, 0x4c, 0x59, 0x5a, 0x4d, 0x5a, 0x58, 0x47, 0x58, 0x00, 0x4a, 0x4c, 0x59, 0x4a, 0x59, 0x00, 0x44, 0x59,
    0x58, 0x48, 0x59, 0x4b, 0x43, 0x54, 0x54, 0x5a, 0x42, 0x4d, 0x4b, 0x43, 0x4c, 0x00, 0x58, 0x00, 0x58, 0x51, 0x4e, 0x59, 0x00, 0x4c, 0x46, 0x5a,
    0x00, 0x47, 0x4b, 0x44, 0x48, 0x4b, 0x00, 0x47, 0x54, 0x00, 0x53, 0x4c, 0x4e, 0x46, 0x47, 0x51, 0x42, 0x4a, 0x4b, 0x58, 0x59, 0x5a, 0x53, 0x43,
    0x58, 0x4a, 0x4e, 0x58, 0x59, 0x59, 0x59, 0x59, 0x53, 0x52, 0x48, 0x53, 0x4a, 0x59, 0x00, 0x58, 0x50, 0x51, 0x43, 0x00, 0x42, 0x44, 0x53, 0x45,
    0x00, 0x4d, 0x59, 0x4a, 0x00, 0x51, 0x58, 0x50, 0x43, 0x50, 0x4e, 0x4a, 0x59, 0x45, 0x44, 0x00, 0x00, 0x00, 0x44, 0x00, 0x00, 0x51, 0x4c, 0x51,
    0x53, 0x43, 0x44, 0x58, 0x46, 0x59, 0x53, 0x51, 0x50, 0x58, 0x54, 0x58, 0x59, 0x42, 0x4c, 0x00, 0x00, 0x00, 0x00, 0x59, 0x4c, 0x54, 0x4c, 0x4d,
    0x51, 0x5a, 0x59, 0x58, 0x4c, 0x58, 0x53, 0x46, 0x00, 0x57, 0x46, 0x59, 0x4e, 0x43, 0x54, 0x4a, 0x53, 0x50, 0x41, 0x4b, 0x43, 0x00, 0x58, 0x5a,
    0x00, 0x00, 0x46, 0x4c, 0x58, 0x58, 0x4d, 0x48, 0x4d, 0x59, 0x5a, 0x59, 0x4e, 0x54, 0x58, 0x59, 0x53, 0x46, 0x59, 0x44, 0x00, 0x4c, 0x43, 0x43,
    0x4a, 0x4c, 0x53, 0x4e, 0x41, 0x41, 0x51, 0x00, 0x43, 0x43, 0x00, 0x52, 0x4e, 0x4d, 0x58, 0x59, 0x4e, 0x41, 0x53, 0x4d, 0x00, 0x00, 0x4c, 0x58,
    0x59, 0x5a, 0x57, 0x48, 0x4d, 0x4e, 0x57, 0x4d, 0x4e, 0x51, 0x5a, 0x4c, 0x5a, 0x5a, 0x48, 0x58, 0x48, 0x58, 0x5a, 0x4d, 0x43, 0x47, 0x00, 0x43,
    0x4c, 0x5a, 0x53, 0x4c, 0x4a, 0x58, 0x44, 0x4a, 0x52, 0x4d, 0x00, 0x4b, 0x59, 0x4e, 0x59, 0x4c, 0x59, 0x59, 0x59, 0x53, 0x00, 0x4c, 0x59, 0x4d,
    0x4d, 0x5a, 0x59, 0x59, 0x47, 0x4d, 0x4a, 0x57, 0x00, 0x4b, 0x44, 0x4c, 0x00, 0x58, 0x43, 0x51, 0x4d, 0x4d, 0x51, 0x00, 0x57, 0x44, 0x41, 0x00,
    0x42, 0x4e, 0x4c, 0x4a, 0x59, 0x43, 0x5a, 0x42, 0x48, 0x59, 0x54, 0x4a, 0x41, 0x4c, 0x4a, 0x57, 0x42, 0x5a, 0x58, 0x4e, 0x59, 0x00, 0x42, 0x5a,
    0x4a, 0x57, 0x58, 0x51, 0x59, 0x58, 0x43, 0x51, 0x44, 0x4e, 0x51, 0x4a, 0x54, 0x00, 0x53, 0x44, 0x4c, 0x5a, 0x00, 0x00, 0x59, 0x43, 0x4a, 0x48,
    0x5a, 0x4c, 0x4e, 0x4a, 0x51, 0x44, 0x00, 0x4a, 0x58, 0x43, 0x59, 0x44, 0x43, 0x00, 0x4d, 0x48, 0x53, 0x4b, 0x5a, 0x48, 0x43, 0x58, 0x4e, 0x43,
    0x4c, 0x41, 0x4d, 0x53, 0x58, 0x59, 0x48, 0x43, 0x51, 0x4c, 0x46, 0x44, 0x4d, 0x4c, 0x54, 0x48, 0x4d, 0x42, 0x51, 0x51, 0x48, 0x00, 0x4c, 0x42,
    0x54, 0x5a, 0x51, 0x5a, 0x4d, 0x50, 0x5a, 0x58, 0x47, 0x00, 0x51, 0x00, 0x4c, 0x43, 0x59, 0x45, 0x44, 0x4d, 0x57, 0x51, 0x53, 0x4d, 0x54, 0x00,
    0x4d, 0x59, 0x4a, 0x4c, 0x4b, 0x47, 0x59, 0x44, 0x00, 0x4c, 0x4c, 0x51, 0x41, 0x42, 0x59, 0x4d, 0x44, 0x00, 0x41, 0x00, 0x58, 0x46, 0x44, 0x4a,
    0x52, 0x54, 0x51, 0x45, 0x51, 0x4a, 0x4a, 0x48, 0x4a, 0x5a, 0x42, 0x4d, 0x42, 0x57, 0x59, 0x41, 0x59, 0x48, 0x44, 0x57, 0x4e, 0x43, 0x00, 0x4c,
    0x4c, 0x4e, 0x48, 0x4c, 0x00, 0x4c, 0x46, 0x4d, 0x59, 0x00, 0x4a, 0x00, 0x00, 0x5a, 0x50, 0x59, 0x00, 0x4a, 0x42, 0x00, 0x52, 0x48, 0x46, 0x47,
    0x4b, 0x4a, 0x53, 0x00, 0x53, 0x54, 0x59, 0x5a, 0x42, 0x4b, 0x4c, 0x48, 0x58, 0x4e, 0x00, 0x5a, 0x57, 0x58, 0x51, 0x59, 0x4d, 0x00, 0x53, 0x53,
    0x00, 0x51, 0x5a, 0x4b, 0x57, 0x59, 0x43, 0x54, 0x4c, 0x42, 0x47, 0x4d, 0x58, 0x46, 0x4c, 0x5a, 0x5a, 0x43, 0x4d, 0x4c, 0x00, 0x59, 0x50, 0x5a,
    0x4a, 0x4c, 0x4e, 0x59, 0x00, 0x4a, 0x4a, 0x5a, 0x59, 0x4a, 0x48, 0x5a, 0x4c, 0x4c, 0x5a, 0x42, 0x5a, 0x4a, 0x44, 0x4c, 0x59, 0x5a, 0x58, 0x43,
    0x43, 0x43, 0x59, 0x4c, 0x44, 0x4c, 0x43, 0x00, 0x54, 0x43, 0x41, 0x43, 0x00, 0x59, 0x5a, 0x54, 0x00, 0x54, 0x43, 0x59, 0x5a, 0x00, 0x50, 0x51,
    0x4c, 0x51, 0x4c, 0x59, 0x4b, 0x53, 0x59, 0x43, 0x4a, 0x4a, 0x00, 0x4a, 0x00, 0x44, 0x00, 0x4a, 0x48, 0x44, 0x00, 0x00, 0x48, 0x00, 0x43, 0x44,
    0x42, 0x00, 0x58, 0x4c, 0x00, 0x58, 0x42, 0x00, 0x42, 0x00, 0x58, 0x52, 0x42, 0x45, 0x4a, 0x00, 0x5a, 0x42, 0x45, 0x59, 0x51, 0x5a, 0x4d, 0x59,
    0x53, 0x00, 0x00, 0x00, 0x53, 0x54, 0x4d, 0x4a, 0x42, 0x52, 0x43, 0x43, 0x44, 0x00, 0x00, 0x00, 0x00, 0x44, 0x54, 0x54, 0x58, 0x53, 0x44, 0x58,
    0x54, 0x00, 0x54, 0x53, 0x4a, 0x5a, 0x57, 0x59, 0x00, 0x00, 0x48, 0x5a, 0x51, 0x5a, 0x00, 0x58, 0x58, 0x5a, 0x57, 0x00, 0x00, 0x54, 0x5a, 0x4e,
    0x00, 0x00, 0x58, 0x59, 0x52, 0x53, 0x43, 0x5a, 0x00, 0x4d, 0x4a, 0x46, 0x50, 0x41, 0x46, 0x41, 0x51, 0x51, 0x58, 0x46, 0x47, 0x51, 0x47, 0x54,
    0x43, 0x59, 0x47, 0x42, 0x46, 0x43, 0x5a, 0x00, 0x5a, 0x00, 0x48, 0x4e, 0x4a, 0x43, 0x43, 0x4b, 0x4c, 0x4c, 0x59, 0x00, 0x59, 0x48, 0x4c, 0x48,
    0x47, 0x4b, 0x59, 0x44, 0x48, 0x4a, 0x47, 0x4a, 0x5a, 0x46, 0x51, 0x42, 0x43, 0x43, 0x4d, 0x48, 0x58, 0x51, 0x48, 0x00, 0x00, 0x43, 0x53, 0x59,
    0x5a, 0x44, 0x54, 0x4d, 0x4c, 0x53, 0x54, 0x43, 0x44, 0x43, 0x50, 0x59, 0x4a, 0x4a, 0x4c, 0x54, 0x59, 0x00, 0x43, 0x51, 0x59, 0x4c, 0x43, 0x00,
    0x00, 0x00, 0x59, 0x4a, 0x57, 0x4d, 0x53, 0x58, 0x58, 0x43, 0x51, 0x48, 0x00, 0x59, 0x51, 0x53, 0x53, 0x44, 0x4c, 0x00, 0x50, 0x54, 0x5a, 0x59,
    0x53, 0x46, 0x43, 0x59, 0x59, 0x48, 0x53, 0x59, 0x4d, 0x46, 0x48, 0x00, 0x59, 0x43, 0x4e, 0x41, 0x46, 0x4c, 0x43, 0x43, 0x4d, 0x44, 0x48, 0x4c,
    0x41, 0x59, 0x48, 0x5a, 0x48, 0x45, 0x48, 0x53, 0x4e, 0x58, 0x4c, 0x58, 0x59, 0x4c, 0x4d, 0x4a, 0x4a, 0x00, 0x42, 0x59, 0x48, 0x4d, 0x43, 0x4d,
    0x00, 0x4c, 0x4a, 0x57, 0x59, 0x58, 0x58, 0x43, 0x4c, 0x59, 0x58, 0x5a, 0x4c, 0x4c, 0x51, 0x48, 0x4a, 0x57, 0x00, 0x00, 0x47, 0x5a, 0x44, 0x59,
    0x4a, 0x59, 0x52, 0x58, 0x53, 0x59, 0x59, 0x51, 0x4a, 0x51, 0x54, 0x53, 0x51, 0x4d, 0x4a, 0x4d, 0x59, 0x47, 0x50, 0x58, 0x4d, 0x46, 0x59, 0x47,
    0x53, 0x48, 0x59, 0x47, 0x47, 0x4c, 0x45, 0x5a, 0x5a, 0x42, 0x57, 0x4c, 0x4c, 0x00, 0x00, 0x4b, 0x00, 0x48, 0x59, 0x5a, 0x43, 0x58, 0x58, 0x00,
    0x51, 0x50, 0x47, 0x45, 0x47, 0x51, 0x48, 0x4c, 0x4c, 0x43, 0x53, 0x5a, 0x57, 0x50, 0x4b, 0x54, 0x50, 0x54, 0x54, 0x5a, 0x42, 0x47, 0x48, 0x00,
    0x42, 0x5a, 0x44, 0x44, 0x5a, 0x4e, 0x4c, 0x50, 0x4a, 0x4d, 0x57, 0x43, 0x47, 0x42, 0x52, 0x54, 0x42, 0x5a, 0x4b, 0x4c, 0x48, 0x59, 0x5a, 0x4a,
    0x58, 0x58, 0x58, 0x53, 0x51, 0x58, 0x53, 0x48, 0x4d, 0x48, 0x50, 0x00, 0x48, 0x4e, 0x53, 0x42, 0x43, 0x4a, 0x48, 0x4c, 0x00, 0x48, 0x44, 0x48,
    0x47, 0x59, 0x43, 0x47, 0x4a, 0x4a, 0x44, 0x4a, 0x4d, 0x48, 0x4d, 0x43, 0x4c, 0x50, 0x59, 0x4a, 0x4a, 0x51, 0x00, 0x51, 0x53, 0x00, 0x4a, 0x48,
    0x59, 0x44, 0x58, 0x58, 0x46, 0x43, 0x59, 0x00, 0x44, 0x00, 0x51, 0x48, 0x54, 0x00, 0x51, 0x58, 0x4e, 0x53, 0x4d, 0x54, 0x4c, 0x48, 0x43, 0x5a,
    0x41, 0x4c, 0x4d, 0x00, 0x46, 0x00, 0x58, 0x42, 0x48, 0x51, 0x58, 0x00, 0x00, 0x42, 0x51, 0x50, 0x4a, 0x4a, 0x4b, 0x53, 0x4a, 0x45, 0x4e, 0x51,
    0x44, 0x44, 0x00, 0x51, 0x5a, 0x51, 0x5a, 0x4b, 0x59, 0x51, 0x4b, 0x48, 0x46, 0x47, 0x44, 0x58, 0x47, 0x48, 0x51, 0x48, 0x54, 0x42, 0x53, 0x42,
    0x4c, 0x59, 0x4e, 0x43, 0x53, 0x44, 0x4c, 0x54, 0x4c, 0x4b, 0x53, 0x5a, 0x43, 0x4c, 0x4d, 0x00, 0x51, 0x4b, 0x53, 0x58, 0x42, 0x5a, 0x59, 0x58,
    0x53, 0x53, 0x53, 0x52, 0x43, 0x4c, 0x4c, 0x43, 0x00, 0x48, 0x00, 0x00, 0x4a, 0x42, 0x48, 0x44, 0x00, 0x4c, 0x4a, 0x4a, 0x4b, 0x53, 0x4c, 0x5a,
    0x44, 0x44, 0x5a, 0x59, 0x50, 0x43, 0x00, 0x00, 0x00, 0x00, 0x59, 0x00, 0x00, 0x59, 0x48, 0x59, 0x59, 0x5a, 0x47, 0x51, 0x47, 0x00, 0x00, 0x48,
    0x4d, 0x46, 0x48, 0x47, 0x54, 0x44, 0x00, 0x59, 0x00, 0x00, 0x51, 0x00, 0x43, 0x4d, 0x54, 0x42, 0x41, 0x00, 0x00, 0x58, 0x00, 0x00, 0x00, 0x4d,
    0x4c, 0x4e, 0x42, 0x43, 0x00, 0x46, 0x5a, 0x4a, 0x4a, 0x53, 0x00, 0x4b, 0x44, 0x4c, 0x00, 0x00, 0x00, 0x00, 0x59, 0x54, 0x43, 0x4d, 0x4d, 0x48,
    0x57, 0x4e, 0x48, 0x48, 0x4a, 0x42, 0x58, 0x4c, 0x4a, 0x00, 0x4d, 0x50, 0x48, 0x59, 0x00, 0x58, 0x53, 0x57, 0x43, 0x58, 0x4a, 0x43, 0x48, 0x46,
    0x53, 0x4c, 0x00, 0x44, 0x51, 0x50, 0x59, 0x42, 0x00, 0x48, 0x44, 0x59, 0x4a, 0x4a, 0x4e, 0x4c, 0x59, 0x54, 0x54, 0x57, 0x48, 0x58, 0x48, 0x00,
    0x54, 0x5a, 0x00, 0x48, 0x46, 0x00, 0x00, 0x54, 0x00, 0x52, 0x4a, 0x00, 0x58, 0x00, 0x00, 0x59, 0x4a, 0x48, 0x00, 0x42, 0x4d, 0x00, 0x47, 0x57,
    0x00, 0x4d, 0x53, 0x42, 0x4c, 0x51, 0x00, 0x00, 0x47, 0x5a, 0x4c, 0x50, 0x52, 0x51, 0x4c, 0x47, 0x58, 0x58, 0x58, 0x00, 0x4e, 0x00, 0x00, 0x00,
    0x58, 0x4c, 0x46, 0x43, 0x5a, 0x42, 0x5a, 0x5a, 0x5a, 0x48, 0x4a, 0x00, 0x4a, 0x00, 0x00, 0x00, 0x54, 0x58, 0x59, 0x54, 0x54, 0x44, 0x4a, 0x41,
    0x48, 0x58, 0x4a, 0x57, 0x42, 0x5a, 0x4e, 0x54, 0x4e, 0x00, 0x00, 0x59, 0x4d, 0x00, 0x00, 0x4e, 0x53, 0x43, 0x59, 0x47, 0x43, 0x52, 0x4a, 0x51,
    0x4d, 0x45, 0x4c, 0x43, 0x5a, 0x48, 0x4a, 0x4e, 0x00, 0x47, 0x48, 0x47, 0x00, 0x42, 0x53, 0x57, 0x4a, 0x58, 0x51, 0x48, 0x57, 0x58, 0x4a, 0x48,
    0x50, 0x53, 0x43, 0x5a, 0x00, 0x5a, 0x53, 0x4a, 0x53, 0x5a, 0x42, 0x00, 0x00, 0x00, 0x4c, 0x42, 0x58, 0x50, 0x44, 0x51, 0x5a, 0x50, 0x43, 0x42,
    0x53, 0x48, 0x48, 0x4a, 0x43, 0x4a, 0x4e, 0x47, 0x46, 0x00, 0x00, 0x54, 0x43, 0x58, 0x44, 0x58, 0x4b, 0x5a, 0x54, 0x48, 0x43, 0x4c, 0x4a, 0x4c,
    0x51, 0x50, 0x5a, 0x00, 0x4c, 0x43, 0x51, 0x00, 0x00, 0x54, 0x4c, 0x51, 0x4c, 0x4c, 0x53, 0x47, 0x5a, 0x50, 0x4a, 0x51, 0x00, 0x00, 0x5a, 0x50,
    0x4a, 0x42, 0x4a, 0x47, 0x00, 0x42, 0x5a, 0x4c, 0x4c, 0x4c, 0x53, 0x4d, 0x4a, 0x44, 0x42, 0x00, 0x4c, 0x00, 0x58, 0x50, 0x51, 0x4c, 0x5a, 0x00,
    0x4a, 0x53, 0x58, 0x00, 0x58, 0x00, 0x4c, 0x51, 0x59, 0x4e, 0x4c, 0x59, 0x00, 0x59, 0x43, 0x4a, 0x48, 0x58, 0x4b, 0x5a, 0x48, 0x58, 0x51, 0x48,
    0x58, 0x48, 0x47, 0x43, 0x58, 0x58, 0x53, 0x4b, 0x58, 0x53, 0x59, 0x59, 0x50, 0x5a, 0x59, 0x5a, 0x4c, 0x58, 0x58, 0x59, 0x53, 0x59, 0x4a, 0x58,
    0x43, 0x53, 0x4b, 0x59, 0x48, 0x59, 0x58, 0x53, 0x4a, 0x59, 0x59, 0x51, 0x59, 0x4c, 0x4b, 0x5a, 0x00, 0x00, 0x00, 0x00, 0x58, 0x00, 0x43, 0x58,
    0x41, 0x58, 0x43, 0x43, 0x5a, 0x00, 0x59, 0x50, 0x4b, 0x53, 0x4c, 0x54, 0x58, 0x4c, 0x51, 0x57, 0x4c, 0x44, 0x4d, 0x4c, 0x57, 0x44, 0x4b, 0x41,
    0x5a, 0x48, 0x59, 0x4d, 0x5a, 0x46, 0x50, 0x00, 0x42, 0x4c, 0x4c, 0x4c, 0x48, 0x5a, 0x47, 0x51, 0x5a, 0x4b, 0x43, 0x4a, 0x4a, 0x4a, 0x4c, 0x00,
    0x53, 0x51, 0x52, 0x43, 0x4e, 0x5a, 0x4c, 0x50, 0x00, 0x00, 0x42, 0x52, 0x58, 0x4c, 0x58, 0x46, 0x51, 0x00, 0x53, 0x5a, 0x54, 0x52, 0x53, 0x59,
    0x4d, 0x4e, 0x42, 0x00, 0x53, 0x54, 0x48, 0x53, 0x52, 0x00, 0x44, 0x50, 0x4a, 0x54, 0x00, 0x52, 0x4e, 0x4c, 0x44, 0x44, 0x5a, 0x00, 0x4c, 0x44,
    0x58, 0x47, 0x4a, 0x4e, 0x59, 0x4e, 0x59, 0x57, 0x47, 0x5a, 0x59, 0x43, 0x58, 0x4a, 0x54, 0x46, 0x50, 0x00, 0x59, 0x51, 0x59, 0x42, 0x42, 0x53,
    0x5a, 0x59, 0x42, 0x00, 0x44, 0x4c, 0x59, 0x43, 0x43, 0x58, 0x58, 0x59, 0x58, 0x00, 0x00, 0x00, 0x54, 0x47, 0x00, 0x00, 0x00, 0x4c, 0x58, 0x43,
    0x4a, 0x54, 0x50, 0x5a, 0x58, 0x58, 0x4e, 0x00, 0x00, 0x00, 0x00, 0x00, 0x4d, 0x4a, 0x4e, 0x48, 0x48, 0x57, 0x59, 0x5a, 0x42, 0x4d, 0x51, 0x58,
    0x46, 0x59, 0x54, 0x4c, 0x59, 0x00, 0x4a, 0x53, 0x59, 0x4a, 0x00, 0x53, 0x00, 0x00, 0x4e, 0x57, 0x4d, 0x53, 0x59, 0x53, 0x4a, 0x4a, 0x4c, 0x59,
    0x4d, 0x5a, 0x53, 0x5a, 0x42, 0x4c, 0x00, 0x00, 0x00, 0x00, 0x00, 0x00, 0x00, 0x51, 0x47, 0x58, 0x5a, 0x59, 0x4e, 0x4a, 0x58, 0x59, 0x58, 0x5a,
    0x4e, 0x00, 0x53, 0x4c, 0x43, 0x4d, 0x51, 0x44, 0x53, 0x00, 0x00, 0x00, 0x53, 0x58, 0x42, 0x44, 0x5a, 0x00, 0x53, 0x53, 0x48, 0x54, 0x47, 0x00,
    0x00, 0x00, 0x4e, 0x4d, 0x58, 0x4d, 0x4a, 0x43, 0x4a, 0x48, 0x46, 0x53, 0x43, 0x53, 0x4e, 0x50, 0x4d, 0x00, 0x00, 0x00, 0x00, 0x59, 0x43, 0x00,
    0x4b, 0x42, 0x4c, 0x4b, 0x53, 0x4d, 0x53, 0x47, 0x50, 0x59, 0x58, 0x4e, 0x59, 0x5a, 0x43, 0x46, 0x58, 0x50, 0x57, 0x4c, 0x43, 0x5a, 0x5a, 0x42,
    0x59, 0x48, 0x50, 0x58, 0x00, 0x4c, 0x51, 0x58, 0x4a, 0x47, 0x00, 0x00, 0x59, 0x58, 0x5a, 0x48, 0x59, 0x58, 0x00, 0x00, 0x4c, 0x58, 0x48, 0x59,
    0x00, 0x4c, 0x53, 0x43, 0x42, 0x4a, 0x53, 0x46, 0x44, 0x00, 0x42, 0x59, 0x00, 0x00, 0x4e, 0x4c, 0x59, 0x44, 0x00, 0x43, 0x43, 0x47, 0x4a, 0x4e,
    0x00, 0x00, 0x00, 0x4c, 0x4d, 0x59, 0x00, 0x4c, 0x48, 0x00, 0x59, 0x4a, 0x43, 0x52, 0x4e, 0x00, 0x00, 0x48, 0x54, 0x00, 0x41, 0x47, 0x42, 0x42,
    0x51, 0x00, 0x53, 0x43, 0x48, 0x43, 0x46, 0x48, 0x45, 0x57, 0x46, 0x54, 0x00, 0x4c, 0x48, 0x59, 0x48, 0x00, 0x59, 0x5a, 0x59, 0x51, 0x5a, 0x4a,
    0x54, 0x00, 0x00, 0x00, 0x00, 0x00, 0x00, 0x54, 0x4c, 0x4a, 0x5a, 0x58, 0x48, 0x00, 0x58, 0x00, 0x00, 0x00, 0x43, 0x51, 0x4d, 0x00, 0x5a, 0x42,
    0x43, 0x00, 0x00, 0x59, 0x47, 0x4d, 0x42, 0x4a, 0x44, 0x5a, 0x00, 0x57, 0x59, 0x00, 0x4a, 0x58, 0x54, 0x48, 0x00, 0x44, 0x4a, 0x4a, 0x4b, 0x5a,
    0x00, 0x58, 0x4c, 0x46, 0x48, 0x58, 0x4e, 0x4d, 0x52, 0x43, 0x59, 0x4d, 0x00, 0x4a, 0x51, 0x54, 0x57, 0x5a, 0x4c, 0x53, 0x4b, 0x58, 0x5a, 0x5a,
    0x54, 0x53, 0x42, 0x59, 0x50, 0x43, 0x48, 0x4b, 0x4a, 0x41, 0x43, 0x51, 0x42, 0x42, 0x46, 0x4b, 0x54, 0x54, 0x5a, 0x4c, 0x00, 0x47, 0x59, 0x53,
    0x48, 0x4c, 0x53, 0x53, 0x00, 0x42, 0x52, 0x44, 0x42, 0x4c, 0x51, 0x46, 0x4a, 0x5a, 0x48, 0x48, 0x4c, 0x59, 0x59, 0x58, 0x43, 0x44, 0x4c, 0x4a,
    0x43, 0x53, 0x50, 0x59, 0x4a, 0x48, 0x48, 0x54, 0x52, 0x57, 0x59, 0x52, 0x59, 0x53, 0x59, 0x4a, 0x54, 0x58, 0x4a, 0x5a, 0x51, 0x5a, 0x44, 0x00,
    0x59, 0x00, 0x00, 0x59, 0x53, 0x59, 0x4d, 0x00, 0x00, 0x51, 0x58, 0x57, 0x47, 0x59, 0x54, 0x53, 0x4e, 0x47, 0x54, 0x57, 0x4a, 0x43, 0x50, 0x5a,
    0x48, 0x4e, 0x59, 0x47, 0x59, 0x48, 0x00, 0x53, 0x43, 0x48, 0x59, 0x57, 0x58, 0x50, 0x52, 0x4c, 0x4c, 0x53, 0x58, 0x5a, 0x48, 0x46, 0x48, 0x43,
    0x5a, 0x00, 0x54, 0x5a, 0x4e, 0x48, 0x59, 0x5a, 0x59, 0x4c, 0x48, 0x58, 0x58, 0x43, 0x4c, 0x00, 0x53, 0x4a, 0x50, 0x51, 0x47, 0x5a, 0x59, 0x00,
    0x00, 0x52, 0x4e, 0x4d, 0x42, 0x4a, 0x00, 0x58, 0x50, 0x42, 0x4d, 0x00, 0x00, 0x00, 0x00, 0x59, 0x59, 0x00, 0x50, 0x51, 0x42, 0x48, 0x00, 0x00,
    0x00, 0x42, 0x4d, 0x4c, 0x54, 0x57, 0x4c, 0x4c, 0x00, 0x4a, 0x4a, 0x5a, 0x44, 0x4a, 0x44, 0x42, 0x00, 0x00, 0x00, 0x00, 0x00, 0x4c, 0x42, 0x53,
    0x54, 0x58, 0x00, 0x00, 0x00, 0x00, 0x00, 0x44, 0x00, 0x00, 0x53, 0x42, 0x54, 0x53, 0x43, 0x54, 0x4d, 0x4a, 0x4c, 0x00, 0x00, 0x5a, 0x42, 0x4a,
    0x5a, 0x58, 0x4c, 0x00, 0x00, 0x53, 0x59, 0x53, 0x00, 0x00, 0x45, 0x00, 0x00, 0x00, 0x59, 0x51, 0x4c, 0x5a, 0x54, 0x47, 0x59, 0x4c, 0x42, 0x4e,
    0x50, 0x4c, 0x54, 0x4c, 0x57, 0x44, 0x4c, 0x54, 0x57, 0x5a, 0x47, 0x58, 0x41, 0x46, 0x50, 0x42, 0x54, 0x53, 0x59, 0x42, 0x51, 0x54, 0x47, 0x54,
    0x48, 0x43, 0x4a, 0x48, 0x58, 0x44, 0x43, 0x44, 0x50, 0x52, 0x4c, 0x53, 0x4f, 0x44, 0x59, 0x43, 0x52, 0x4b, 0x54, 0x43, 0x50, 0x43, 0x4c, 0x54,
    0x5a, 0x4c, 0x53, 0x50, 0x53, 0x00, 0x44, 0x48, 0x59, 0x58, 0x58, 0x4c, 0x4c, 0x00, 0x54, 0x47, 0x00, 0x54, 0x00, 0x00, 0x00, 0x59, 0x4e, 0x00,
    0x47, 0x4a, 0x43, 0x47, 0x57, 0x4c, 0x4c, 0x4c, 0x58, 0x42, 0x41, 0x59, 0x4a, 0x52, 0x58, 0x5a, 0x43, 0x43, 0x5a, 0x59, 0x46, 0x52, 0x00, 0x58,
    0x53, 0x4a, 0x4a, 0x58, 0x5a, 0x00, 0x00, 0x53, 0x43, 0x46, 0x4a, 0x5a, 0x00, 0x47, 0x57, 0x00, 0x51, 0x53, 0x48, 0x54, 0x44, 0x5a, 0x52, 0x4d,
    0x46, 0x4c, 0x4a, 0x58, 0x58, 0x4e, 0x59, 0x4a, 0x4c, 0x44, 0x52, 0x59, 0x4c, 0x53, 0x4c, 0x4c, 0x47, 0x58, 0x58, 0x51, 0x51, 0x43, 0x59, 0x42,
    0x4b, 0x51, 0x41, 0x51, 0x51, 0x43, 0x50, 0x4b, 0x59, 0x47, 0x53, 0x50, 0x00, 0x5a, 0x48, 0x48, 0x48, 0x42, 0x00, 0x00, 0x5a, 0x4a, 0x47, 0x58,
    0x47, 0x43, 0x4d, 0x5a, 0x54, 0x5a, 0x58, 0x4c, 0x00, 0x00, 0x00, 0x5a, 0x41, 0x58, 0x47, 0x58, 0x00, 0x54, 0x43, 0x53, 0x58, 0x4a, 0x46, 0x51,
    0x00, 0x59, 0x44, 0x4a, 0x4c, 0x59, 0x4c, 0x54, 0x59, 0x50, 0x4c, 0x4c, 0x42, 0x00, 0x4d, 0x42, 0x48, 0x00, 0x59, 0x48, 0x43, 0x48, 0x4e, 0x43,
    0x4c, 0x54, 0x48, 0x42, 0x42, 0x43, 0x59, 0x44, 0x41, 0x58, 0x00, 0x5a, 0x44, 0x52, 0x42, 0x43, 0x57, 0x54, 0x42, 0x47, 0x59, 0x58, 0x5a, 0x59,
    0x46, 0x59, 0x41, 0x54, 0x4d, 0x53, 0x4a, 0x47, 0x4a, 0x51, 0x4a, 0x59, 0x58, 0x4b, 0x4d, 0x58, 0x53, 0x57, 0x51, 0x48, 0x52, 0x5a, 0x54, 0x4a,
    0x58, 0x51, 0x41, 0x4d, 0x47, 0x00, 0x54, 0x46, 0x4a, 0x43, 0x53, 0x42, 0x4d, 0x53, 0x47, 0x48, 0x48, 0x4c, 0x48, 0x4a, 0x51, 0x47, 0x48, 0x42,
    0x47, 0x46, 0x4d, 0x41, 0x59, 0x53, 0x4c, 0x4a, 0x43, 0x4a, 0x43, 0x50, 0x43, 0x59, 0x44, 0x44, 0x00, 0x4c, 0x58, 0x42, 0x58, 0x4d, 0x59, 0x4d,
    0x51, 0x51, 0x57, 0x58, 0x59, 0x51, 0x43, 0x59, 0x59, 0x59, 0x4a, 0x5a, 0x58, 0x4d, 0x4c, 0x4b, 0x59, 0x59, 0x53, 0x47, 0x48, 0x59, 0x53, 0x43,
    0x4c, 0x00, 0x58, 0x43, 0x43, 0x4e, 0x51, 0x4d, 0x48, 0x59, 0x5a, 0x48, 0x43, 0x42, 0x51, 0x58, 0x4a, 0x4b, 0x4d, 0x4d, 0x5a, 0x42, 0x4a, 0x4a,
    0x4e, 0x42, 0x53, 0x53, 0x4d, 0x4c, 0x4d, 0x4d, 0x58, 0x43, 0x51, 0x4a, 0x48, 0x58, 0x58, 0x4e, 0x54, 0x48, 0x59, 0x00, 0x43, 0x42, 0x5a, 0x44,
    0x5a, 0x4a, 0x51, 0x00, 0x58, 0x48, 0x53, 0x4b, 0x00, 0x44, 0x59, 0x59, 0x42, 0x4a, 0x5a, 0x4a, 0x53, 0x44, 0x44, 0x43, 0x46, 0x4d, 0x5a, 0x5a,
    0x00, 0x59, 0x51, 0x48, 0x47, 0x51, 0x4c, 0x47, 0x4c, 0x52, 0x46, 0x43, 0x59, 0x47, 0x4a, 0x47, 0x47, 0x53, 0x57, 0x5a, 0x4e, 0x44, 0x4c, 0x54,
    0x43, 0x59, 0x47, 0x00, 0x00, 0x44, 0x00, 0x4d, 0x4a, 0x4d, 0x4a, 0x59, 0x5a, 0x5a, 0x5a, 0x58, 0x00, 0x42, 0x48, 0x47, 0x48, 0x4c, 0x57, 0x42,
    0x4b, 0x4c, 0x43, 0x4c, 0x59, 0x51, 0x53, 0x00, 0x58, 0x4a, 0x51, 0x48, 0x53, 0x43, 0x44, 0x4c, 0x00, 0x4e, 0x54, 0x44, 0x57, 0x47, 0x44, 0x4c,
    0x43, 0x58, 0x50, 0x4c, 0x5a, 0x4e, 0x48, 0x59, 0x58, 0x4c, 0x4d, 0x42, 0x00, 0x47, 0x42, 0x46, 0x48, 0x59, 0x4c, 0x59, 0x59, 0x4a, 0x48, 0x43,
    0x44, 0x45, 0x00, 0x59, 0x5a, 0x5a, 0x51, 0x59, 0x51, 0x48, 0x4e, 0x48, 0x4a, 0x53, 0x00, 0x00, 0x50, 0x4d, 0x43, 0x4c, 0x4c, 0x43, 0x00, 0x43,
    0x53, 0x44, 0x51, 0x00, 0x4c, 0x4c, 0x4c, 0x52, 0x59, 0x59, 0x44, 0x51, 0x59, 0x4e, 0x46, 0x4a, 0x59, 0x46, 0x52, 0x58, 0x00, 0x00, 0x42, 0x53,
    0x50, 0x4e, 0x5a, 0x54, 0x54, 0x54, 0x52, 0x59, 0x4c, 0x41, 0x48, 0x51, 0x4c, 0x47, 0x5a, 0x53, 0x59, 0x59, 0x43, 0x57, 0x4a, 0x54, 0x59, 0x48,
    0x4a, 0x52, 0x4d, 0x4a, 0x5a, 0x4a, 0x41, 0x53, 0x4c, 0x48, 0x51, 0x43, 0x44, 0x4b, 0x4e, 0x43, 0x54, 0x58, 0x4a, 0x48, 0x51, 0x4a, 0x4d, 0x59,
    0x00, 0x5a, 0x54, 0x00, 0x41, 0x50, 0x43, 0x54, 0x45, 0x48, 0x51, 0x43, 0x53, 0x5a, 0x4e, 0x54, 0x53, 0x4c, 0x42, 0x4c, 0x4d, 0x58, 0x43, 0x48,
    0x4d, 0x47, 0x4c, 0x44, 0x5a, 0x5a, 0x00, 0x00, 0x5a, 0x42, 0x43, 0x51, 0x00, 0x4c, 0x58, 0x46, 0x47, 0x43, 0x4a, 0x45, 0x43, 0x59, 0x48, 0x59,
    0x59, 0x59, 0x54, 0x5a, 0x59, 0x58, 0x59, 0x4b, 0x48, 0x4c, 0x59, 0x43, 0x00, 0x00, 0x53, 0x00, 0x4e, 0x4d, 0x48, 0x43, 0x59, 0x58, 0x4a, 0x5a,
    0x59, 0x54, 0x4b, 0x51, 0x00, 0x43, 0x4a, 0x58, 0x5a, 0x43, 0x50, 0x51, 0x00, 0x51, 0x4c, 0x59, 0x52, 0x53, 0x51, 0x53, 0x00, 0x46, 0x00, 0x4d,
    0x48, 0x00, 0x00, 0x48, 0x51, 0x43, 0x51, 0x44, 0x4c, 0x42, 0x4a, 0x58, 0x4c, 0x00, 0x59, 0x5a, 0x48, 0x59, 0x50, 0x5a, 0x51, 0x00, 0x47, 0x4a,
    0x5a, 0x5a, 0x4b, 0x4e, 0x52, 0x5a, 0x41, 0x5a, 0x47, 0x59, 0x43, 0x4a, 0x5a, 0x4c, 0x52, 0x52, 0x5a, 0x4e, 0x43, 0x00, 0x00, 0x59, 0x4a, 0x42,
    0x43, 0x4a, 0x44, 0x57, 0x59, 0x5a, 0x59, 0x00, 0x53, 0x4c, 0x50, 0x5a, 0x48, 0x59, 0x44, 0x5a, 0x46, 0x53, 0x4c, 0x54, 0x51, 0x4d, 0x59, 0x42,
    0x47, 0x47, 0x4e, 0x47, 0x00, 0x53, 0x4b, 0x53, 0x43, 0x5a, 0x54, 0x4b, 0x51, 0x58, 0x44, 0x43, 0x48, 0x43, 0x53, 0x5a, 0x51, 0x4a, 0x5a, 0x57,
    0x00, 0x00, 0x58, 0x4e, 0x50, 0x53, 0x4a, 0x5a, 0x53, 0x54, 0x42, 0x54, 0x51, 0x57, 0x52, 0x4c, 0x48, 0x53, 0x5a, 0x50, 0x4d, 0x4a, 0x53, 0x4d,
    0x53, 0x4c, 0x4c, 0x4a, 0x4c, 0x5a, 0x44, 0x00, 0x53, 0x47, 0x46, 0x4d, 0x53, 0x4a, 0x54, 0x58, 0x4b, 0x57, 0x46, 0x4c, 0x43, 0x43, 0x4c, 0x59,
    0x43, 0x59, 0x4d, 0x59, 0x5a, 0x59, 0x44, 0x48, 0x57, 0x54, 0x53, 0x58, 0x53, 0x53, 0x51, 0x4c, 0x59, 0x00, 0x4c, 0x4c, 0x46, 0x4c, 0x4c, 0x58,
    0x58, 0x4f, 0x4d, 0x58, 0x52, 0x5a, 0x53, 0x59, 0x42, 0x4c, 0x48, 0x51, 0x4c, 0x42, 0x42, 0x48, 0x48, 0x00, 0x43, 0x50, 0x51, 0x4d, 0x4a, 0x42,
    0x4d, 0x53, 0x57, 0x00, 0x00, 0x4c, 0x51, 0x00, 0x48, 0x58, 0x00, 0x53, 0x59, 0x00, 0x4e, 0x48, 0x4a, 0x59, 0x00, 0x53, 0x54, 0x58, 0x5a, 0x4d,
    0x58, 0x4d, 0x00, 0x48, 0x54, 0x58, 0x59, 0x42, 0x4c, 0x46, 0x4c, 0x43, 0x43, 0x44, 0x44, 0x4b, 0x43, 0x58, 0x43, 0x4d, 0x51, 0x51, 0x5a, 0x00,
    0x00, 0x00, 0x48, 0x47, 0x43, 0x47, 0x4d, 0x42, 0x48, 0x47, 0x59, 0x4d, 0x57, 0x00, 0x00, 0x00, 0x52, 0x58, 0x5a, 0x4d, 0x4a, 0x00, 0x5a, 0x5a,
    0x59, 0x4c, 0x00, 0x5a, 0x42, 0x52, 0x59, 0x00, 0x43, 0x45, 0x59, 0x4d, 0x51, 0x00, 0x57, 0x4a, 0x42, 0x00, 0x42, 0x46, 0x59, 0x4c, 0x46, 0x51,
    0x46, 0x45, 0x45, 0x5a, 0x54, 0x59, 0x4a, 0x51, 0x4a, 0x4c, 0x43, 0x42, 0x4e, 0x59, 0x58, 0x4d, 0x58, 0x46, 0x00, 0x4e, 0x54, 0x42, 0x5a, 0x57,
    0x4b, 0x59, 0x4f, 0x58, 0x47, 0x54, 0x47, 0x48, 0x54, 0x00, 0x59, 0x44, 0x51, 0x4a, 0x4c, 0x4d, 0x4d, 0x4a, 0x4c, 0x46, 0x4f, 0x4d, 0x4a, 0x46,
    0x42, 0x48, 0x53, 0x59, 0x4e, 0x4a, 0x4c, 0x42, 0x4a, 0x54, 0x4c, 0x5a, 0x53, 0x59, 0x44, 0x43, 0x43, 0x4d, 0x59, 0x4c, 0x43, 0x4a, 0x53, 0x51,
    0x4e, 0x4c, 0x00, 0x53, 0x4c, 0x5a, 0x00, 0x43, 0x4a, 0x4a, 0x45, 0x59, 0x52, 0x43, 0x52, 0x46, 0x4c, 0x53, 0x59, 0x59, 0x44, 0x4c, 0x5a, 0x54,
    0x50, 0x5a, 0x4a, 0x43, 0x42, 0x4b, 0x43, 0x00, 0x48, 0x48, 0x4d, 0x48, 0x47, 0x44, 0x46, 0x58, 0x4d, 0x4d, 0x4c, 0x47, 0x5a, 0x54, 0x59, 0x5a,
    0x4c, 0x4c, 0x57, 0x4c, 0x4a, 0x4c, 0x4c, 0x00, 0x50, 0x59, 0x57, 0x54, 0x50, 0x00, 0x5a, 0x47, 0x00, 0x58, 0x4e, 0x51, 0x57, 0x5a, 0x44, 0x57,
    0x42, 0x00, 0x48, 0x58, 0x5a, 0x4c, 0x59, 0x48, 0x58, 0x48, 0x42, 0x52, 0x58, 0x50, 0x4c, 0x5a, 0x59, 0x58, 0x4c, 0x4b, 0x43, 0x00, 0x4e, 0x48,
    0x43, 0x4c, 0x5a, 0x54, 0x46, 0x48, 0x5a, 0x51, 0x53, 0x50, 0x47, 0x00, 0x48, 0x43, 0x00, 0x45, 0x45, 0x52, 0x51, 0x53, 0x4a, 0x00, 0x59, 0x42,
    0x59, 0x5a, 0x4e, 0x43, 0x42, 0x43, 0x54, 0x48, 0x5a, 0x42, 0x5a, 0x57, 0x47, 0x42, 0x45, 0x5a, 0x57, 0x57, 0x5a, 0x5a, 0x4c, 0x57, 0x47, 0x51,
    0x4c, 0x5a, 0x53, 0x4d, 0x44, 0x51, 0x43, 0x50, 0x4c, 0x53, 0x4c, 0x53, 0x51, 0x59, 0x46, 0x58, 0x4a, 0x44, 0x50, 0x47, 0x4e, 0x52, 0x5a, 0x47,
    0x50, 0x54, 0x43, 0x43, 0x48, 0x5a, 0x4d, 0x42, 0x51, 0x53, 0x42, 0x4a, 0x53, 0x00, 0x47, 0x4e, 0x48, 0x58, 0x45, 0x58, 0x4d, 0x00, 0x58, 0x5a,
    0x52, 0x4a, 0x54, 0x5a, 0x53, 0x4d, 0x42, 0x48, 0x59, 0x58, 0x50, 0x4e, 0x43, 0x42, 0x00, 0x51, 0x4a, 0x5a, 0x4c, 0x4a, 0x58, 0x58, 0x43, 0x57,
    0x5a, 0x5a, 0x4b, 0x43, 0x54, 0x43, 0x44, 0x43, 0x51, 0x5a, 0x5a, 0x52, 0x42, 0x4a, 0x58, 0x5a, 0x4a, 0x47, 0x4a, 0x44, 0x43, 0x53, 0x52, 0x58,
    0x48, 0x51, 0x5a, 0x53, 0x43, 0x57, 0x4b, 0x4b, 0x47, 0x47, 0x46, 0x43, 0x43, 0x5a, 0x43, 0x4c, 0x58, 0x5a, 0x5a, 0x59, 0x47, 0x47, 0x5a, 0x44,
    0x48, 0x53, 0x54, 0x47, 0x58, 0x4d, 0x44, 0x41, 0x50, 0x57, 0x41, 0x4d, 0x50, 0x4d, 0x59, 0x5a, 0x42, 0x59, 0x57, 0x52, 0x4c, 0x59, 0x43, 0x51,
    0x5a, 0x50, 0x00, 0x54, 0x46, 0x53, 0x00, 0x44, 0x43, 0x54, 0x54, 0x43, 0x54, 0x4a, 0x53, 0x48, 0x4c, 0x00, 0x00, 0x43, 0x4a, 0x45, 0x47, 0x46,
    0x44, 0x00, 0x45, 0x42, 0x54, 0x44, 0x00, 0x44, 0x42, 0x57, 0x5a, 0x4c, 0x51, 0x4d, 0x51, 0x00, 0x5a, 0x53, 0x00, 0x59, 0x5a, 0x54, 0x00, 0x53,
    0x42, 0x58, 0x4a, 0x43, 0x46, 0x54, 0x43, 0x46, 0x46, 0x57, 0x58, 0x59, 0x4d, 0x50, 0x4d, 0x53, 0x4d, 0x43, 0x54, 0x4b, 0x42, 0x58, 0x58, 0x51,
    0x00, 0x00, 0x53, 0x48, 0x4e, 0x58, 0x43, 0x44, 0x46, 0x59, 0x41, 0x52, 0x52, 0x4d, 0x46, 0x51, 0x53, 0x48, 0x42, 0x44, 0x4d, 0x44, 0x00, 0x00,
    0x4b, 0x00, 0x43, 0x44, 0x59, 0x48, 0x00, 0x47, 0x58, 0x4c, 0x4a, 0x51, 0x51, 0x57, 0x59, 0x4c, 0x00, 0x00, 0x59, 0x59, 0x59, 0x51, 0x5a, 0x58,
    0x59, 0x59, 0x57, 0x5a, 0x5a, 0x48, 0x43, 0x46, 0x43, 0x50, 0x4b, 0x43, 0x00, 0x54, 0x51, 0x43, 0x47, 0x4b, 0x51, 0x51, 0x5a, 0x4d, 0x4c, 0x5a,
    0x54, 0x5a, 0x47, 0x4c, 0x48, 0x4c, 0x44, 0x43, 0x59, 0x00, 0x00, 0x51, 0x5a, 0x43, 0x4d, 0x44, 0x59, 0x43, 0x52, 0x48, 0x52, 0x46, 0x4c, 0x58,
    0x4a, 0x59, 0x4d, 0x00, 0x4d, 0x4a, 0x53, 0x48, 0x00, 0x4c, 0x5a, 0x5a, 0x59, 0x47, 0x4c, 0x51, 0x47, 0x4c, 0x42, 0x53, 0x00, 0x00, 0x53, 0x43,
    0x4a, 0x58, 0x42, 0x58, 0x4a, 0x50, 0x4c, 0x58, 0x5a, 0x44, 0x43, 0x51, 0x4e, 0x5a, 0x4c, 0x59, 0x53, 0x59, 0x48, 0x4c, 0x50, 0x00, 0x00, 0x4c,
    0x00, 0x00, 0x53, 0x00, 0x59, 0x4e, 0x53, 0x4b, 0x46, 0x59, 0x44, 0x52, 0x43, 0x00, 0x54, 0x51, 0x42, 0x53, 0x57, 0x44, 0x53, 0x41, 0x51, 0x5a,
    0x4b, 0x46, 0x00, 0x59, 0x00, 0x53, 0x44, 0x48, 0x58, 0x5a, 0x54, 0x54, 0x5a, 0x59, 0x46, 0x45, 0x00, 0x4a, 0x4a, 0x43, 0x58, 0x4d, 0x00, 0x42,
    0x4c, 0x4a, 0x4b, 0x4a, 0x00, 0x43, 0x4c, 0x58, 0x46, 0x4c, 0x5a, 0x48, 0x4a, 0x4e, 0x59, 0x58, 0x54, 0x4c, 0x5a, 0x4b, 0x00, 0x51, 0x4a, 0x50,
    0x46, 0x54, 0x4c, 0x4d, 0x5a, 0x58, 0x48, 0x4d, 0x4a, 0x5a, 0x43, 0x4c, 0x52, 0x5a, 0x59, 0x48, 0x00, 0x59, 0x4c, 0x59, 0x52, 0x4c, 0x4e, 0x59,
    0x4e, 0x00, 0x59, 0x4e, 0x59, 0x51, 0x58, 0x43, 0x59, 0x4d, 0x58, 0x4e, 0x4b, 0x5a, 0x58, 0x59, 0x54, 0x54, 0x57, 0x53, 0x59, 0x43, 0x5a, 0x4d,
    0x59, 0x4e, 0x4d, 0x5a, 0x57, 0x4c, 0x51, 0x4e, 0x53, 0x42, 0x5a, 0x42, 0x00, 0x4a, 0x58, 0x4b, 0x50, 0x4b, 0x58, 0x5a, 0x59, 0x4b, 0x48, 0x58,
    0x45, 0x59, 0x54, 0x59, 0x4a, 0x4c, 0x00, 0x4c, 0x43, 0x4a, 0x48, 0x5a, 0x46, 0x43, 0x47, 0x4a, 0x4d, 0x43, 0x54, 0x4d, 0x58, 0x4c, 0x59, 0x53,
    0x53, 0x59, 0x42, 0x43, 0x48, 0x57, 0x44, 0x4a, 0x47, 0x48, 0x42, 0x58, 0x4c, 0x43, 0x43, 0x59, 0x58, 0x59, 0x5a, 0x48, 0x59, 0x5a, 0x00, 0x4b,
    0x59, 0x51, 0x5a, 0x4d, 0x00, 0x00, 0x53, 0x4a, 0x47, 0x50, 0x4c, 0x00, 0x54, 0x4a, 0x4c, 0x59, 0x59, 0x43, 0x59, 0x4a, 0x58, 0x57, 0x58, 0x4e,
    0x46, 0x47, 0x00, 0x4d, 0x5a, 0x4e, 0x58, 0x57, 0x4c, 0x43, 0x4d, 0x4a, 0x4e, 0x43, 0x57, 0x58, 0x4e, 0x4d, 0x5a, 0x4b, 0x4b, 0x48, 0x00, 0x00,
    0x59, 0x57, 0x5a, 0x00, 0x00, 0x59, 0x00, 0x44, 0x46, 0x42, 0x5a, 0x5a, 0x53, 0x58, 0x4e, 0x00, 0x4a, 0x58, 0x43, 0x4e, 0x52, 0x5a, 0x53, 0x00,
    0x53, 0x59, 0x00, 0x4a, 0x00, 0x4c, 0x48, 0x42, 0x59, 0x5a, 0x5a, 0x59, 0x57, 0x4e, 0x47, 0x4a, 0x42, 0x43, 0x00, 0x44, 0x51, 0x59, 0x4b, 0x52,
    0x48, 0x58, 0x58, 0x00, 0x4b, 0x00, 0x58, 0x42, 0x4b, 0x43, 0x58, 0x42, 0x4f, 0x5a, 0x00, 0x54, 0x43, 0x43, 0x4e, 0x47, 0x46, 0x58, 0x44, 0x57,
    0x4a, 0x4b, 0x5a, 0x53, 0x44, 0x4c, 0x4d, 0x00, 0x47, 0x4d, 0x4c, 0x00, 0x59, 0x00, 0x47, 0x43, 0x4c, 0x44, 0x00, 0x42, 0x51, 0x58, 0x00, 0x44,
    0x44, 0x58, 0x4c, 0x00, 0x53, 0x58, 0x53, 0x57, 0x00, 0x00, 0x48, 0x59, 0x4c, 0x4c, 0x59, 0x53, 0x4a, 0x51, 0x4a, 0x59, 0x00, 0x51, 0x00, 0x4c,
    0x4a, 0x4d, 0x43, 0x4e, 0x42, 0x4c, 0x4c, 0x47, 0x43, 0x58, 0x58, 0x48, 0x42, 0x5a, 0x44, 0x44, 0x48, 0x53, 0x43, 0x54, 0x00, 0x4e, 0x5a, 0x4c,
    0x46, 0x4a, 0x47, 0x58, 0x4c, 0x58, 0x52, 0x54, 0x50, 0x58, 0x53, 0x5a, 0x57, 0x54, 0x54, 0x59, 0x58, 0x50, 0x59, 0x59, 0x4e, 0x48, 0x4e, 0x59,
    0x46, 0x4e, 0x59, 0x57, 0x59, 0x58, 0x5a, 0x59, 0x53, 0x4d, 0x58, 0x4a, 0x54, 0x46, 0x58, 0x4e, 0x43, 0x4d, 0x42, 0x4a, 0x4e, 0x59, 0x45, 0x5a,
    0x52, 0x58, 0x4c, 0x48, 0x58, 0x4e, 0x48, 0x4a, 0x44, 0x48, 0x54, 0x50, 0x43, 0x58, 0x53, 0x4d, 0x58, 0x57, 0x51, 0x5a, 0x54, 0x58, 0x4a, 0x4a,
    0x48, 0x54, 0x4d, 0x59, 0x4a, 0x53, 0x4c, 0x57, 0x43, 0x43, 0x4a, 0x59, 0x48, 0x5a, 0x53, 0x47, 0x4e, 0x58, 0x00, 0x44, 0x43, 0x57, 0x5a, 0x47,
    0x43, 0x43, 0x5a, 0x48, 0x4c, 0x4c, 0x4c, 0x54, 0x48, 0x57, 0x41, 0x53, 0x53, 0x4d, 0x54, 0x58, 0x4a, 0x41, 0x54, 0x43, 0x57, 0x54, 0x4a, 0x43,
    0x43, 0x59, 0x58, 0x58, 0x00, 0x00, 0x00, 0x4e, 0x00, 0x59, 0x51, 0x4a, 0x53, 0x4a, 0x4c, 0x4a, 0x00, 0x4d, 0x4c, 0x00, 0x43, 0x43, 0x58, 0x51,
    0x4d, 0x53, 0x43, 0x43, 0x47, 0x59, 0x59, 0x00, 0x4c, 0x4c, 0x53, 0x5a, 0x53, 0x48, 0x00, 0x00, 0x45, 0x00, 0x53, 0x5a, 0x4a, 0x4a, 0x54, 0x4c,
    0x57, 0x43, 0x5a, 0x4c, 0x00, 0x5a, 0x5a, 0x00, 0x59, 0x43, 0x4e, 0x42, 0x53, 0x59, 0x48, 0x59, 0x48, 0x4d, 0x4d, 0x51, 0x4c, 0x48, 0x5a, 0x4d,
    0x58, 0x5a, 0x53, 0x5a, 0x5a, 0x47, 0x58, 0x59, 0x5a, 0x58, 0x4a, 0x43, 0x00, 0x42, 0x4c, 0x5a, 0x4a, 0x57, 0x47, 0x4a, 0x4a, 0x41, 0x46, 0x47,
    0x48, 0x59, 0x52, 0x5a, 0x42, 0x59, 0x53, 0x44, 0x47, 0x53, 0x58, 0x43, 0x53, 0x51, 0x00, 0x00, 0x43, 0x48, 0x44, 0x43, 0x57, 0x52, 0x53, 0x43,
    0x4a, 0x5a, 0x51, 0x59, 0x46, 0x59, 0x46, 0x50, 0x5a, 0x54, 0x5a, 0x43, 0x51, 0x59, 0x48, 0x48, 0x47, 0x45, 0x4a, 0x59, 0x54, 0x43, 0x54, 0x46,
    0x5a, 0x48, 0x00, 0x42, 0x5a, 0x4a, 0x54, 0x4a, 0x46, 0x48, 0x43, 0x59, 0x43, 0x53, 0x43, 0x51, 0x43, 0x58, 0x4d, 0x43, 0x51, 0x4a, 0x42, 0x4a,
    0x5a, 0x5a, 0x51, 0x5a, 0x4a, 0x42, 0x00, 0x4c, 0x4c, 0x59, 0x51, 0x43, 0x46, 0x43, 0x54, 0x53, 0x48, 0x51, 0x51, 0x42, 0x4e, 0x54, 0x43, 0x43,
    0x59, 0x5a, 0x43, 0x43, 0x42, 0x4d, 0x42, 0x54, 0x4d, 0x4c, 0x46, 0x43, 0x51, 0x54, 0x46, 0x4b, 0x4a, 0x00, 0x00, 0x00, 0x5a, 0x51, 0x5a, 0x43,
    0x4b, 0x4c, 0x42, 0x44, 0x57, 0x00, 0x5a, 0x4c, 0x54, 0x00, 0x43, 0x4c, 0x54, 0x4b, 0x43, 0x4a, 0x54, 0x48, 0x46, 0x42, 0x00, 0x58, 0x57, 0x4a,
    0x51, 0x4b, 0x48, 0x51, 0x53, 0x43, 0x00, 0x51, 0x50, 0x50, 0x57, 0x59, 0x52, 0x58, 0x43, 0x44, 0x43, 0x43, 0x4d, 0x58, 0x44, 0x42, 0x5a, 0x43,
    0x43, 0x47, 0x44, 0x5a, 0x44, 0x4c, 0x54, 0x59, 0x51, 0x5a, 0x4c, 0x43, 0x5a, 0x46, 0x53, 0x54, 0x4b, 0x41, 0x00, 0x51, 0x53, 0x48, 0x53, 0x57,
    0x5a, 0x4c, 0x4a, 0x4c, 0x00, 0x43, 0x52, 0x59, 0x4a, 0x4b, 0x46, 0x51, 0x48, 0x46, 0x4c, 0x48, 0x54, 0x4d, 0x54, 0x4a, 0x51, 0x5a, 0x51, 0x47,
    0x54, 0x4c, 0x4d, 0x59, 0x4c, 0x59, 0x4a, 0x50, 0x00, 0x58, 0x42, 0x48, 0x5a, 0x52, 0x53, 0x57, 0x43, 0x4b, 0x53, 0x50, 0x4d, 0x58, 0x00, 0x43,
    0x4b, 0x5a, 0x43, 0x53, 0x43, 0x53, 0x42, 0x4b, 0x00, 0x5a, 0x57, 0x4d, 0x4c, 0x5a, 0x4e, 0x4c, 0x51, 0x59, 0x00, 0x59, 0x58, 0x43, 0x00, 0x52,
    0x43, 0x4e, 0x59, 0x4a, 0x42, 0x46, 0x00, 0x00, 0x43, 0x44, 0x4a, 0x59, 0x48, 0x58, 0x59, 0x51, 0x00, 0x42, 0x47, 0x4a, 0x00, 0x59, 0x53, 0x59,
    0x53, 0x59, 0x43, 0x59, 0x53, 0x59, 0x53, 0x4c, 0x43, 0x59, 0x42, 0x53, 0x00, 0x59, 0x4c, 0x4c, 0x54, 0x44, 0x59, 0x4a, 0x00, 0x59, 0x00, 0x00,
    0x4a, 0x4a, 0x43, 0x43, 0x47, 0x58, 0x58, 0x41, 0x47, 0x59, 0x4c, 0x00, 0x54, 0x43, 0x58, 0x51, 0x48, 0x00, 0x44, 0x43, 0x44, 0x59, 0x5a, 0x00,
    0x59, 0x43, 0x00, 0x4c, 0x53, 0x4d, 0x4d, 0x00, 0x54, 0x50, 0x4c, 0x51, 0x43, 0x54, 0x45, 0x43, 0x4a, 0x59, 0x4a, 0x44, 0x4a, 0x42, 0x4c, 0x59,
    0x43, 0x43, 0x50, 0x4c, 0x5a, 0x54, 0x50, 0x43, 0x4a, 0x58, 0x46, 0x00, 0x58, 0x45, 0x48, 0x5a, 0x52, 0x46, 0x4a, 0x48, 0x4c, 0x5a, 0x4d, 0x59,
    0x00, 0x43, 0x4d, 0x59, 0x4d, 0x54, 0x4b, 0x00, 0x00, 0x4d, 0x52, 0x59, 0x51, 0x4d, 0x4a, 0x50, 0x4a, 0x57, 0x4a, 0x4d, 0x4a, 0x58, 0x42, 0x47,
    0x43, 0x4c, 0x4c, 0x51, 0x44, 0x59, 0x59, 0x43, 0x5a, 0x52, 0x00, 0x4c, 0x4b, 0x47, 0x59, 0x48, 0x50, 0x43, 0x44, 0x43, 0x53, 0x53, 0x53, 0x58,
    0x59, 0x53, 0x43, 0x59, 0x48, 0x46, 0x59, 0x59, 0x5a, 0x53, 0x4a, 0x44, 0x58, 0x47, 0x54, 0x51, 0x43, 0x48, 0x4d, 0x59, 0x43, 0x51, 0x4a, 0x53,
    0x4d, 0x59, 0x00, 0x50, 0x5a, 0x5a, 0x43, 0x59, 0x4d, 0x4d, 0x4a, 0x51, 0x53, 0x50, 0x54, 0x4b, 0x43, 0x53, 0x00, 0x4a, 0x4a, 0x41, 0x4a, 0x59,
    0x00, 0x59, 0x4c, 0x5a, 0x42, 0x4c, 0x00, 0x48, 0x4c, 0x57, 0x58, 0x54, 0x42, 0x5a, 0x5a, 0x42, 0x4d, 0x58, 0x4f, 0x59, 0x00, 0x58, 0x4c, 0x5a,
    0x4d, 0x00, 0x59, 0x00, 0x00, 0x50, 0x58, 0x00, 0x00, 0x00, 0x53, 0x5a, 0x00, 0x53, 0x4a, 0x4a, 0x4a, 0x00, 0x4e, 0x41, 0x43, 0x57, 0x47, 0x58,
    0x54, 0x58, 0x44, 0x5a, 0x54, 0x50, 0x58, 0x58, 0x58, 0x53, 0x4b, 0x5a, 0x57, 0x48, 0x52, 0x43, 0x44, 0x48, 0x4b, 0x46, 0x43, 0x58, 0x51, 0x51,
    0x4c, 0x00, 0x59, 0x59, 0x51, 0x48, 0x43, 0x5a, 0x00, 0x57, 0x59, 0x58, 0x59, 0x4e, 0x5a, 0x43, 0x00, 0x53, 0x44, 0x5a, 0x4a, 0x58, 0x59, 0x00,
    0x00, 0x58, 0x44, 0x54, 0x47, 0x59, 0x48, 0x59, 0x00, 0x4c, 0x4b, 0x58, 0x53, 0x58, 0x58, 0x00, 0x00, 0x44, 0x4c, 0x5a, 0x4e, 0x43, 0x4a, 0x42,
    0x5a, 0x4c, 0x48, 0x42, 0x54, 0x43, 0x4d, 0x58, 0x53, 0x59, 0x51, 0x00, 0x50, 0x48, 0x57, 0x59, 0x59, 0x00, 0x43, 0x48, 0x42, 0x00, 0x58, 0x43,
    0x48, 0x00, 0x48, 0x43, 0x5a, 0x51, 0x4b, 0x52, 0x00, 0x59, 0x58, 0x00, 0x48, 0x43, 0x00, 0x51, 0x44, 0x57, 0x51, 0x00, 0x59, 0x4c, 0x42, 0x00,
    0x42, 0x00, 0x59, 0x4e, 0x42, 0x59, 0x48, 0x43, 0x51, 0x54, 0x59, 0x4c, 0x42, 0x00, 0x4a, 0x46, 0x58, 0x43, 0x48, 0x53, 0x42, 0x51, 0x59, 0x57,
    0x41, 0x48, 0x44, 0x47, 0x44, 0x48, 0x50, 0x00, 0x5a, 0x4c, 0x4d, 0x4d, 0x4c, 0x58, 0x58, 0x5a, 0x50, 0x46, 0x4e, 0x58, 0x44, 0x44, 0x59, 0x58,
    0x59, 0x53, 0x44, 0x42, 0x48, 0x46, 0x46, 0x5a, 0x42, 0x46, 0x58, 0x53, 0x4d, 0x5a, 0x5a, 0x5a, 0x48, 0x46, 0x57, 0x4d, 0x51, 0x4c, 0x00, 0x4d,
    0x48, 0x48, 0x59, 0x51, 0x44, 0x41, 0x00, 0x42, 0x44, 0x58, 0x44, 0x42, 0x5a, 0x50, 0x54, 0x59, 0x00, 0x4a, 0x5a, 0x54, 0x58, 0x44, 0x54, 0x58,
    0x43, 0x59, 0x47, 0x4c, 0x42, 0x00, 0x4c, 0x4a, 0x58, 0x53, 0x44, 0x53, 0x48, 0x59, 0x43, 0x42, 0x52, 0x45, 0x57, 0x42, 0x46, 0x59, 0x5a, 0x46,
    0x47, 0x42, 0x47, 0x44, 0x48, 0x44, 0x54, 0x42, 0x51, 0x4c, 0x4c, 0x57, 0x5a, 0x4c, 0x53, 0x4e, 0x42, 0x54, 0x5a, 0x44, 0x42, 0x4a, 0x50, 0x58,
    0x57, 0x50, 0x44, 0x46, 0x43, 0x48, 0x5a, 0x00, 0x00, 0x00, 0x00, 0x00, 0x46, 0x58, 0x48, 0x43, 0x42, 0x59, 0x00, 0x4a, 0x42, 0x52, 0x43, 0x59,
    0x59, 0x47, 0x4b, 0x59, 0x5a, 0x59, 0x4a, 0x48, 0x4d, 0x42, 0x47, 0x42, 0x5a, 0x48, 0x5a, 0x53, 0x47, 0x42, 0x44, 0x43, 0x43, 0x53, 0x43, 0x52,
    0x43, 0x4d, 0x50, 0x57, 0x50, 0x46, 0x5a, 0x51, 0x4c, 0x59, 0x4d, 0x57, 0x51, 0x44, 0x43, 0x58, 0x48, 0x53, 0x47, 0x48, 0x41, 0x46, 0x51, 0x48,
    0x50, 0x59, 0x53, 0x58, 0x4d, 0x4b, 0x47, 0x00, 0x41, 0x53, 0x53, 0x4c, 0x5a, 0x48, 0x43, 0x00, 0x4c, 0x4e, 0x48, 0x44, 0x4a, 0x4d, 0x46, 0x45,
    0x43, 0x48, 0x48, 0x59, 0x58, 0x50, 0x42, 0x43, 0x59, 0x59, 0x58, 0x53, 0x58, 0x4c, 0x4c, 0x59, 0x44, 0x48, 0x53, 0x4c, 0x50, 0x48, 0x47, 0x42,
    0x52, 0x57, 0x53, 0x41, 0x59, 0x58, 0x48, 0x59, 0x58, 0x59, 0x00, 0x42, 0x00, 0x48, 0x54, 0x4c, 0x00, 0x5a, 0x00, 0x58, 0x5a, 0x59, 0x44, 0x59,
    0x4a, 0x00, 0x42, 0x54, 0x59, 0x00, 0x59, 0x4e, 0x53, 0x42, 0x47, 0x42, 0x4d, 0x47, 0x45, 0x53, 0x00, 0x5a, 0x59, 0x4a, 0x59, 0x53, 0x54, 0x57,
    0x58, 0x5a, 0x59, 0x52, 0x53, 0x48, 0x4e, 0x59, 0x4a, 0x53, 0x59, 0x42, 0x48, 0x48, 0x59, 0x00, 0x59, 0x4c, 0x58, 0x45, 0x44, 0x5a, 0x5a, 0x59,
    0x59, 0x4a, 0x43, 0x44, 0x00, 0x4b, 0x59, 0x59, 0x4a, 0x45, 0x4e, 0x43, 0x51, 0x58, 0x42, 0x4d, 0x53, 0x4d, 0x4c, 0x51, 0x51, 0x53, 0x46, 0x42,
    0x42, 0x42, 0x59, 0x57, 0x48, 0x46, 0x51, 0x4d, 0x46, 0x41, 0x41, 0x46, 0x51, 0x51, 0x54, 0x59, 0x42, 0x50, 0x42, 0x00, 0x58, 0x00, 0x00, 0x59,
    0x43, 0x4c, 0x59, 0x4c, 0x00, 0x4e, 0x58, 0x57, 0x00, 0x4c, 0x50, 0x5a, 0x5a, 0x5a, 0x43, 0x41, 0x45, 0x59, 0x4c, 0x46, 0x5a, 0x48, 0x43, 0x53,
    0x42, 0x42, 0x5a, 0x00, 0x48, 0x4c, 0x00, 0x48, 0x5a, 0x47, 0x43, 0x4c, 0x4d, 0x4d, 0x4d, 0x41, 0x5a, 0x5a, 0x48, 0x46, 0x44, 0x54, 0x00, 0x44,
    0x57, 0x57, 0x4a, 0x43, 0x4c, 0x42, 0x4c, 0x4a, 0x4e, 0x4c, 0x53, 0x00, 0x47, 0x4e, 0x59, 0x4b, 0x57, 0x57, 0x51, 0x42, 0x4b, 0x4c, 0x47, 0x47,
    0x48, 0x4b, 0x48, 0x4b, 0x5a, 0x54, 0x4c, 0x42, 0x48, 0x50, 0x59, 0x57, 0x54, 0x53, 0x4b, 0x44, 0x41, 0x4a, 0x4d, 0x4b, 0x4b, 0x41, 0x4d, 0x51,
    0x51, 0x00, 0x4b, 0x48, 0x44, 0x58, 0x4e, 0x53, 0x4a, 0x50, 0x50, 0x53, 0x43, 0x4e, 0x4d, 0x53, 0x43, 0x58, 0x4b, 0x00, 0x44, 0x50, 0x54, 0x5a,
    0x57, 0x46, 0x43, 0x50, 0x53, 0x00, 0x52, 0x51, 0x43, 0x50, 0x42, 0x4d, 0x5a, 0x43, 0x4b, 0x4a, 0x4c, 0x00, 0x4d, 0x4d, 0x50, 0x4c, 0x5a, 0x4a,
    0x4c, 0x59, 0x57, 0x4c, 0x4c, 0x5a, 0x5a, 0x48, 0x53, 0x43, 0x58, 0x57, 0x44, 0x48, 0x50, 0x48, 0x4d, 0x43, 0x4d, 0x43, 0x4a, 0x4e, 0x00, 0x59,
    0x52, 0x4c, 0x59, 0x00, 0x51, 0x5a, 0x00, 0x42, 0x47, 0x5a, 0x4a, 0x59, 0x51, 0x42, 0x42, 0x54, 0x59, 0x51, 0x59, 0x5a, 0x4a, 0x4d, 0x53, 0x53,
    0x51, 0x53, 0x4d, 0x47, 0x59, 0x47, 0x47, 0x54, 0x46, 0x58, 0x59, 0x54, 0x54, 0x4d, 0x4c, 0x43, 0x4c, 0x53, 0x4c, 0x48, 0x43, 0x50, 0x4c, 0x4a,
    0x5a, 0x4a, 0x5a, 0x5a, 0x58, 0x5a, 0x00, 0x00, 0x4c, 0x00, 0x00, 0x4c, 0x58, 0x47, 0x45, 0x4d, 0x5a, 0x54, 0x59, 0x5a, 0x47, 0x57, 0x4c, 0x59,
    0x53, 0x5a, 0x48, 0x48, 0x5a, 0x43, 0x4c, 0x43, 0x5a, 0x57, 0x58, 0x5a, 0x4d, 0x47, 0x53, 0x00, 0x00, 0x53, 0x44, 0x43, 0x4b, 0x54, 0x4e, 0x4c,
    0x4c, 0x59, 0x58, 0x59, 0x51, 0x50, 0x43, 0x58, 0x47, 0x4a, 0x4c, 0x4d, 0x59, 0x43, 0x4c, 0x59, 0x43, 0x51, 0x54, 0x59, 0x00, 0x00, 0x44, 0x44,
    0x48, 0x00, 0x58, 0x00, 0x51, 0x00, 0x59, 0x4a, 0x59, 0x46, 0x47, 0x48, 0x5a, 0x51, 0x00, 0x00, 0x4a, 0x50, 0x47, 0x58, 0x53, 0x53, 0x51, 0x43,
    0x44, 0x42, 0x44, 0x57, 0x43, 0x5a, 0x42, 0x57, 0x42, 0x44, 0x42, 0x54, 0x00, 0x47, 0x4a, 0x47, 0x43, 0x59, 0x59, 0x4c, 0x4a, 0x46, 0x4e, 0x45,
    0x45, 0x58, 0x4b, 0x59, 0x54, 0x50, 0x42, 0x4d, 0x53, 0x59, 0x51, 0x59, 0x42, 0x00, 0x58, 0x48, 0x48, 0x59, 0x4a, 0x4b, 0x45, 0x4a, 0x4d, 0x43,
    0x42, 0x57, 0x5a, 0x58, 0x54, 0x43, 0x58, 0x43, 0x4d, 0x4b, 0x59, 0x43, 0x00, 0x48, 0x44, 0x52, 0x54, 0x59, 0x58, 0x4e, 0x53, 0x46, 0x50, 0x4c,
    0x41, 0x48, 0x59, 0x48, 0x4d, 0x59, 0x4c, 0x59, 0x42, 0x44, 0x4c, 0x53, 0x4a, 0x4c, 0x4a, 0x4a, 0x54, 0x50, 0x47, 0x58, 0x57, 0x43, 0x44, 0x48,
    0x59, 0x4c, 0x4d, 0x48, 0x53, 0x4a, 0x59, 0x57, 0x00, 0x50, 0x4c, 0x4c, 0x59, 0x43, 0x53, 0x48, 0x53, 0x54, 0x4d, 0x48, 0x54, 0x42, 0x50, 0x48,
    0x46, 0x47, 0x42, 0x4c, 0x43, 0x50, 0x43, 0x4d, 0x53, 0x51, 0x5a, 0x4b, 0x42, 0x41, 0x4d, 0x58, 0x4b, 0x54, 0x54, 0x57, 0x58, 0x00, 0x54, 0x4c,
    0x43, 0x4e, 0x4e, 0x4c, 0x44, 0x4a, 0x51, 0x42, 0x53, 0x5a, 0x54, 0x51, 0x4e, 0x59, 0x4a, 0x47, 0x44, 0x4a, 0x4d, 0x44, 0x4a, 0x59, 0x58, 0x5a,
    0x4d, 0x4c, 0x47, 0x58, 0x54, 0x5a, 0x59, 0x54, 0x53, 0x58, 0x51, 0x57, 0x59, 0x43, 0x51, 0x57, 0x00, 0x5a, 0x54, 0x47, 0x53, 0x43, 0x46, 0x54,
    0x54, 0x54, 0x5a, 0x48, 0x50, 0x48, 0x5a, 0x5a, 0x42, 0x4c, 0x4e, 0x58, 0x50, 0x44, 0x48, 0x54, 0x57, 0x54, 0x51, 0x4a, 0x43, 0x42, 0x4a, 0x4b,
    0x4c, 0x4a, 0x51, 0x4c, 0x47, 0x51, 0x51, 0x58, 0x4a, 0x53, 0x4a, 0x41, 0x48, 0x5a, 0x5a, 0x59, 0x5a, 0x4a, 0x43, 0x59, 0x4a, 0x00, 0x59, 0x00,
    0x4a, 0x54, 0x4e, 0x59, 0x00, 0x43, 0x00, 0x4a, 0x59, 0x5a, 0x00, 0x00, 0x00, 0x00, 0x00, 0x00,
};

#define CRAZYPOD_CJK_INITIAL_FIRST 0x4e00u
#define CRAZYPOD_CJK_INITIAL_LAST 0x9fffu
static const unsigned char crazypod_cjk_initials[] = {
    0x59, 0x44, 0x4b, 0x51, 0x53, 0x58, 0x48, 0x57, 0x5a, 0x53, 0x53, 0x58, 0x4a, 0x42, 0x59, 0x4d, 0x47, 0x43, 0x43, 0x5a, 0x51, 0x50, 0x53, 0x53,
    0x51, 0x42, 0x59, 0x43, 0x44, 0x53, 0x43, 0x44, 0x51, 0x4c, 0x44, 0x59, 0x4c, 0x59, 0x42, 0x53, 0x47, 0x4a, 0x47, 0x59, 0x51, 0x5a, 0x4a, 0x4a,
    0x46, 0x47, 0x43, 0x43, 0x4c, 0x5a, 0x5a, 0x42, 0x57, 0x44, 0x57, 0x5a, 0x4a, 0x4c, 0x4a, 0x50, 0x46, 0x59, 0x59, 0x4e, 0x57, 0x4a, 0x4a, 0x54,
    0x4d, 0x59, 0x59, 0x5a, 0x57, 0x5a, 0x48, 0x46, 0x4c, 0x59, 0x50, 0x50, 0x51, 0x48, 0x47, 0x43, 0x43, 0x59, 0x59, 0x59, 0x4d, 0x4a, 0x51, 0x59,
    0x58, 0x58, 0x47, 0x4a, 0x58, 0x48, 0x53, 0x44, 0x53, 0x4a, 0x4e, 0x4a, 0x4a, 0x53, 0x4d, 0x48, 0x4d, 0x4c, 0x5a, 0x52, 0x58, 0x59, 0x46, 0x53,
    0x4e, 0x47, 0x53, 0x59, 0x43, 0x5a, 0x51, 0x5a, 0x47, 0x47, 0x4c, 0x4c, 0x59, 0x4a, 0x4c, 0x4d, 0x59, 0x5a, 0x53, 0x53, 0x45, 0x43, 0x59, 0x4b,
    0x59, 0x59, 0x48, 0x51, 0x57, 0x4a, 0x53, 0x53, 0x47, 0x47, 0x59, 0x58, 0x59, 0x51, 0x59, 0x4a, 0x54, 0x57, 0x4b, 0x44, 0x4a, 0x48, 0x59, 0x43,
    0x48, 0x4d, 0x59, 0x58, 0x4a, 0x54, 0x4c, 0x58, 0x4a, 0x59, 0x51, 0x42, 0x59, 0x58, 0x44, 0x4c, 0x44, 0x57, 0x52, 0x52, 0x4a, 0x4a, 0x57, 0x59,
    0x53, 0x52, 0x4c, 0x44, 0x5a, 0x4a, 0x50, 0x43, 0x42, 0x5a, 0x4a, 0x4a, 0x42, 0x52, 0x43, 0x46, 0x53, 0x4c, 0x42, 0x43, 0x5a, 0x53, 0x54, 0x5a,
    0x46, 0x58, 0x58, 0x54, 0x48, 0x54, 0x52, 0x51, 0x47, 0x47, 0x42, 0x44, 0x4c, 0x59, 0x43, 0x43, 0x53, 0x43, 0x59, 0x4d, 0x4d, 0x52, 0x46, 0x43,
    0x59, 0x51, 0x5a, 0x50, 0x57, 0x57, 0x4a, 0x4a, 0x59, 0x46, 0x43, 0x52, 0x57, 0x46, 0x44, 0x46, 0x5a, 0x51, 0x50, 0x59, 0x44, 0x44, 0x57, 0x59,
    0x58, 0x4b, 0x59, 0x4a, 0x41, 0x57, 0x4a, 0x46, 0x46, 0x58, 0x4a, 0x50, 0x44, 0x46, 0x54, 0x5a, 0x59, 0x48, 0x48, 0x59, 0x43, 0x59, 0x53, 0x57,
    0x43, 0x43, 0x59, 0x51, 0x53, 0x43, 0x4c, 0x43, 0x58, 0x58, 0x57, 0x5a, 0x5a, 0x58, 0x4e, 0x42, 0x47, 0x4e, 0x4e, 0x58, 0x42, 0x58, 0x4c, 0x5a,
    0x53, 0x51, 0x43, 0x42, 0x53, 0x4a, 0x50, 0x59, 0x53, 0x59, 0x5a, 0x44, 0x48, 0x4d, 0x44, 0x5a, 0x42, 0x51, 0x42, 0x5a, 0x43, 0x57, 0x44, 0x5a,
    0x5a, 0x59, 0x59, 0x54, 0x5a, 0x48, 0x42, 0x54, 0x53, 0x59, 0x59, 0x46, 0x5a, 0x47, 0x4e, 0x54, 0x4e, 0x58, 0x51, 0x59, 0x57, 0x51, 0x53, 0x4b,
    0x42, 0x50, 0x48, 0x48, 0x4c, 0x58, 0x47, 0x59, 0x42, 0x46, 0x4d, 0x4a, 0x4e, 0x42, 0x4a, 0x48, 0x48, 0x47, 0x51, 0x54, 0x4a, 0x43, 0x59, 0x53,
    0x58, 0x53, 0x54, 0x4b, 0x5a, 0x47, 0x4c, 0x59, 0x43, 0x4b, 0x47, 0x4c, 0x59, 0x53, 0x4d, 0x5a, 0x58, 0x59, 0x41, 0x4c, 0x4d, 0x45, 0x4c, 0x44,
    0x43, 0x43, 0x58, 0x47, 0x5a, 0x59, 0x52, 0x43, 0x58, 0x53, 0x44, 0x4c, 0x54, 0x4a, 0x5a, 0x43, 0x51, 0x4b, 0x43, 0x4e, 0x4e, 0x4a, 0x57, 0x48,
    0x4a, 0x43, 0x5a, 0x5a, 0x43, 0x51, 0x4c, 0x4a, 0x53, 0x54, 0x53, 0x54, 0x42, 0x4e, 0x58, 0x42, 0x54, 0x59, 0x58, 0x43, 0x45, 0x51, 0x58, 0x47,
    0x4b, 0x57, 0x4a, 0x59, 0x46, 0x4c, 0x5a, 0x51, 0x4c, 0x59, 0x48, 0x4a, 0x51, 0x53, 0x50, 0x53, 0x46, 0x58, 0x4c, 0x46, 0x50, 0x42, 0x59, 0x51,
    0x58, 0x58, 0x58, 0x59, 0x44, 0x43, 0x43, 0x5a, 0x59, 0x4c, 0x4c, 0x4c, 0x53, 0x4a, 0x58, 0x46, 0x48, 0x4a, 0x58, 0x50, 0x4a, 0x42, 0x43, 0x46,
    0x46, 0x59, 0x41, 0x42, 0x59, 0x58, 0x42, 0x48, 0x43, 0x5a, 0x42, 0x4a, 0x59, 0x43, 0x4c, 0x57, 0x4c, 0x43, 0x5a, 0x47, 0x47, 0x42, 0x54, 0x53,
    0x53, 0x4d, 0x44, 0x54, 0x4a, 0x43, 0x58, 0x50, 0x54, 0x48, 0x59, 0x51, 0x54, 0x47, 0x4a, 0x4a, 0x53, 0x43, 0x4a, 0x46, 0x5a, 0x4b, 0x4a, 0x5a,
    0x4a, 0x51, 0x4e, 0x4c, 0x5a, 0x57, 0x4c, 0x53, 0x4c, 0x48, 0x44, 0x5a, 0x42, 0x57, 0x4a, 0x4e, 0x43, 0x4a, 0x5a, 0x59, 0x5a, 0x53, 0x51, 0x4e,
    0x59, 0x43, 0x51, 0x59, 0x52, 0x5a, 0x43, 0x4a, 0x4a, 0x57, 0x59, 0x42, 0x52, 0x54, 0x57, 0x50, 0x59, 0x46, 0x54, 0x57, 0x45, 0x58, 0x43, 0x53,
    0x4b, 0x44, 0x5a, 0x43, 0x54, 0x42, 0x58, 0x48, 0x59, 0x5a, 0x43, 0x59, 0x59, 0x4a, 0x58, 0x5a, 0x43, 0x46, 0x42, 0x5a, 0x5a, 0x4d, 0x4a, 0x59,
    0x58, 0x58, 0x43, 0x44, 0x43, 0x5a, 0x4f, 0x54, 0x54, 0x42, 0x5a, 0x4c, 0x4a, 0x57, 0x46, 0x43, 0x4b, 0x53, 0x5a, 0x53, 0x58, 0x46, 0x59, 0x52,
    0x4c, 0x4e, 0x59, 0x4a, 0x4d, 0x42, 0x44, 0x54, 0x48, 0x4a, 0x58, 0x53, 0x51, 0x4a, 0x43, 0x43, 0x53, 0x42, 0x58, 0x59, 0x59, 0x54, 0x53, 0x59,
    0x46, 0x42, 0x4a, 0x44, 0x5a, 0x54, 0x47, 0x42, 0x43, 0x4e, 0x43, 0x4c, 0x43, 0x59, 0x5a, 0x5a, 0x42, 0x53, 0x41, 0x43, 0x59, 0x5a, 0x5a, 0x53,
    0x43, 0x4a, 0x43, 0x53, 0x48, 0x5a, 0x51, 0x59, 0x44, 0x58, 0x4c, 0x42, 0x50, 0x4a, 0x4c, 0x4c, 0x4d, 0x51, 0x58, 0x54, 0x59, 0x44, 0x5a, 0x58,
    0x53, 0x51, 0x4a, 0x54, 0x5a, 0x50, 0x58, 0x4c, 0x43, 0x47, 0x4c, 0x51, 0x43, 0x43, 0x57, 0x4a, 0x42, 0x48, 0x43, 0x54, 0x44, 0x4a, 0x4a, 0x53,
    0x46, 0x58, 0x4a, 0x45, 0x4a, 0x4a, 0x54, 0x4c, 0x42, 0x47, 0x58, 0x53, 0x58, 0x4a, 0x4d, 0x59, 0x4a, 0x4a, 0x51, 0x50, 0x46, 0x5a, 0x41, 0x53,
    0x59, 0x4a, 0x4e, 0x43, 0x59, 0x44, 0x4a, 0x58, 0x4b, 0x4a, 0x43, 0x44, 0x4a, 0x53, 0x5a, 0x43, 0x42, 0x41, 0x52, 0x54, 0x43, 0x43, 0x4c, 0x4e,
    0x4a, 0x51, 0x4d, 0x57, 0x4e, 0x51, 0x4e, 0x43, 0x4c, 0x4c, 0x4c, 0x4b, 0x42, 0x59, 0x42, 0x5a, 0x5a, 0x53, 0x59, 0x48, 0x51, 0x43, 0x4c, 0x54,
    0x57, 0x4c, 0x43, 0x43, 0x52, 0x53, 0x48, 0x4c, 0x4c, 0x5a, 0x4e, 0x54, 0x59, 0x4c, 0x4e, 0x45, 0x57, 0x59, 0x5a, 0x59, 0x58, 0x43, 0x5a, 0x58,
    0x58, 0x47, 0x44, 0x4b, 0x44, 0x4d, 0x54, 0x43, 0x45, 0x44, 0x45, 0x4a, 0x54, 0x53, 0x59, 0x59, 0x53, 0x00, 0x44, 0x51, 0x44, 0x46, 0x4d, 0x53,
    0x44, 0x00, 0x4a, 0x4c, 0x48, 0x52, 0x57, 0x4e, 0x51, 0x4c, 0x59, 0x42, 0x47, 0x4c, 0x58, 0x48, 0x4c, 0x47, 0x54, 0x47, 0x58, 0x42, 0x51, 0x4a,
    0x44, 0x5a, 0x46, 0x59, 0x4a, 0x53, 0x4a, 0x59, 0x4a, 0x43, 0x4a, 0x4d, 0x52, 0x4e, 0x59, 0x4d, 0x47, 0x52, 0x43, 0x4a, 0x43, 0x5a, 0x47, 0x4a,
    0x4d, 0x5a, 0x4d, 0x47, 0x58, 0x4d, 0x4d, 0x52, 0x59, 0x58, 0x4b, 0x4a, 0x4e, 0x59, 0x4d, 0x53, 0x47, 0x4d, 0x5a, 0x4a, 0x59, 0x4d, 0x4b, 0x4c,
    0x46, 0x58, 0x4d, 0x42, 0x44, 0x54, 0x47, 0x46, 0x42, 0x48, 0x43, 0x4a, 0x48, 0x4b, 0x59, 0x4c, 0x50, 0x46, 0x4d, 0x44, 0x58, 0x4c, 0x51, 0x4a,
    0x4a, 0x53, 0x4d, 0x54, 0x51, 0x47, 0x5a, 0x53, 0x4a, 0x4c, 0x51, 0x44, 0x4c, 0x44, 0x47, 0x4a, 0x59, 0x43, 0x41, 0x4c, 0x43, 0x4d, 0x5a, 0x43,
    0x53, 0x44, 0x4a, 0x4c, 0x4c, 0x4e, 0x58, 0x44, 0x4a, 0x46, 0x46, 0x46, 0x46, 0x4a, 0x43, 0x5a, 0x46, 0x4d, 0x5a, 0x46, 0x46, 0x50, 0x46, 0x4b,
    0x48, 0x4b, 0x47, 0x44, 0x50, 0x51, 0x58, 0x4b, 0x54, 0x41, 0x43, 0x4a, 0x44, 0x48, 0x48, 0x5a, 0x44, 0x44, 0x44, 0x52, 0x52, 0x43, 0x46, 0x51,
    0x59, 0x4a, 0x4b, 0x51, 0x43, 0x43, 0x57, 0x4a, 0x44, 0x58, 0x48, 0x57, 0x4a, 0x4c, 0x59, 0x4c, 0x4c, 0x5a, 0x47, 0x43, 0x46, 0x43, 0x51, 0x44,
    0x53, 0x4d, 0x4c, 0x5a, 0x50, 0x42, 0x4a, 0x4a, 0x50, 0x4c, 0x53, 0x42, 0x43, 0x4a, 0x47, 0x47, 0x44, 0x43, 0x4b, 0x4b, 0x44, 0x45, 0x5a, 0x53,
    0x51, 0x53, 0x43, 0x4b, 0x4a, 0x47, 0x43, 0x47, 0x4b, 0x44, 0x4a, 0x54, 0x4a, 0x4c, 0x4c, 0x5a, 0x59, 0x43, 0x58, 0x4b, 0x4c, 0x51, 0x53, 0x43,
    0x47, 0x4a, 0x43, 0x4c, 0x54, 0x46, 0x50, 0x43, 0x51, 0x43, 0x5a, 0x47, 0x57, 0x42, 0x4a, 0x44, 0x51, 0x53, 0x44, 0x4a, 0x4a, 0x42, 0x59, 0x4a,
    0x48, 0x53, 0x4a, 0x44, 0x44, 0x57, 0x47, 0x46, 0x53, 0x4a, 0x47, 0x44, 0x4b, 0x43, 0x43, 0x43, 0x54, 0x4c, 0x4c, 0x50, 0x53, 0x50, 0x4b, 0x4a,
    0x47, 0x51, 0x4a, 0x48, 0x5a, 0x5a, 0x4c, 0x4a, 0x50, 0x4c, 0x47, 0x4a, 0x47, 0x4a, 0x4a, 0x54, 0x48, 0x4a, 0x4a, 0x59, 0x4a, 0x5a, 0x43, 0x4a,
    0x4d, 0x4c, 0x5a, 0x4c, 0x59, 0x51, 0x42, 0x47, 0x4a, 0x57, 0x4d, 0x4c, 0x4a, 0x4b, 0x58, 0x5a, 0x44, 0x5a, 0x4e, 0x4a, 0x51, 0x53, 0x59, 0x5a,
    0x4d, 0x4c, 0x4a, 0x4c, 0x4c, 0x4a, 0x4b, 0x59, 0x57, 0x58, 0x4d, 0x4b, 0x4a, 0x4c, 0x48, 0x53, 0x4b, 0x4a, 0x47, 0x42, 0x4d, 0x43, 0x4c, 0x59,
    0x59, 0x4d, 0x4b, 0x58, 0x4a, 0x51, 0x4c, 0x42, 0x4d, 0x43, 0x4c, 0x4b, 0x4d, 0x44, 0x58, 0x58, 0x4b, 0x57, 0x59, 0x58, 0x57, 0x53, 0x4c, 0x4d,
    0x4c, 0x50, 0x53, 0x4a, 0x51, 0x4a, 0x43, 0x51, 0x58, 0x59, 0x4a, 0x46, 0x4a, 0x54, 0x4a, 0x44, 0x58, 0x4d, 0x58, 0x58, 0x4c, 0x4c, 0x43, 0x52,
    0x51, 0x42, 0x53, 0x59, 0x4a, 0x42, 0x47, 0x57, 0x59, 0x57, 0x58, 0x47, 0x47, 0x42, 0x43, 0x59, 0x58, 0x50, 0x4a, 0x54, 0x47, 0x50, 0x45, 0x50,
    0x46, 0x47, 0x44, 0x4a, 0x47, 0x42, 0x48, 0x42, 0x4e, 0x53, 0x46, 0x4a, 0x59, 0x5a, 0x4a, 0x4b, 0x4a, 0x4b, 0x48, 0x58, 0x51, 0x46, 0x47, 0x51,
    0x5a, 0x4b, 0x46, 0x48, 0x59, 0x47, 0x4b, 0x48, 0x44, 0x47, 0x4c, 0x4c, 0x53, 0x44, 0x4a, 0x4a, 0x58, 0x50, 0x51, 0x59, 0x4b, 0x59, 0x42, 0x4e,
    0x51, 0x53, 0x58, 0x51, 0x4e, 0x53, 0x5a, 0x53, 0x57, 0x48, 0x42, 0x53, 0x58, 0x57, 0x48, 0x58, 0x57, 0x42, 0x5a, 0x5a, 0x58, 0x44, 0x4d, 0x4e,
    0x44, 0x4a, 0x42, 0x53, 0x42, 0x4b, 0x42, 0x42, 0x5a, 0x4b, 0x4c, 0x59, 0x4c, 0x58, 0x47, 0x57, 0x58, 0x4a, 0x4a, 0x57, 0x41, 0x51, 0x5a, 0x4d,
    0x59, 0x57, 0x53, 0x4a, 0x51, 0x4c, 0x43, 0x4a, 0x58, 0x58, 0x4a, 0x51, 0x57, 0x4a, 0x45, 0x51, 0x58, 0x53, 0x43, 0x57, 0x45, 0x54, 0x4c, 0x5a,
    0x48, 0x4c, 0x59, 0x59, 0x59, 0x53, 0x44, 0x5a, 0x50, 0x59, 0x51, 0x59, 0x5a, 0x43, 0x4d, 0x54, 0x4c, 0x53, 0x48, 0x54, 0x5a, 0x43, 0x46, 0x59,
    0x43, 0x59, 0x58, 0x59, 0x4c, 0x4a, 0x53, 0x44, 0x43, 0x4a, 0x4a, 0x41, 0x47, 0x59, 0x53, 0x4c, 0x43, 0x4c, 0x4c, 0x59, 0x59, 0x59, 0x53, 0x47,
    0x4c, 0x52, 0x51, 0x51, 0x45, 0x4c, 0x44, 0x58, 0x5a, 0x53, 0x43, 0x43, 0x43, 0x43, 0x41, 0x44, 0x59, 0x43, 0x4a, 0x59, 0x53, 0x46, 0x53, 0x47,
    0x42, 0x46, 0x52, 0x53, 0x53, 0x5a, 0x51, 0x53, 0x42, 0x58, 0x58, 0x50, 0x53, 0x4a, 0x57, 0x53, 0x44, 0x52, 0x43, 0x4b, 0x47, 0x4a, 0x4c, 0x47,
    0x44, 0x4b, 0x5a, 0x4a, 0x5a, 0x42, 0x44, 0x4b, 0x54, 0x43, 0x53, 0x59, 0x51, 0x50, 0x59, 0x48, 0x53, 0x54, 0x43, 0x4c, 0x44, 0x4a, 0x4c, 0x48,
    0x4d, 0x58, 0x4d, 0x43, 0x47, 0x58, 0x59, 0x5a, 0x48, 0x4a, 0x44, 0x43, 0x54, 0x4d, 0x48, 0x4c, 0x54, 0x58, 0x5a, 0x58, 0x59, 0x4c, 0x41, 0x4d,
    0x4f, 0x48, 0x59, 0x4a, 0x43, 0x4c, 0x54, 0x59, 0x46, 0x42, 0x51, 0x51, 0x4a, 0x42, 0x46, 0x42, 0x44, 0x46, 0x45, 0x48, 0x54, 0x4b, 0x53, 0x51,
    0x48, 0x5a, 0x59, 0x57, 0x57, 0x43, 0x4e, 0x58, 0x58, 0x43, 0x44, 0x57, 0x48, 0x48, 0x57, 0x47, 0x59, 0x4a, 0x4c, 0x45, 0x47, 0x4d, 0x44, 0x4d,
    0x43, 0x57, 0x47, 0x46, 0x4a, 0x48, 0x43, 0x53, 0x4e, 0x54, 0x46, 0x59, 0x44, 0x4f, 0x4c, 0x42, 0x59, 0x47, 0x57, 0x51, 0x57, 0x45, 0x53, 0x4a,
    0x50, 0x57, 0x4e, 0x4d, 0x4c, 0x52, 0x59, 0x44, 0x5a, 0x53, 0x5a, 0x54, 0x58, 0x59, 0x51, 0x50, 0x5a, 0x47, 0x43, 0x57, 0x58, 0x48, 0x4e, 0x58,
    0x50, 0x59, 0x58, 0x53, 0x48, 0x4d, 0x44, 0x51, 0x4a, 0x48, 0x5a, 0x54, 0x44, 0x50, 0x50, 0x42, 0x46, 0x59, 0x48, 0x5a, 0x48, 0x48, 0x4a, 0x59,
    0x46, 0x44, 0x5a, 0x57, 0x4b, 0x47, 0x4b, 0x5a, 0x42, 0x4c, 0x44, 0x4e, 0x54, 0x53, 0x58, 0x48, 0x51, 0x45, 0x45, 0x47, 0x5a, 0x58, 0x59, 0x4c,
    0x5a, 0x4d, 0x4d, 0x5a, 0x59, 0x4a, 0x5a, 0x47, 0x53, 0x5a, 0x58, 0x48, 0x48, 0x4b, 0x48, 0x54, 0x58, 0x45, 0x58, 0x58, 0x47, 0x59, 0x4c, 0x59,
    0x41, 0x50, 0x53, 0x54, 0x48, 0x58, 0x44, 0x57, 0x48, 0x5a, 0x59, 0x44, 0x50, 0x58, 0x41, 0x47, 0x4b, 0x59, 0x44, 0x58, 0x42, 0x48, 0x4e, 0x48,
    0x58, 0x4b, 0x44, 0x46, 0x4a, 0x4e, 0x4d, 0x59, 0x48, 0x59, 0x4c, 0x50, 0x4d, 0x47, 0x4f, 0x43, 0x53, 0x4c, 0x4e, 0x5a, 0x48, 0x4b, 0x58, 0x58,
    0x4c, 0x42, 0x5a, 0x5a, 0x4c, 0x42, 0x4d, 0x4c, 0x53, 0x46, 0x42, 0x48, 0x48, 0x47, 0x53, 0x47, 0x59, 0x59, 0x47, 0x47, 0x42, 0x48, 0x53, 0x43,
    0x59, 0x41, 0x4a, 0x54, 0x58, 0x57, 0x4c, 0x58, 0x54, 0x5a, 0x51, 0x43, 0x57, 0x5a, 0x59, 0x44, 0x51, 0x44, 0x51, 0x4d, 0x4d, 0x48, 0x44, 0x51,
    0x4c, 0x4c, 0x53, 0x5a, 0x48, 0x4c, 0x53, 0x4a, 0x5a, 0x57, 0x46, 0x4a, 0x48, 0x51, 0x53, 0x57, 0x53, 0x43, 0x45, 0x4c, 0x51, 0x41, 0x5a, 0x59,
    0x4e, 0x59, 0x54, 0x4c, 0x53, 0x58, 0x54, 0x48, 0x41, 0x5a, 0x4e, 0x4b, 0x5a, 0x5a, 0x53, 0x44, 0x48, 0x4c, 0x41, 0x43, 0x58, 0x54, 0x57, 0x57,
    0x43, 0x53, 0x47, 0x51, 0x51, 0x54, 0x44, 0x44, 0x59, 0x5a, 0x42, 0x43, 0x43, 0x48, 0x59, 0x51, 0x5a, 0x46, 0x4c, 0x58, 0x50, 0x53, 0x4c, 0x5a,
    0x59, 0x47, 0x50, 0x5a, 0x53, 0x5a, 0x4e, 0x47, 0x4c, 0x59, 0x44, 0x51, 0x43, 0x42, 0x44, 0x4c, 0x58, 0x4a, 0x54, 0x43, 0x54, 0x41, 0x4a, 0x44,
    0x4b, 0x59, 0x57, 0x4e, 0x53, 0x59, 0x5a, 0x4c, 0x4a, 0x48, 0x48, 0x44, 0x5a, 0x43, 0x57, 0x4e, 0x59, 0x59, 0x5a, 0x59, 0x4f, 0x4d, 0x48, 0x59,
    0x43, 0x48, 0x48, 0x48, 0x58, 0x48, 0x4a, 0x4b, 0x5a, 0x57, 0x53, 0x58, 0x48, 0x44, 0x4e, 0x58, 0x4c, 0x59, 0x53, 0x43, 0x51, 0x59, 0x44, 0x50,
    0x43, 0x4c, 0x59, 0x5a, 0x57, 0x4d, 0x59, 0x50, 0x42, 0x4b, 0x58, 0x59, 0x4a, 0x4c, 0x4b, 0x5a, 0x48, 0x54, 0x59, 0x48, 0x53, 0x58, 0x51, 0x53,
    0x59, 0x53, 0x48, 0x58, 0x41, 0x53, 0x4d, 0x43, 0x48, 0x4b, 0x44, 0x53, 0x43, 0x52, 0x53, 0x57, 0x4a, 0x50, 0x57, 0x51, 0x53, 0x47, 0x5a, 0x4a,
    0x4c, 0x57, 0x57, 0x53, 0x43, 0x48, 0x53, 0x00, 0x48, 0x53, 0x51, 0x4e, 0x48, 0x5a, 0x53, 0x4e, 0x47, 0x4e, 0x44, 0x41, 0x51, 0x54, 0x42, 0x41,
    0x41, 0x4c, 0x5a, 0x5a, 0x4d, 0x53, 0x53, 0x54, 0x44, 0x51, 0x4a, 0x43, 0x4a, 0x4b, 0x54, 0x53, 0x43, 0x4a, 0x41, 0x58, 0x50, 0x4c, 0x47, 0x47,
    0x58, 0x48, 0x48, 0x47, 0x4f, 0x58, 0x5a, 0x43, 0x58, 0x50, 0x44, 0x4d, 0x4d, 0x48, 0x4c, 0x44, 0x47, 0x54, 0x59, 0x42, 0x59, 0x53, 0x4a, 0x4d,
    0x58, 0x48, 0x4d, 0x52, 0x5a, 0x50, 0x4c, 0x58, 0x4a, 0x5a, 0x43, 0x4b, 0x5a, 0x58, 0x53, 0x48, 0x46, 0x4c, 0x51, 0x58, 0x43, 0x43, 0x44, 0x48,
    0x58, 0x45, 0x5a, 0x46, 0x43, 0x48, 0x5a, 0x43, 0x43, 0x44, 0x59, 0x54, 0x43, 0x4a, 0x59, 0x58, 0x51, 0x48, 0x4c, 0x58, 0x44, 0x48, 0x59, 0x50,
    0x4a, 0x51, 0x58, 0x4e, 0x4c, 0x53, 0x59, 0x59, 0x44, 0x5a, 0x4f, 0x5a, 0x4a, 0x4e, 0x48, 0x58, 0x51, 0x45, 0x5a, 0x59, 0x53, 0x4a, 0x59, 0x41,
    0x59, 0x58, 0x4b, 0x59, 0x50, 0x44, 0x47, 0x48, 0x44, 0x44, 0x58, 0x53, 0x50, 0x50, 0x59, 0x5a, 0x4e, 0x44, 0x4c, 0x54, 0x48, 0x52, 0x48, 0x58,
    0x59, 0x44, 0x50, 0x43, 0x4a, 0x4a, 0x48, 0x54, 0x43, 0x58, 0x4d, 0x43, 0x54, 0x4c, 0x48, 0x42, 0x59, 0x4e, 0x59, 0x48, 0x4d, 0x48, 0x5a, 0x4c,
    0x4c, 0x48, 0x4e, 0x58, 0x4d, 0x59, 0x4c, 0x4c, 0x4c, 0x4d, 0x44, 0x43, 0x50, 0x50, 0x58, 0x48, 0x4d, 0x58, 0x44, 0x4b, 0x59, 0x43, 0x59, 0x52,
    0x44, 0x4c, 0x54, 0x58, 0x4a, 0x43, 0x48, 0x48, 0x5a, 0x4e, 0x58, 0x43, 0x4c, 0x43, 0x43, 0x4c, 0x59, 0x4c, 0x4e, 0x5a, 0x53, 0x58, 0x5a, 0x4a,
    0x5a, 0x5a, 0x4c, 0x4e, 0x4e, 0x4c, 0x4c, 0x57, 0x48, 0x59, 0x51, 0x53, 0x4e, 0x4a, 0x48, 0x58, 0x59, 0x4e, 0x54, 0x54, 0x44, 0x4b, 0x59, 0x4a,
    0x50, 0x59, 0x43, 0x48, 0x48, 0x59, 0x45, 0x47, 0x4b, 0x43, 0x54, 0x54, 0x57, 0x4c, 0x47, 0x51, 0x52, 0x4c, 0x47, 0x47, 0x54, 0x47, 0x54, 0x59,
    0x47, 0x59, 0x48, 0x50, 0x59, 0x48, 0x59, 0x4c, 0x51, 0x59, 0x51, 0x47, 0x43, 0x57, 0x59, 0x51, 0x4b, 0x50, 0x59, 0x59, 0x59, 0x54, 0x54, 0x54,
    0x54, 0x4c, 0x48, 0x59, 0x48, 0x4c, 0x4c, 0x54, 0x59, 0x54, 0x54, 0x53, 0x50, 0x4c, 0x4b, 0x59, 0x5a, 0x57, 0x47, 0x54, 0x57, 0x47, 0x50, 0x59,
    0x44, 0x51, 0x51, 0x5a, 0x5a, 0x44, 0x51, 0x58, 0x53, 0x4b, 0x43, 0x51, 0x4e, 0x4d, 0x4a, 0x4a, 0x5a, 0x5a, 0x42, 0x58, 0x59, 0x51, 0x4d, 0x4a,
    0x52, 0x54, 0x46, 0x42, 0x42, 0x54, 0x4b, 0x48, 0x5a, 0x4b, 0x42, 0x4a, 0x44, 0x4a, 0x4a, 0x4b, 0x44, 0x4a, 0x4a, 0x54, 0x4c, 0x42, 0x57, 0x46,
    0x5a, 0x50, 0x42, 0x54, 0x4b, 0x51, 0x54, 0x5a, 0x54, 0x47, 0x50, 0x44, 0x47, 0x4e, 0x54, 0x50, 0x4a, 0x59, 0x46, 0x41, 0x4c, 0x51, 0x4d, 0x4b,
    0x47, 0x58, 0x42, 0x44, 0x43, 0x4c, 0x5a, 0x46, 0x48, 0x5a, 0x43, 0x4c, 0x4c, 0x4c, 0x4c, 0x41, 0x44, 0x50, 0x4d, 0x58, 0x44, 0x4a, 0x48, 0x4c,
    0x43, 0x43, 0x4c, 0x47, 0x59, 0x48, 0x44, 0x5a, 0x46, 0x47, 0x59, 0x44, 0x44, 0x47, 0x43, 0x59, 0x59, 0x46, 0x47, 0x59, 0x44, 0x58, 0x4b, 0x53,
    0x53, 0x45, 0x42, 0x44, 0x48, 0x59, 0x4b, 0x44, 0x4b, 0x44, 0x4b, 0x48, 0x4e, 0x41, 0x58, 0x58, 0x59, 0x42, 0x46, 0x42, 0x59, 0x59, 0x48, 0x58,
    0x43, 0x51, 0x47, 0x41, 0x42, 0x46, 0x51, 0x59, 0x4a, 0x4a, 0x44, 0x4d, 0x4c, 0x4a, 0x43, 0x53, 0x4a, 0x5a, 0x4c, 0x4c, 0x42, 0x43, 0x48, 0x42,
    0x53, 0x58, 0x47, 0x4a, 0x59, 0x4e, 0x44, 0x59, 0x42, 0x59, 0x51, 0x53, 0x50, 0x51, 0x57, 0x4a, 0x4c, 0x5a, 0x4b, 0x54, 0x44, 0x44, 0x54, 0x41,
    0x43, 0x43, 0x42, 0x4b, 0x5a, 0x44, 0x59, 0x5a, 0x59, 0x50, 0x4a, 0x5a, 0x51, 0x53, 0x4a, 0x4e, 0x4b, 0x4b, 0x54, 0x4b, 0x4e, 0x4a, 0x44, 0x4a,
    0x47, 0x59, 0x45, 0x50, 0x47, 0x54, 0x4c, 0x46, 0x59, 0x51, 0x4b, 0x41, 0x53, 0x44, 0x4e, 0x54, 0x43, 0x59, 0x48, 0x42, 0x4c, 0x47, 0x44, 0x5a,
    0x48, 0x42, 0x42, 0x59, 0x44, 0x4d, 0x4a, 0x52, 0x45, 0x47, 0x4b, 0x5a, 0x59, 0x48, 0x45, 0x59, 0x59, 0x42, 0x4a, 0x4d, 0x43, 0x44, 0x54, 0x59,
    0x46, 0x5a, 0x4a, 0x4a, 0x48, 0x47, 0x43, 0x4a, 0x50, 0x4c, 0x58, 0x48, 0x4c, 0x44, 0x57, 0x58, 0x4a, 0x4a, 0x4b, 0x59, 0x54, 0x43, 0x59, 0x4b,
    0x53, 0x53, 0x53, 0x4d, 0x54, 0x57, 0x43, 0x54, 0x54, 0x51, 0x5a, 0x4c, 0x5a, 0x42, 0x53, 0x5a, 0x44, 0x54, 0x57, 0x5a, 0x58, 0x47, 0x5a, 0x41,
    0x47, 0x59, 0x4b, 0x54, 0x59, 0x57, 0x58, 0x4c, 0x48, 0x4c, 0x43, 0x50, 0x42, 0x43, 0x4c, 0x4c, 0x4f, 0x51, 0x4d, 0x4d, 0x5a, 0x53, 0x53, 0x4c,
    0x43, 0x4d, 0x42, 0x4a, 0x43, 0x53, 0x5a, 0x5a, 0x4b, 0x59, 0x44, 0x43, 0x5a, 0x58, 0x47, 0x51, 0x4a, 0x44, 0x53, 0x4d, 0x43, 0x59, 0x54, 0x5a,
    0x51, 0x51, 0x4c, 0x57, 0x5a, 0x51, 0x5a, 0x58, 0x53, 0x53, 0x42, 0x50, 0x4b, 0x44, 0x46, 0x51, 0x4d, 0x44, 0x44, 0x5a, 0x44, 0x53, 0x44, 0x44,
    0x54, 0x44, 0x4d, 0x46, 0x48, 0x54, 0x44, 0x59, 0x5a, 0x4a, 0x41, 0x51, 0x4a, 0x51, 0x4b, 0x59, 0x50, 0x42, 0x44, 0x4a, 0x59, 0x59, 0x58, 0x54,
    0x4c, 0x4a, 0x48, 0x44, 0x52, 0x51, 0x58, 0x58, 0x58, 0x48, 0x41, 0x59, 0x44, 0x48, 0x52, 0x4a, 0x4c, 0x4b, 0x4c, 0x59, 0x54, 0x57, 0x48, 0x4c,
    0x4c, 0x52, 0x4c, 0x4c, 0x52, 0x43, 0x58, 0x59, 0x4c, 0x42, 0x57, 0x53, 0x52, 0x53, 0x5a, 0x5a, 0x53, 0x59, 0x4d, 0x4b, 0x5a, 0x5a, 0x48, 0x48,
    0x4b, 0x59, 0x48, 0x58, 0x4b, 0x53, 0x4d, 0x5a, 0x53, 0x59, 0x5a, 0x47, 0x43, 0x4a, 0x46, 0x42, 0x5a, 0x42, 0x53, 0x51, 0x4c, 0x46, 0x43, 0x58,
    0x58, 0x58, 0x4e, 0x58, 0x4b, 0x58, 0x57, 0x59, 0x4d, 0x53, 0x44, 0x44, 0x59, 0x51, 0x57, 0x47, 0x47, 0x51, 0x4d, 0x4d, 0x59, 0x48, 0x43, 0x44,
    0x5a, 0x54, 0x54, 0x46, 0x47, 0x59, 0x59, 0x48, 0x47, 0x53, 0x54, 0x54, 0x54, 0x59, 0x42, 0x59, 0x4b, 0x4a, 0x44, 0x48, 0x4b, 0x59, 0x4a, 0x42,
    0x45, 0x4c, 0x48, 0x44, 0x59, 0x50, 0x4a, 0x51, 0x4e, 0x46, 0x58, 0x46, 0x44, 0x51, 0x4b, 0x5a, 0x48, 0x51, 0x4b, 0x5a, 0x42, 0x59, 0x4a, 0x54,
    0x5a, 0x42, 0x58, 0x48, 0x46, 0x44, 0x58, 0x42, 0x44, 0x41, 0x53, 0x57, 0x48, 0x41, 0x57, 0x41, 0x4a, 0x4c, 0x44, 0x59, 0x4a, 0x53, 0x46, 0x48,
    0x42, 0x4c, 0x44, 0x4e, 0x4e, 0x44, 0x4e, 0x51, 0x4a, 0x54, 0x4a, 0x4e, 0x43, 0x48, 0x58, 0x46, 0x4a, 0x53, 0x52, 0x46, 0x57, 0x48, 0x5a, 0x46,
    0x4d, 0x44, 0x52, 0x46, 0x4a, 0x59, 0x48, 0x57, 0x5a, 0x50, 0x44, 0x4a, 0x4b, 0x5a, 0x59, 0x4a, 0x59, 0x4d, 0x46, 0x43, 0x59, 0x5a, 0x4e, 0x59,
    0x4e, 0x58, 0x46, 0x42, 0x59, 0x54, 0x46, 0x59, 0x46, 0x57, 0x59, 0x47, 0x44, 0x42, 0x4e, 0x5a, 0x5a, 0x5a, 0x44, 0x4e, 0x59, 0x54, 0x58, 0x5a,
    0x45, 0x4d, 0x4d, 0x51, 0x42, 0x53, 0x51, 0x45, 0x48, 0x58, 0x46, 0x5a, 0x4d, 0x42, 0x4d, 0x46, 0x4c, 0x5a, 0x5a, 0x53, 0x52, 0x53, 0x59, 0x4d,
    0x4a, 0x47, 0x53, 0x58, 0x57, 0x5a, 0x4a, 0x53, 0x50, 0x52, 0x59, 0x44, 0x4a, 0x53, 0x4a, 0x47, 0x58, 0x48, 0x4a, 0x4a, 0x47, 0x4c, 0x4a, 0x4a,
    0x59, 0x4e, 0x5a, 0x4a, 0x4a, 0x58, 0x48, 0x47, 0x4a, 0x4b, 0x59, 0x4d, 0x4c, 0x50, 0x45, 0x59, 0x59, 0x43, 0x53, 0x59, 0x53, 0x47, 0x51, 0x5a,
    0x53, 0x57, 0x48, 0x57, 0x4c, 0x59, 0x52, 0x4a, 0x4c, 0x50, 0x58, 0x53, 0x4c, 0x43, 0x58, 0x4d, 0x46, 0x53, 0x4d, 0x57, 0x4b, 0x43, 0x43, 0x54,
    0x4e, 0x58, 0x4e, 0x59, 0x4e, 0x50, 0x4e, 0x4a, 0x53, 0x5a, 0x48, 0x44, 0x5a, 0x45, 0x50, 0x54, 0x58, 0x4d, 0x57, 0x59, 0x57, 0x41, 0x59, 0x59,
    0x53, 0x59, 0x57, 0x4c, 0x58, 0x4a, 0x51, 0x5a, 0x51, 0x58, 0x5a, 0x44, 0x43, 0x4c, 0x41, 0x45, 0x45, 0x4c, 0x4d, 0x43, 0x50, 0x4a, 0x50, 0x43,
    0x4c, 0x57, 0x42, 0x58, 0x53, 0x51, 0x48, 0x46, 0x57, 0x52, 0x54, 0x46, 0x46, 0x4a, 0x54, 0x4e, 0x51, 0x4a, 0x48, 0x4a, 0x51, 0x44, 0x58, 0x48,
    0x57, 0x4c, 0x42, 0x59, 0x5a, 0x43, 0x46, 0x4a, 0x4c, 0x41, 0x4c, 0x4b, 0x59, 0x59, 0x4a, 0x4c, 0x44, 0x58, 0x48, 0x48, 0x59, 0x43, 0x53, 0x54,
    0x44, 0x59, 0x57, 0x4e, 0x52, 0x4a, 0x54, 0x58, 0x59, 0x57, 0x44, 0x52, 0x4d, 0x44, 0x52, 0x51, 0x48, 0x57, 0x51, 0x43, 0x4d, 0x46, 0x4a, 0x44,
    0x59, 0x5a, 0x4d, 0x48, 0x4d, 0x41, 0x59, 0x58, 0x4a, 0x57, 0x4d, 0x59, 0x5a, 0x51, 0x53, 0x58, 0x54, 0x4c, 0x4d, 0x52, 0x53, 0x50, 0x57, 0x57,
    0x43, 0x48, 0x41, 0x4a, 0x42, 0x58, 0x54, 0x47, 0x43, 0x59, 0x50, 0x58, 0x59, 0x59, 0x52, 0x52, 0x43, 0x4c, 0x4d, 0x50, 0x41, 0x4d, 0x47, 0x4b,
    0x51, 0x4a, 0x53, 0x5a, 0x59, 0x4a, 0x52, 0x4d, 0x59, 0x4a, 0x53, 0x4e, 0x58, 0x54, 0x50, 0x4c, 0x4e, 0x42, 0x41, 0x50, 0x50, 0x59, 0x50, 0x59,
    0x4c, 0x58, 0x4d, 0x59, 0x5a, 0x4b, 0x59, 0x4e, 0x4c, 0x44, 0x47, 0x59, 0x4a, 0x5a, 0x43, 0x5a, 0x48, 0x4e, 0x4c, 0x4d, 0x5a, 0x48, 0x48, 0x41,
    0x4e, 0x51, 0x4d, 0x50, 0x47, 0x57, 0x51, 0x54, 0x5a, 0x4d, 0x58, 0x58, 0x4d, 0x4c, 0x4c, 0x48, 0x47, 0x44, 0x5a, 0x58, 0x59, 0x48, 0x58, 0x4b,
    0x52, 0x58, 0x59, 0x43, 0x4a, 0x4d, 0x46, 0x46, 0x58, 0x59, 0x48, 0x4a, 0x46, 0x53, 0x42, 0x53, 0x53, 0x51, 0x4c, 0x48, 0x58, 0x4e, 0x44, 0x59,
    0x43, 0x41, 0x4e, 0x4e, 0x4d, 0x54, 0x43, 0x4a, 0x43, 0x59, 0x50, 0x52, 0x52, 0x4e, 0x59, 0x54, 0x59, 0x51, 0x4e, 0x59, 0x59, 0x4d, 0x42, 0x4d,
    0x53, 0x58, 0x4e, 0x44, 0x4c, 0x59, 0x4c, 0x59, 0x53, 0x4c, 0x4a, 0x4e, 0x4c, 0x58, 0x59, 0x53, 0x48, 0x51, 0x4d, 0x4c, 0x4c, 0x59, 0x5a, 0x4c,
    0x5a, 0x4a, 0x4a, 0x4a, 0x4b, 0x59, 0x4d, 0x5a, 0x43, 0x53, 0x46, 0x42, 0x5a, 0x58, 0x58, 0x4d, 0x53, 0x54, 0x42, 0x4a, 0x47, 0x4e, 0x58, 0x59,
    0x5a, 0x48, 0x4c, 0x53, 0x4e, 0x4d, 0x43, 0x51, 0x53, 0x43, 0x59, 0x5a, 0x4e, 0x46, 0x5a, 0x4c, 0x58, 0x42, 0x52, 0x4e, 0x4e, 0x4e, 0x59, 0x4c,
    0x4d, 0x4e, 0x52, 0x54, 0x47, 0x5a, 0x51, 0x59, 0x53, 0x41, 0x54, 0x53, 0x57, 0x52, 0x59, 0x48, 0x59, 0x4a, 0x5a, 0x4d, 0x5a, 0x44, 0x48, 0x5a,
    0x47, 0x5a, 0x44, 0x57, 0x59, 0x42, 0x53, 0x53, 0x43, 0x53, 0x4b, 0x58, 0x53, 0x59, 0x48, 0x59, 0x54, 0x53, 0x58, 0x47, 0x43, 0x51, 0x47, 0x58,
    0x5a, 0x5a, 0x42, 0x48, 0x59, 0x58, 0x4a, 0x53, 0x43, 0x52, 0x48, 0x4d, 0x4b, 0x4b, 0x42, 0x53, 0x43, 0x5a, 0x4a, 0x59, 0x4a, 0x59, 0x4d, 0x4b,
    0x51, 0x48, 0x5a, 0x4a, 0x46, 0x4e, 0x42, 0x48, 0x4d, 0x51, 0x48, 0x59, 0x53, 0x4e, 0x4a, 0x4e, 0x5a, 0x59, 0x42, 0x4b, 0x4e, 0x51, 0x4d, 0x43,
    0x4a, 0x47, 0x51, 0x48, 0x57, 0x4c, 0x53, 0x4e, 0x5a, 0x53, 0x57, 0x58, 0x4b, 0x48, 0x4c, 0x4a, 0x48, 0x59, 0x59, 0x42, 0x51, 0x43, 0x42, 0x46,
    0x43, 0x44, 0x53, 0x58, 0x44, 0x4c, 0x44, 0x53, 0x50, 0x46, 0x5a, 0x46, 0x53, 0x4b, 0x4a, 0x4a, 0x5a, 0x57, 0x5a, 0x58, 0x53, 0x44, 0x44, 0x58,
    0x4a, 0x53, 0x45, 0x45, 0x45, 0x47, 0x4a, 0x53, 0x43, 0x53, 0x53, 0x4d, 0x47, 0x43, 0x4c, 0x58, 0x58, 0x4b, 0x57, 0x57, 0x59, 0x4c, 0x4c, 0x59,
    0x4d, 0x57, 0x57, 0x57, 0x47, 0x59, 0x44, 0x4b, 0x5a, 0x4a, 0x47, 0x47, 0x47, 0x54, 0x47, 0x47, 0x53, 0x59, 0x43, 0x4b, 0x4e, 0x4a, 0x57, 0x4e,
    0x4a, 0x50, 0x43, 0x58, 0x42, 0x4a, 0x4a, 0x54, 0x51, 0x54, 0x4a, 0x57, 0x44, 0x53, 0x53, 0x50, 0x4a, 0x58, 0x5a, 0x58, 0x4e, 0x5a, 0x58, 0x57,
    0x4d, 0x45, 0x4c, 0x50, 0x54, 0x46, 0x53, 0x58, 0x54, 0x4c, 0x4c, 0x58, 0x43, 0x4c, 0x4a, 0x58, 0x4a, 0x4a, 0x4c, 0x4a, 0x53, 0x58, 0x43, 0x54,
    0x4e, 0x53, 0x57, 0x58, 0x4c, 0x45, 0x48, 0x48, 0x4c, 0x59, 0x51, 0x52, 0x57, 0x48, 0x53, 0x59, 0x43, 0x53, 0x51, 0x52, 0x59, 0x42, 0x59, 0x41,
    0x59, 0x57, 0x4a, 0x45, 0x4a, 0x51, 0x46, 0x57, 0x51, 0x43, 0x51, 0x51, 0x43, 0x4a, 0x51, 0x47, 0x58, 0x41, 0x4c, 0x44, 0x42, 0x5a, 0x5a, 0x59,
    0x4a, 0x47, 0x4b, 0x47, 0x58, 0x50, 0x4c, 0x54, 0x51, 0x59, 0x46, 0x58, 0x4a, 0x4c, 0x54, 0x50, 0x41, 0x44, 0x4b, 0x59, 0x51, 0x48, 0x50, 0x4d,
    0x41, 0x54, 0x4c, 0x43, 0x50, 0x44, 0x48, 0x4b, 0x58, 0x4d, 0x54, 0x58, 0x59, 0x42, 0x48, 0x42, 0x4c, 0x45, 0x46, 0x58, 0x44, 0x4c, 0x45, 0x45,
    0x47, 0x51, 0x44, 0x59, 0x4d, 0x53, 0x41, 0x57, 0x48, 0x5a, 0x4d, 0x4c, 0x4a, 0x54, 0x57, 0x59, 0x51, 0x58, 0x4c, 0x59, 0x4a, 0x5a, 0x4c, 0x4a,
    0x45, 0x45, 0x59, 0x58, 0x42, 0x51, 0x51, 0x46, 0x46, 0x4e, 0x4c, 0x59, 0x58, 0x52, 0x44, 0x53, 0x43, 0x54, 0x47, 0x4a, 0x47, 0x58, 0x59, 0x57,
    0x4c, 0x4b, 0x4c, 0x4c, 0x58, 0x51, 0x4b, 0x43, 0x43, 0x54, 0x4c, 0x48, 0x4a, 0x4c, 0x51, 0x4d, 0x4b, 0x4b, 0x5a, 0x47, 0x43, 0x59, 0x59, 0x47,
    0x4c, 0x4c, 0x4c, 0x4a, 0x44, 0x5a, 0x47, 0x59, 0x44, 0x48, 0x5a, 0x57, 0x58, 0x50, 0x59, 0x53, 0x4a, 0x42, 0x5a, 0x4b, 0x44, 0x5a, 0x47, 0x59,
    0x5a, 0x5a, 0x48, 0x59, 0x57, 0x59, 0x46, 0x51, 0x59, 0x54, 0x59, 0x5a, 0x53, 0x5a, 0x59, 0x45, 0x5a, 0x4b, 0x4c, 0x59, 0x4d, 0x48, 0x4a, 0x4a,
    0x48, 0x54, 0x53, 0x4d, 0x51, 0x57, 0x59, 0x5a, 0x4c, 0x4b, 0x59, 0x59, 0x57, 0x5a, 0x43, 0x53, 0x52, 0x4b, 0x51, 0x59, 0x51, 0x4c, 0x54, 0x44,
    0x58, 0x57, 0x43, 0x44, 0x52, 0x4a, 0x4b, 0x4c, 0x57, 0x53, 0x51, 0x5a, 0x57, 0x42, 0x44, 0x43, 0x51, 0x59, 0x4e, 0x43, 0x4a, 0x53, 0x52, 0x53,
    0x5a, 0x4a, 0x4c, 0x4b, 0x43, 0x44, 0x43, 0x44, 0x54, 0x4c, 0x5a, 0x5a, 0x5a, 0x41, 0x43, 0x51, 0x51, 0x43, 0x5a, 0x44, 0x44, 0x58, 0x59, 0x50,
    0x4c, 0x58, 0x43, 0x42, 0x51, 0x4a, 0x59, 0x4c, 0x5a, 0x4c, 0x4c, 0x4c, 0x4a, 0x44, 0x44, 0x5a, 0x4a, 0x47, 0x59, 0x4a, 0x59, 0x4a, 0x53, 0x59,
    0x58, 0x4e, 0x59, 0x59, 0x59, 0x4e, 0x58, 0x4a, 0x58, 0x4b, 0x58, 0x44, 0x41, 0x5a, 0x57, 0x59, 0x52, 0x44, 0x4c, 0x4a, 0x59, 0x59, 0x59, 0x52,
    0x4a, 0x4c, 0x47, 0x4c, 0x4c, 0x44, 0x52, 0x58, 0x4a, 0x43, 0x59, 0x4b, 0x59, 0x57, 0x4e, 0x51, 0x43, 0x43, 0x4c, 0x44, 0x44, 0x4e, 0x59, 0x59,
    0x59, 0x4b, 0x59, 0x43, 0x4b, 0x43, 0x5a, 0x48, 0x4a, 0x58, 0x43, 0x43, 0x4c, 0x47, 0x5a, 0x51, 0x4a, 0x47, 0x4a, 0x57, 0x50, 0x50, 0x43, 0x51,
    0x51, 0x4a, 0x59, 0x53, 0x42, 0x5a, 0x5a, 0x58, 0x59, 0x4a, 0x58, 0x4a, 0x42, 0x58, 0x4a, 0x46, 0x5a, 0x42, 0x53, 0x42, 0x44, 0x53, 0x46, 0x4e,
    0x53, 0x46, 0x50, 0x5a, 0x58, 0x48, 0x44, 0x57, 0x5a, 0x54, 0x44, 0x4d, 0x50, 0x50, 0x54, 0x42, 0x4c, 0x5a, 0x5a, 0x42, 0x5a, 0x44, 0x4d, 0x59,
    0x59, 0x50, 0x51, 0x4a, 0x52, 0x53, 0x44, 0x5a, 0x53, 0x51, 0x5a, 0x53, 0x51, 0x58, 0x42, 0x44, 0x47, 0x43, 0x50, 0x5a, 0x53, 0x57, 0x44, 0x57,
    0x43, 0x53, 0x51, 0x5a, 0x47, 0x4d, 0x44, 0x48, 0x5a, 0x58, 0x4d, 0x57, 0x57, 0x46, 0x59, 0x42, 0x50, 0x44, 0x47, 0x50, 0x48, 0x54, 0x4d, 0x4a,
    0x54, 0x48, 0x5a, 0x53, 0x4d, 0x4d, 0x42, 0x47, 0x5a, 0x4d, 0x42, 0x5a, 0x4a, 0x43, 0x46, 0x5a, 0x48, 0x46, 0x43, 0x42, 0x42, 0x5a, 0x4d, 0x51,
    0x43, 0x46, 0x4d, 0x42, 0x43, 0x4d, 0x43, 0x4a, 0x58, 0x4c, 0x47, 0x50, 0x4e, 0x4a, 0x42, 0x42, 0x58, 0x47, 0x59, 0x48, 0x59, 0x59, 0x4a, 0x47,
    0x50, 0x54, 0x5a, 0x47, 0x5a, 0x4d, 0x51, 0x42, 0x51, 0x44, 0x43, 0x47, 0x59, 0x42, 0x4a, 0x58, 0x4c, 0x57, 0x5a, 0x4b, 0x59, 0x44, 0x50, 0x44,
    0x59, 0x4d, 0x47, 0x43, 0x46, 0x54, 0x50, 0x46, 0x58, 0x59, 0x5a, 0x54, 0x5a, 0x58, 0x44, 0x5a, 0x58, 0x54, 0x47, 0x4b, 0x4d, 0x54, 0x59, 0x42,
    0x42, 0x43, 0x4c, 0x42, 0x4a, 0x41, 0x53, 0x4b, 0x59, 0x54, 0x53, 0x53, 0x51, 0x59, 0x59, 0x4d, 0x53, 0x43, 0x58, 0x46, 0x4a, 0x45, 0x57, 0x4c,
    0x53, 0x4c, 0x4c, 0x53, 0x5a, 0x42, 0x51, 0x4a, 0x4a, 0x4a, 0x41, 0x4b, 0x4c, 0x59, 0x4c, 0x44, 0x4c, 0x59, 0x43, 0x43, 0x54, 0x53, 0x58, 0x4d,
    0x43, 0x57, 0x46, 0x47, 0x4b, 0x4b, 0x42, 0x51, 0x58, 0x4c, 0x4c, 0x4c, 0x4c, 0x4a, 0x59, 0x58, 0x54, 0x59, 0x4c, 0x54, 0x59, 0x58, 0x59, 0x54,
    0x44, 0x50, 0x4a, 0x48, 0x4e, 0x48, 0x47, 0x4e, 0x4b, 0x42, 0x59, 0x51, 0x4e, 0x46, 0x4a, 0x59, 0x59, 0x5a, 0x42, 0x59, 0x59, 0x45, 0x53, 0x53,
    0x45, 0x53, 0x53, 0x47, 0x44, 0x59, 0x48, 0x46, 0x48, 0x57, 0x54, 0x43, 0x4a, 0x42, 0x53, 0x44, 0x5a, 0x4a, 0x54, 0x46, 0x44, 0x4d, 0x58, 0x48,
    0x43, 0x4e, 0x4a, 0x5a, 0x59, 0x4d, 0x51, 0x57, 0x53, 0x52, 0x58, 0x4a, 0x44, 0x5a, 0x4a, 0x51, 0x50, 0x44, 0x51, 0x42, 0x42, 0x53, 0x44, 0x4a,
    0x47, 0x47, 0x46, 0x42, 0x4b, 0x4a, 0x42, 0x58, 0x44, 0x47, 0x4a, 0x48, 0x4d, 0x47, 0x57, 0x4a, 0x4a, 0x4a, 0x47, 0x44, 0x4c, 0x4c, 0x54, 0x48,
    0x5a, 0x48, 0x48, 0x59, 0x59, 0x59, 0x59, 0x59, 0x59, 0x53, 0x58, 0x57, 0x54, 0x59, 0x59, 0x59, 0x43, 0x43, 0x42, 0x44, 0x42, 0x50, 0x59, 0x50,
    0x5a, 0x59, 0x43, 0x43, 0x5a, 0x54, 0x4a, 0x50, 0x5a, 0x59, 0x57, 0x43, 0x42, 0x44, 0x4c, 0x46, 0x57, 0x5a, 0x43, 0x57, 0x4a, 0x44, 0x58, 0x58,
    0x48, 0x59, 0x48, 0x4c, 0x48, 0x57, 0x43, 0x5a, 0x58, 0x4a, 0x54, 0x43, 0x5a, 0x4c, 0x43, 0x44, 0x50, 0x58, 0x44, 0x4a, 0x43, 0x5a, 0x43, 0x5a,
    0x4c, 0x59, 0x58, 0x4a, 0x4a, 0x53, 0x4a, 0x42, 0x48, 0x46, 0x58, 0x57, 0x50, 0x59, 0x57, 0x58, 0x5a, 0x50, 0x54, 0x44, 0x5a, 0x5a, 0x42, 0x44,
    0x43, 0x43, 0x4a, 0x48, 0x4a, 0x48, 0x4d, 0x4c, 0x58, 0x42, 0x51, 0x58, 0x58, 0x42, 0x59, 0x4c, 0x52, 0x44, 0x44, 0x47, 0x4a, 0x52, 0x52, 0x43,
    0x54, 0x54, 0x54, 0x47, 0x51, 0x53, 0x43, 0x5a, 0x57, 0x4d, 0x58, 0x46, 0x59, 0x54, 0x4d, 0x57, 0x5a, 0x43, 0x57, 0x4a, 0x57, 0x58, 0x4a, 0x59,
    0x57, 0x43, 0x53, 0x4b, 0x59, 0x42, 0x5a, 0x51, 0x43, 0x43, 0x54, 0x54, 0x51, 0x4e, 0x48, 0x58, 0x4e, 0x4b, 0x58, 0x58, 0x4b, 0x48, 0x4b, 0x46,
    0x48, 0x54, 0x53, 0x57, 0x4f, 0x43, 0x43, 0x4a, 0x59, 0x42, 0x43, 0x4d, 0x50, 0x5a, 0x5a, 0x59, 0x4a, 0x42, 0x4e, 0x4e, 0x5a, 0x50, 0x42, 0x54,
    0x48, 0x48, 0x4a, 0x44, 0x4c, 0x53, 0x43, 0x44, 0x44, 0x59, 0x54, 0x59, 0x46, 0x4a, 0x50, 0x58, 0x59, 0x4e, 0x47, 0x46, 0x58, 0x42, 0x59, 0x51,
    0x58, 0x43, 0x42, 0x48, 0x58, 0x43, 0x42, 0x53, 0x58, 0x54, 0x59, 0x5a, 0x44, 0x4d, 0x5a, 0x59, 0x53, 0x4e, 0x58, 0x53, 0x58, 0x4c, 0x48, 0x4b,
    0x4d, 0x5a, 0x58, 0x4c, 0x54, 0x48, 0x44, 0x48, 0x4b, 0x47, 0x48, 0x58, 0x4a, 0x53, 0x53, 0x48, 0x51, 0x59, 0x48, 0x48, 0x43, 0x4a, 0x59, 0x58,
    0x47, 0x4c, 0x48, 0x5a, 0x58, 0x43, 0x53, 0x4e, 0x48, 0x45, 0x4b, 0x44, 0x54, 0x47, 0x51, 0x58, 0x51, 0x59, 0x50, 0x4b, 0x44, 0x48, 0x45, 0x58,
    0x54, 0x59, 0x4b, 0x43, 0x4e, 0x59, 0x4d, 0x59, 0x59, 0x59, 0x50, 0x4b, 0x51, 0x59, 0x59, 0x54, 0x4a, 0x58, 0x5a, 0x4c, 0x54, 0x48, 0x48, 0x51,
    0x54, 0x42, 0x59, 0x51, 0x48, 0x58, 0x42, 0x4d, 0x59, 0x48, 0x53, 0x51, 0x43, 0x4b, 0x57, 0x57, 0x59, 0x4c, 0x4c, 0x48, 0x43, 0x59, 0x59, 0x4c,
    0x4e, 0x4e, 0x45, 0x51, 0x58, 0x51, 0x57, 0x4d, 0x43, 0x46, 0x42, 0x44, 0x43, 0x43, 0x4d, 0x4c, 0x4a, 0x47, 0x47, 0x58, 0x44, 0x51, 0x4b, 0x54,
    0x4c, 0x58, 0x4b, 0x47, 0x4e, 0x51, 0x43, 0x44, 0x47, 0x5a, 0x4a, 0x57, 0x59, 0x4a, 0x4a, 0x4c, 0x59, 0x48, 0x48, 0x51, 0x54, 0x54, 0x54, 0x4e,
    0x57, 0x43, 0x48, 0x48, 0x58, 0x43, 0x58, 0x57, 0x48, 0x45, 0x53, 0x5a, 0x4a, 0x59, 0x44, 0x4a, 0x43, 0x43, 0x44, 0x42, 0x51, 0x43, 0x44, 0x47,
    0x44, 0x4e, 0x59, 0x58, 0x5a, 0x44, 0x48, 0x43, 0x51, 0x52, 0x58, 0x43, 0x42, 0x4d, 0x5a, 0x54, 0x51, 0x43, 0x42, 0x58, 0x57, 0x47, 0x51, 0x57,
    0x59, 0x59, 0x42, 0x58, 0x48, 0x4d, 0x42, 0x59, 0x4d, 0x59, 0x4b, 0x44, 0x59, 0x45, 0x43, 0x4d, 0x51, 0x4b, 0x59, 0x41, 0x51, 0x59, 0x4e, 0x47,
    0x59, 0x5a, 0x53, 0x4c, 0x46, 0x59, 0x4b, 0x4b, 0x51, 0x47, 0x59, 0x53, 0x53, 0x51, 0x59, 0x53, 0x48, 0x4a, 0x47, 0x4a, 0x43, 0x4e, 0x58, 0x4b,
    0x5a, 0x59, 0x43, 0x58, 0x53, 0x42, 0x4b, 0x59, 0x58, 0x48, 0x59, 0x59, 0x4c, 0x53, 0x54, 0x59, 0x43, 0x58, 0x51, 0x54, 0x48, 0x59, 0x53, 0x4d,
    0x47, 0x53, 0x43, 0x50, 0x4d, 0x4d, 0x47, 0x43, 0x43, 0x43, 0x43, 0x43, 0x4d, 0x54, 0x5a, 0x54, 0x41, 0x53, 0x4d, 0x47, 0x51, 0x5a, 0x4a, 0x48,
    0x4b, 0x4c, 0x4f, 0x53, 0x51, 0x59, 0x4c, 0x53, 0x57, 0x54, 0x4d, 0x51, 0x53, 0x59, 0x51, 0x4b, 0x44, 0x5a, 0x4c, 0x4a, 0x51, 0x51, 0x59, 0x50,
    0x4c, 0x43, 0x59, 0x43, 0x5a, 0x54, 0x43, 0x51, 0x51, 0x50, 0x42, 0x42, 0x51, 0x4a, 0x5a, 0x43, 0x4c, 0x50, 0x4b, 0x48, 0x51, 0x43, 0x59, 0x59,
    0x58, 0x58, 0x44, 0x54, 0x44, 0x44, 0x44, 0x53, 0x4a, 0x43, 0x58, 0x46, 0x46, 0x4c, 0x4c, 0x43, 0x48, 0x51, 0x58, 0x4d, 0x4a, 0x4c, 0x57, 0x43,
    0x4a, 0x43, 0x58, 0x54, 0x53, 0x50, 0x59, 0x43, 0x58, 0x4e, 0x44, 0x54, 0x4a, 0x53, 0x48, 0x4a, 0x57, 0x58, 0x44, 0x51, 0x51, 0x4a, 0x43, 0x4b,
    0x58, 0x59, 0x41, 0x4d, 0x59, 0x4c, 0x53, 0x4a, 0x48, 0x4d, 0x4c, 0x41, 0x4c, 0x59, 0x4b, 0x58, 0x43, 0x59, 0x59, 0x44, 0x4d, 0x41, 0x4d, 0x44,
    0x51, 0x4d, 0x4c, 0x4d, 0x43, 0x5a, 0x4e, 0x4e, 0x59, 0x59, 0x42, 0x5a, 0x4b, 0x4b, 0x59, 0x46, 0x4c, 0x4d, 0x43, 0x48, 0x43, 0x4d, 0x4c, 0x48,
    0x58, 0x52, 0x43, 0x4a, 0x4a, 0x48, 0x53, 0x59, 0x4c, 0x4e, 0x4d, 0x54, 0x4a, 0x47, 0x47, 0x5a, 0x47, 0x59, 0x57, 0x4a, 0x58, 0x53, 0x52, 0x58,
    0x43, 0x57, 0x4a, 0x47, 0x4a, 0x51, 0x48, 0x51, 0x5a, 0x44, 0x51, 0x4a, 0x44, 0x5a, 0x4a, 0x4a, 0x5a, 0x4b, 0x4a, 0x4b, 0x47, 0x44, 0x5a, 0x51,
    0x47, 0x4a, 0x4a, 0x59, 0x4a, 0x59, 0x4c, 0x48, 0x5a, 0x58, 0x58, 0x43, 0x44, 0x51, 0x48, 0x48, 0x48, 0x45, 0x53, 0x54, 0x4d, 0x48, 0x4c, 0x46,
    0x53, 0x42, 0x44, 0x4a, 0x53, 0x59, 0x59, 0x53, 0x48, 0x46, 0x59, 0x53, 0x53, 0x43, 0x5a, 0x51, 0x4c, 0x50, 0x42, 0x44, 0x52, 0x46, 0x52, 0x5a,
    0x54, 0x5a, 0x44, 0x4b, 0x59, 0x4b, 0x48, 0x53, 0x43, 0x54, 0x47, 0x4b, 0x57, 0x44, 0x51, 0x5a, 0x52, 0x4b, 0x4d, 0x53, 0x59, 0x4e, 0x42, 0x43,
    0x52, 0x58, 0x51, 0x42, 0x4a, 0x59, 0x46, 0x41, 0x58, 0x50, 0x5a, 0x5a, 0x45, 0x44, 0x5a, 0x43, 0x4a, 0x59, 0x4b, 0x42, 0x43, 0x4a, 0x57, 0x48,
    0x59, 0x4a, 0x42, 0x51, 0x44, 0x5a, 0x59, 0x57, 0x4e, 0x59, 0x53, 0x5a, 0x50, 0x54, 0x44, 0x4b, 0x5a, 0x50, 0x46, 0x50, 0x42, 0x41, 0x5a, 0x54,
    0x4b, 0x4c, 0x51, 0x59, 0x48, 0x42, 0x42, 0x5a, 0x50, 0x4e, 0x42, 0x50, 0x54, 0x59, 0x5a, 0x5a, 0x59, 0x42, 0x48, 0x4e, 0x59, 0x44, 0x43, 0x50,
    0x4a, 0x4d, 0x4d, 0x43, 0x59, 0x43, 0x51, 0x4d, 0x43, 0x4a, 0x46, 0x5a, 0x5a, 0x44, 0x43, 0x4d, 0x4e, 0x4c, 0x46, 0x50, 0x42, 0x50, 0x4c, 0x4e,
    0x47, 0x51, 0x4a, 0x54, 0x42, 0x54, 0x54, 0x41, 0x4a, 0x5a, 0x50, 0x5a, 0x42, 0x42, 0x44, 0x4e, 0x4a, 0x4b, 0x4c, 0x4a, 0x51, 0x59, 0x4c, 0x4e,
    0x42, 0x5a, 0x51, 0x48, 0x4b, 0x53, 0x4a, 0x5a, 0x4e, 0x47, 0x47, 0x51, 0x53, 0x43, 0x5a, 0x4b, 0x59, 0x58, 0x43, 0x48, 0x50, 0x5a, 0x53, 0x4e,
    0x42, 0x43, 0x47, 0x5a, 0x4b, 0x44, 0x44, 0x5a, 0x51, 0x41, 0x4e, 0x5a, 0x47, 0x4a, 0x4b, 0x44, 0x4e, 0x54, 0x4c, 0x5a, 0x4c, 0x44, 0x57, 0x4a,
    0x4c, 0x4a, 0x5a, 0x4c, 0x59, 0x57, 0x54, 0x58, 0x4e, 0x44, 0x4a, 0x5a, 0x4a, 0x48, 0x58, 0x59, 0x41, 0x54, 0x4e, 0x43, 0x42, 0x47, 0x54, 0x5a,
    0x43, 0x53, 0x53, 0x4b, 0x4d, 0x4e, 0x4a, 0x50, 0x4a, 0x59, 0x54, 0x53, 0x52, 0x57, 0x58, 0x43, 0x46, 0x4a, 0x57, 0x4a, 0x4a, 0x54, 0x4b, 0x48,
    0x54, 0x5a, 0x50, 0x4c, 0x42, 0x48, 0x53, 0x4e, 0x4a, 0x5a, 0x53, 0x59, 0x4a, 0x42, 0x57, 0x42, 0x5a, 0x59, 0x5a, 0x4c, 0x53, 0x54, 0x4c, 0x53,
    0x42, 0x4a, 0x48, 0x44, 0x57, 0x57, 0x51, 0x50, 0x53, 0x4c, 0x4d, 0x4d, 0x46, 0x42, 0x4a, 0x44, 0x57, 0x41, 0x4a, 0x59, 0x5a, 0x43, 0x43, 0x4a,
    0x54, 0x42, 0x4e, 0x4e, 0x52, 0x5a, 0x57, 0x51, 0x58, 0x43, 0x44, 0x53, 0x4c, 0x51, 0x47, 0x44, 0x53, 0x44, 0x50, 0x44, 0x5a, 0x48, 0x4a, 0x54,
    0x51, 0x51, 0x50, 0x53, 0x51, 0x4c, 0x59, 0x59, 0x4a, 0x5a, 0x4c, 0x47, 0x59, 0x48, 0x59, 0x5a, 0x4c, 0x43, 0x54, 0x43, 0x42, 0x4a, 0x54, 0x4b,
    0x54, 0x59, 0x43, 0x5a, 0x4a, 0x54, 0x51, 0x4b, 0x42, 0x50, 0x4a, 0x4c, 0x47, 0x4d, 0x4a, 0x5a, 0x44, 0x4d, 0x43, 0x53, 0x47, 0x50, 0x59, 0x4e,
    0x4a, 0x5a, 0x4a, 0x4a, 0x59, 0x59, 0x4b, 0x4e, 0x48, 0x52, 0x50, 0x57, 0x53, 0x5a, 0x58, 0x4d, 0x54, 0x4e, 0x43, 0x53, 0x5a, 0x5a, 0x59, 0x58,
    0x59, 0x42, 0x59, 0x48, 0x59, 0x5a, 0x41, 0x58, 0x59, 0x57, 0x4b, 0x43, 0x4a, 0x54, 0x4c, 0x4c, 0x43, 0x4b, 0x4a, 0x4a, 0x54, 0x4a, 0x48, 0x47,
    0x43, 0x58, 0x44, 0x58, 0x59, 0x51, 0x59, 0x43, 0x5a, 0x42, 0x59, 0x57, 0x42, 0x4c, 0x57, 0x51, 0x43, 0x47, 0x4c, 0x5a, 0x47, 0x4a, 0x47, 0x51,
    0x52, 0x51, 0x43, 0x43, 0x5a, 0x53, 0x53, 0x42, 0x43, 0x52, 0x42, 0x43, 0x53, 0x4b, 0x59, 0x44, 0x5a, 0x4e, 0x4c, 0x4a, 0x53, 0x51, 0x47, 0x58,
    0x53, 0x53, 0x4a, 0x4d, 0x45, 0x43, 0x4e, 0x53, 0x54, 0x5a, 0x54, 0x50, 0x42, 0x44, 0x4c, 0x54, 0x48, 0x5a, 0x57, 0x48, 0x51, 0x57, 0x51, 0x54,
    0x5a, 0x45, 0x58, 0x4e, 0x51, 0x43, 0x5a, 0x47, 0x57, 0x45, 0x53, 0x4b, 0x53, 0x53, 0x42, 0x59, 0x42, 0x53, 0x54, 0x53, 0x43, 0x53, 0x4a, 0x43,
    0x43, 0x47, 0x42, 0x46, 0x53, 0x44, 0x51, 0x53, 0x5a, 0x4c, 0x43, 0x43, 0x47, 0x4c, 0x4c, 0x4c, 0x5a, 0x47, 0x48, 0x5a, 0x43, 0x54, 0x48, 0x43,
    0x4e, 0x4d, 0x4a, 0x47, 0x59, 0x5a, 0x41, 0x5a, 0x4e, 0x4d, 0x43, 0x4b, 0x43, 0x53, 0x54, 0x4a, 0x4d, 0x4d, 0x5a, 0x43, 0x4b, 0x42, 0x4a, 0x59,
    0x47, 0x51, 0x4c, 0x4a, 0x59, 0x4a, 0x50, 0x50, 0x4c, 0x44, 0x58, 0x52, 0x47, 0x5a, 0x59, 0x58, 0x43, 0x43, 0x53, 0x4e, 0x48, 0x53, 0x48, 0x47,
    0x44, 0x5a, 0x4e, 0x4c, 0x5a, 0x48, 0x5a, 0x4a, 0x4a, 0x43, 0x44, 0x44, 0x43, 0x42, 0x43, 0x4a, 0x46, 0x4c, 0x42, 0x46, 0x51, 0x42, 0x43, 0x5a,
    0x5a, 0x57, 0x50, 0x51, 0x44, 0x4e, 0x48, 0x58, 0x4c, 0x4a, 0x43, 0x54, 0x48, 0x51, 0x57, 0x4a, 0x47, 0x59, 0x4c, 0x4e, 0x4c, 0x53, 0x5a, 0x5a,
    0x50, 0x43, 0x4a, 0x44, 0x53, 0x43, 0x51, 0x51, 0x48, 0x4a, 0x51, 0x4b, 0x44, 0x58, 0x4b, 0x50, 0x42, 0x41, 0x4a, 0x59, 0x45, 0x4d, 0x53, 0x4d,
    0x4a, 0x54, 0x5a, 0x44, 0x58, 0x4c, 0x43, 0x4a, 0x59, 0x52, 0x59, 0x59, 0x4e, 0x57, 0x4a, 0x42, 0x4e, 0x47, 0x5a, 0x5a, 0x4b, 0x4d, 0x4a, 0x58,
    0x4c, 0x54, 0x42, 0x53, 0x4c, 0x4c, 0x52, 0x54, 0x50, 0x59, 0x4c, 0x43, 0x53, 0x5a, 0x4e, 0x58, 0x4a, 0x48, 0x4c, 0x4c, 0x48, 0x59, 0x4c, 0x4c,
    0x51, 0x51, 0x5a, 0x51, 0x4c, 0x58, 0x59, 0x4d, 0x52, 0x43, 0x57, 0x43, 0x58, 0x53, 0x4c, 0x4a, 0x4d, 0x43, 0x5a, 0x4c, 0x54, 0x5a, 0x4c, 0x44,
    0x57, 0x44, 0x4a, 0x4a, 0x4c, 0x4c, 0x4e, 0x5a, 0x47, 0x47, 0x51, 0x58, 0x50, 0x50, 0x53, 0x4b, 0x59, 0x47, 0x59, 0x47, 0x47, 0x42, 0x46, 0x5a,
    0x50, 0x44, 0x4b, 0x4d, 0x57, 0x47, 0x48, 0x43, 0x58, 0x4d, 0x43, 0x47, 0x44, 0x58, 0x4a, 0x4d, 0x43, 0x4a, 0x53, 0x44, 0x59, 0x43, 0x41, 0x42,
    0x58, 0x4a, 0x44, 0x4c, 0x4e, 0x42, 0x43, 0x44, 0x44, 0x59, 0x47, 0x53, 0x4b, 0x59, 0x44, 0x4a, 0x54, 0x58, 0x44, 0x4a, 0x4a, 0x59, 0x58, 0x4d,
    0x53, 0x41, 0x51, 0x41, 0x5a, 0x44, 0x5a, 0x46, 0x53, 0x4c, 0x51, 0x58, 0x59, 0x4a, 0x53, 0x4a, 0x5a, 0x59, 0x4c, 0x42, 0x4c, 0x58, 0x58, 0x57,
    0x58, 0x51, 0x51, 0x5a, 0x42, 0x4a, 0x5a, 0x4c, 0x46, 0x42, 0x42, 0x4c, 0x59, 0x4c, 0x57, 0x44, 0x53, 0x4c, 0x4a, 0x48, 0x58, 0x4a, 0x59, 0x5a,
    0x4a, 0x57, 0x54, 0x44, 0x4a, 0x43, 0x59, 0x46, 0x51, 0x5a, 0x51, 0x5a, 0x5a, 0x44, 0x43, 0x53, 0x58, 0x5a, 0x5a, 0x51, 0x4c, 0x5a, 0x43, 0x44,
    0x5a, 0x46, 0x43, 0x48, 0x59, 0x53, 0x50, 0x59, 0x4d, 0x50, 0x51, 0x5a, 0x4d, 0x4c, 0x50, 0x50, 0x4c, 0x46, 0x46, 0x58, 0x4a, 0x4a, 0x4e, 0x5a,
    0x5a, 0x59, 0x4c, 0x53, 0x4a, 0x59, 0x59, 0x51, 0x5a, 0x46, 0x50, 0x46, 0x5a, 0x4b, 0x53, 0x59, 0x57, 0x4a, 0x4a, 0x4a, 0x48, 0x52, 0x44, 0x4a,
    0x5a, 0x5a, 0x58, 0x54, 0x58, 0x58, 0x47, 0x4c, 0x47, 0x48, 0x54, 0x44, 0x58, 0x43, 0x53, 0x4b, 0x59, 0x53, 0x57, 0x4d, 0x4d, 0x54, 0x43, 0x57,
    0x59, 0x42, 0x41, 0x5a, 0x42, 0x4a, 0x4b, 0x53, 0x48, 0x46, 0x48, 0x47, 0x43, 0x58, 0x4d, 0x48, 0x46, 0x51, 0x48, 0x59, 0x58, 0x58, 0x59, 0x5a,
    0x46, 0x54, 0x53, 0x4a, 0x59, 0x5a, 0x42, 0x58, 0x59, 0x58, 0x50, 0x5a, 0x4c, 0x43, 0x48, 0x4d, 0x5a, 0x4d, 0x42, 0x58, 0x48, 0x5a, 0x5a, 0x53,
    0x53, 0x59, 0x46, 0x44, 0x4d, 0x4e, 0x43, 0x57, 0x44, 0x41, 0x42, 0x41, 0x5a, 0x4c, 0x58, 0x4b, 0x54, 0x43, 0x53, 0x48, 0x48, 0x58, 0x4b, 0x58,
    0x4a, 0x4a, 0x5a, 0x4a, 0x53, 0x54, 0x48, 0x59, 0x47, 0x58, 0x53, 0x58, 0x59, 0x59, 0x48, 0x48, 0x48, 0x4a, 0x57, 0x58, 0x4b, 0x5a, 0x58, 0x43,
    0x53, 0x42, 0x5a, 0x5a, 0x57, 0x57, 0x48, 0x48, 0x43, 0x57, 0x54, 0x5a, 0x5a, 0x5a, 0x50, 0x4a, 0x58, 0x53, 0x4e, 0x58, 0x51, 0x51, 0x4a, 0x47,
    0x5a, 0x59, 0x5a, 0x41, 0x57, 0x4c, 0x4c, 0x43, 0x57, 0x58, 0x5a, 0x46, 0x58, 0x47, 0x59, 0x58, 0x59, 0x48, 0x58, 0x4d, 0x4b, 0x59, 0x59, 0x53,
    0x57, 0x53, 0x51, 0x4d, 0x4e, 0x4a, 0x4e, 0x41, 0x59, 0x43, 0x59, 0x53, 0x50, 0x4d, 0x4a, 0x4b, 0x47, 0x57, 0x43, 0x51, 0x48, 0x59, 0x4c, 0x41,
    0x4a, 0x4a, 0x4d, 0x5a, 0x58, 0x48, 0x4d, 0x4d, 0x43, 0x4e, 0x5a, 0x48, 0x42, 0x48, 0x58, 0x43, 0x4c, 0x58, 0x54, 0x4a, 0x50, 0x4c, 0x54, 0x58,
    0x59, 0x4a, 0x48, 0x44, 0x59, 0x59, 0x4c, 0x54, 0x54, 0x58, 0x46, 0x53, 0x5a, 0x48, 0x59, 0x58, 0x58, 0x53, 0x4a, 0x42, 0x4a, 0x59, 0x41, 0x59,
    0x52, 0x53, 0x4d, 0x58, 0x59, 0x50, 0x4c, 0x43, 0x4b, 0x44, 0x4c, 0x59, 0x48, 0x4c, 0x58, 0x52, 0x4c, 0x4e, 0x4c, 0x4c, 0x53, 0x54, 0x59, 0x5a,
    0x59, 0x59, 0x51, 0x59, 0x47, 0x59, 0x48, 0x48, 0x53, 0x43, 0x43, 0x53, 0x4d, 0x43, 0x43, 0x54, 0x5a, 0x43, 0x58, 0x48, 0x59, 0x51, 0x46, 0x50,
    0x59, 0x59, 0x52, 0x50, 0x46, 0x46, 0x4c, 0x46, 0x51, 0x54, 0x4e, 0x54, 0x53, 0x5a, 0x4c, 0x4c, 0x5a, 0x4d, 0x48, 0x57, 0x54, 0x43, 0x4a, 0x51,
    0x59, 0x5a, 0x57, 0x54, 0x4c, 0x4c, 0x4d, 0x4c, 0x4d, 0x44, 0x57, 0x4d, 0x42, 0x5a, 0x53, 0x53, 0x4d, 0x5a, 0x52, 0x42, 0x50, 0x44, 0x44, 0x44,
    0x4c, 0x47, 0x4a, 0x4a, 0x42, 0x58, 0x43, 0x43, 0x53, 0x52, 0x5a, 0x51, 0x51, 0x59, 0x47, 0x57, 0x43, 0x53, 0x58, 0x46, 0x57, 0x5a, 0x4c, 0x58,
    0x43, 0x43, 0x52, 0x42, 0x54, 0x44, 0x5a, 0x4d, 0x43, 0x59, 0x47, 0x47, 0x44, 0x4c, 0x51, 0x53, 0x47, 0x54, 0x4a, 0x4d, 0x57, 0x4c, 0x4a, 0x4d,
    0x59, 0x4d, 0x4d, 0x53, 0x59, 0x48, 0x46, 0x42, 0x4a, 0x44, 0x47, 0x59, 0x58, 0x43, 0x43, 0x50, 0x53, 0x48, 0x58, 0x43, 0x5a, 0x43, 0x53, 0x42,
    0x53, 0x4a, 0x57, 0x4a, 0x47, 0x4a, 0x4d, 0x50, 0x42, 0x57, 0x41, 0x46, 0x46, 0x59, 0x46, 0x4e, 0x58, 0x48, 0x59, 0x44, 0x58, 0x5a, 0x59, 0x4c,
    0x52, 0x45, 0x4d, 0x5a, 0x47, 0x5a, 0x43, 0x59, 0x48, 0x53, 0x53, 0x5a, 0x44, 0x4c, 0x4c, 0x4a, 0x43, 0x53, 0x51, 0x46, 0x5a, 0x58, 0x58, 0x4b,
    0x50, 0x54, 0x58, 0x5a, 0x47, 0x58, 0x4a, 0x4a, 0x47, 0x42, 0x4d, 0x59, 0x59, 0x59, 0x53, 0x4e, 0x42, 0x54, 0x59, 0x4c, 0x42, 0x4e, 0x4c, 0x48,
    0x42, 0x46, 0x5a, 0x44, 0x43, 0x59, 0x46, 0x42, 0x4d, 0x47, 0x51, 0x52, 0x52, 0x4d, 0x53, 0x53, 0x5a, 0x58, 0x59, 0x53, 0x47, 0x54, 0x5a, 0x4e,
    0x4e, 0x59, 0x44, 0x5a, 0x5a, 0x43, 0x44, 0x47, 0x42, 0x4a, 0x41, 0x46, 0x4a, 0x42, 0x44, 0x4b, 0x4e, 0x5a, 0x42, 0x4c, 0x43, 0x53, 0x53, 0x5a,
    0x50, 0x53, 0x47, 0x5a, 0x59, 0x43, 0x4a, 0x53, 0x5a, 0x4c, 0x4d, 0x4c, 0x52, 0x5a, 0x5a, 0x42, 0x5a, 0x5a, 0x4c, 0x44, 0x4c, 0x53, 0x4c, 0x4c,
    0x59, 0x53, 0x58, 0x53, 0x51, 0x5a, 0x51, 0x4c, 0x59, 0x58, 0x5a, 0x4c, 0x53, 0x47, 0x4b, 0x42, 0x52, 0x58, 0x42, 0x52, 0x42, 0x5a, 0x43, 0x59,
    0x43, 0x58, 0x5a, 0x4a, 0x5a, 0x45, 0x45, 0x59, 0x46, 0x47, 0x4b, 0x4c, 0x5a, 0x4c, 0x59, 0x59, 0x48, 0x47, 0x59, 0x53, 0x47, 0x5a, 0x4c, 0x46,
    0x4a, 0x48, 0x47, 0x54, 0x47, 0x57, 0x4b, 0x52, 0x41, 0x41, 0x4a, 0x59, 0x5a, 0x4b, 0x5a, 0x51, 0x54, 0x53, 0x53, 0x48, 0x4a, 0x4a, 0x58, 0x44,
    0x5a, 0x59, 0x5a, 0x00, 0x59, 0x4a, 0x4c, 0x5a, 0x59, 0x52, 0x5a, 0x44, 0x51, 0x51, 0x48, 0x47, 0x4a, 0x5a, 0x58, 0x53, 0x53, 0x5a, 0x42, 0x54,
    0x4b, 0x4a, 0x50, 0x42, 0x46, 0x52, 0x54, 0x4a, 0x58, 0x4c, 0x4c, 0x46, 0x51, 0x57, 0x4a, 0x47, 0x53, 0x4c, 0x51, 0x54, 0x59, 0x4d, 0x42, 0x4c,
    0x50, 0x5a, 0x44, 0x58, 0x54, 0x5a, 0x41, 0x47, 0x42, 0x44, 0x48, 0x5a, 0x5a, 0x52, 0x42, 0x47, 0x4a, 0x48, 0x57, 0x4e, 0x4a, 0x54, 0x4a, 0x58,
    0x4c, 0x48, 0x53, 0x43, 0x46, 0x53, 0x4d, 0x57, 0x4c, 0x4c, 0x44, 0x51, 0x59, 0x53, 0x4a, 0x54, 0x58, 0x4b, 0x5a, 0x53, 0x43, 0x46, 0x57, 0x4a,
    0x4c, 0x42, 0x58, 0x46, 0x54, 0x5a, 0x4c, 0x4c, 0x4a, 0x5a, 0x4c, 0x4c, 0x51, 0x42, 0x4c, 0x43, 0x51, 0x4d, 0x51, 0x51, 0x43, 0x47, 0x43, 0x44,
    0x46, 0x50, 0x42, 0x42, 0x48, 0x5a, 0x43, 0x5a, 0x4a, 0x4c, 0x50, 0x59, 0x59, 0x47, 0x4a, 0x44, 0x54, 0x47, 0x57, 0x44, 0x43, 0x46, 0x43, 0x5a,
    0x51, 0x59, 0x59, 0x59, 0x51, 0x59, 0x53, 0x52, 0x43, 0x4c, 0x51, 0x5a, 0x46, 0x4b, 0x4c, 0x5a, 0x5a, 0x5a, 0x47, 0x46, 0x46, 0x53, 0x51, 0x4e,
    0x57, 0x47, 0x4c, 0x48, 0x4a, 0x59, 0x43, 0x4a, 0x4a, 0x43, 0x5a, 0x4c, 0x51, 0x5a, 0x5a, 0x59, 0x4a, 0x42, 0x4a, 0x5a, 0x5a, 0x42, 0x50, 0x44,
    0x43, 0x43, 0x4d, 0x48, 0x4a, 0x47, 0x58, 0x44, 0x51, 0x44, 0x47, 0x44, 0x4c, 0x5a, 0x51, 0x4d, 0x46, 0x47, 0x50, 0x53, 0x59, 0x54, 0x53, 0x44,
    0x59, 0x46, 0x57, 0x57, 0x44, 0x4a, 0x5a, 0x4a, 0x59, 0x53, 0x58, 0x59, 0x59, 0x43, 0x4a, 0x43, 0x59, 0x48, 0x5a, 0x57, 0x50, 0x42, 0x59, 0x48,
    0x58, 0x52, 0x59, 0x4c, 0x59, 0x42, 0x48, 0x4b, 0x4a, 0x4b, 0x53, 0x46, 0x58, 0x54, 0x5a, 0x4a, 0x4d, 0x4d, 0x43, 0x48, 0x48, 0x4c, 0x4c, 0x54,
    0x4e, 0x59, 0x59, 0x4d, 0x53, 0x58, 0x58, 0x59, 0x5a, 0x50, 0x44, 0x4a, 0x4a, 0x59, 0x43, 0x44, 0x59, 0x5a, 0x57, 0x4d, 0x54, 0x4a, 0x4a, 0x4b,
    0x51, 0x59, 0x52, 0x48, 0x4c, 0x4c, 0x51, 0x58, 0x50, 0x53, 0x47, 0x54, 0x4c, 0x57, 0x59, 0x43, 0x4c, 0x4a, 0x53, 0x43, 0x42, 0x58, 0x4a, 0x59,
    0x5a, 0x46, 0x4e, 0x4d, 0x4c, 0x52, 0x47, 0x4a, 0x4a, 0x54, 0x59, 0x5a, 0x42, 0x53, 0x59, 0x5a, 0x4d, 0x53, 0x4a, 0x59, 0x4a, 0x48, 0x47, 0x46,
    0x5a, 0x51, 0x4d, 0x53, 0x59, 0x58, 0x52, 0x53, 0x5a, 0x43, 0x57, 0x54, 0x4c, 0x52, 0x54, 0x51, 0x5a, 0x53, 0x53, 0x54, 0x4b, 0x58, 0x47, 0x51,
    0x47, 0x47, 0x53, 0x50, 0x54, 0x47, 0x43, 0x44, 0x4e, 0x4a, 0x53, 0x47, 0x43, 0x51, 0x43, 0x51, 0x48, 0x4d, 0x58, 0x47, 0x47, 0x5a, 0x54, 0x51,
    0x59, 0x44, 0x4a, 0x4b, 0x5a, 0x44, 0x4c, 0x42, 0x5a, 0x53, 0x58, 0x4a, 0x4c, 0x48, 0x59, 0x51, 0x47, 0x47, 0x47, 0x54, 0x48, 0x51, 0x53, 0x43,
    0x50, 0x59, 0x48, 0x4a, 0x48, 0x48, 0x47, 0x4e, 0x59, 0x47, 0x4b, 0x47, 0x47, 0x43, 0x4d, 0x4a, 0x44, 0x5a, 0x4c, 0x4c, 0x43, 0x43, 0x4c, 0x58,
    0x51, 0x53, 0x46, 0x54, 0x47, 0x5a, 0x53, 0x4c, 0x4c, 0x4c, 0x4d, 0x4c, 0x43, 0x53, 0x4b, 0x43, 0x54, 0x42, 0x4c, 0x4a, 0x5a, 0x5a, 0x53, 0x5a,
    0x4d, 0x4d, 0x4e, 0x59, 0x54, 0x50, 0x5a, 0x53, 0x58, 0x51, 0x48, 0x4a, 0x43, 0x4a, 0x59, 0x51, 0x58, 0x59, 0x45, 0x58, 0x5a, 0x51, 0x5a, 0x43,
    0x50, 0x53, 0x48, 0x4b, 0x5a, 0x5a, 0x59, 0x53, 0x58, 0x43, 0x44, 0x46, 0x47, 0x4d, 0x57, 0x51, 0x52, 0x4c, 0x4c, 0x51, 0x58, 0x52, 0x46, 0x5a,
    0x54, 0x4c, 0x59, 0x53, 0x44, 0x43, 0x54, 0x4d, 0x4a, 0x43, 0x53, 0x4a, 0x4a, 0x44, 0x48, 0x4a, 0x4e, 0x58, 0x54, 0x4e, 0x52, 0x5a, 0x54, 0x5a,
    0x46, 0x51, 0x52, 0x48, 0x51, 0x47, 0x4c, 0x4c, 0x47, 0x43, 0x58, 0x53, 0x5a, 0x53, 0x4a, 0x44, 0x4a, 0x4c, 0x4a, 0x43, 0x59, 0x54, 0x53, 0x4a,
    0x54, 0x4c, 0x4e, 0x59, 0x58, 0x48, 0x53, 0x5a, 0x58, 0x43, 0x47, 0x4a, 0x5a, 0x59, 0x51, 0x50, 0x59, 0x4c, 0x46, 0x48, 0x44, 0x4a, 0x53, 0x42,
    0x50, 0x43, 0x43, 0x5a, 0x47, 0x4a, 0x4a, 0x4a, 0x51, 0x5a, 0x4a, 0x51, 0x44, 0x59, 0x42, 0x53, 0x53, 0x4c, 0x4c, 0x43, 0x4d, 0x59, 0x54, 0x54,
    0x4d, 0x51, 0x54, 0x42, 0x48, 0x4a, 0x51, 0x4e, 0x4e, 0x59, 0x47, 0x4b, 0x59, 0x4e, 0x51, 0x59, 0x51, 0x4d, 0x5a, 0x47, 0x43, 0x4a, 0x4b, 0x50,
    0x44, 0x43, 0x47, 0x4d, 0x59, 0x5a, 0x48, 0x51, 0x4c, 0x4c, 0x53, 0x4c, 0x4c, 0x43, 0x4c, 0x4d, 0x48, 0x4f, 0x4c, 0x5a, 0x47, 0x44, 0x59, 0x4c,
    0x46, 0x5a, 0x53, 0x4c, 0x4a, 0x43, 0x51, 0x5a, 0x4c, 0x59, 0x4c, 0x5a, 0x43, 0x4a, 0x45, 0x53, 0x48, 0x4e, 0x59, 0x4c, 0x4c, 0x4a, 0x58, 0x47,
    0x4a, 0x58, 0x4c, 0x59, 0x4a, 0x59, 0x59, 0x59, 0x58, 0x4e, 0x42, 0x43, 0x4c, 0x4a, 0x53, 0x53, 0x57, 0x43, 0x51, 0x51, 0x43, 0x4a, 0x59, 0x4c,
    0x4c, 0x43, 0x4c, 0x44, 0x4a, 0x59, 0x4c, 0x4c, 0x5a, 0x4c, 0x4c, 0x42, 0x4e, 0x59, 0x4c, 0x47, 0x51, 0x43, 0x48, 0x58, 0x59, 0x59, 0x51, 0x4f,
    0x58, 0x43, 0x43, 0x51, 0x4b, 0x59, 0x4a, 0x58, 0x58, 0x48, 0x59, 0x4b, 0x4c, 0x4b, 0x53, 0x58, 0x41, 0x51, 0x51, 0x58, 0x43, 0x51, 0x4b, 0x4b,
    0x4b, 0x4b, 0x43, 0x53, 0x47, 0x59, 0x58, 0x58, 0x59, 0x51, 0x58, 0x59, 0x47, 0x57, 0x54, 0x4a, 0x4f, 0x48, 0x54, 0x48, 0x58, 0x50, 0x58, 0x58,
    0x43, 0x53, 0x53, 0x48, 0x43, 0x59, 0x45, 0x59, 0x43, 0x48, 0x5a, 0x5a, 0x43, 0x42, 0x57, 0x51, 0x42, 0x42, 0x57, 0x4a, 0x51, 0x43, 0x53, 0x43,
    0x53, 0x5a, 0x53, 0x53, 0x4c, 0x5a, 0x59, 0x4c, 0x47, 0x44, 0x45, 0x53, 0x4a, 0x5a, 0x4d, 0x4d, 0x59, 0x4d, 0x43, 0x59, 0x54, 0x53, 0x44, 0x53,
    0x58, 0x58, 0x53, 0x43, 0x4a, 0x50, 0x51, 0x51, 0x53, 0x51, 0x59, 0x4c, 0x59, 0x46, 0x5a, 0x59, 0x43, 0x48, 0x44, 0x4a, 0x44, 0x5a, 0x59, 0x57,
    0x43, 0x42, 0x54, 0x4a, 0x53, 0x59, 0x44, 0x4a, 0x48, 0x43, 0x59, 0x44, 0x44, 0x4a, 0x4c, 0x42, 0x44, 0x4a, 0x4a, 0x53, 0x4f, 0x44, 0x5a, 0x59,
    0x51, 0x59, 0x53, 0x51, 0x4b, 0x58, 0x58, 0x44, 0x48, 0x48, 0x47, 0x51, 0x4a, 0x59, 0x4f, 0x48, 0x44, 0x59, 0x58, 0x57, 0x47, 0x4d, 0x4d, 0x4d,
    0x41, 0x4a, 0x44, 0x59, 0x42, 0x42, 0x42, 0x50, 0x50, 0x42, 0x43, 0x4d, 0x48, 0x43, 0x50, 0x4c, 0x4a, 0x5a, 0x53, 0x4d, 0x54, 0x58, 0x45, 0x52,
    0x58, 0x4a, 0x4d, 0x48, 0x51, 0x44, 0x53, 0x54, 0x50, 0x4a, 0x44, 0x43, 0x42, 0x53, 0x53, 0x4d, 0x53, 0x53, 0x53, 0x54, 0x48, 0x4a, 0x54, 0x53,
    0x4c, 0x4d, 0x4d, 0x54, 0x52, 0x43, 0x50, 0x4c, 0x5a, 0x53, 0x5a, 0x4d, 0x4c, 0x51, 0x44, 0x53, 0x44, 0x4d, 0x4a, 0x4d, 0x51, 0x50, 0x4e, 0x51,
    0x44, 0x58, 0x43, 0x46, 0x59, 0x4e, 0x42, 0x46, 0x53, 0x44, 0x51, 0x51, 0x59, 0x58, 0x48, 0x59, 0x41, 0x59, 0x4b, 0x51, 0x59, 0x44, 0x44, 0x4c,
    0x51, 0x59, 0x59, 0x59, 0x53, 0x53, 0x5a, 0x42, 0x59, 0x44, 0x53, 0x4c, 0x4e, 0x54, 0x46, 0x4a, 0x54, 0x5a, 0x51, 0x42, 0x5a, 0x4d, 0x43, 0x48,
    0x44, 0x48, 0x43, 0x5a, 0x43, 0x57, 0x46, 0x44, 0x58, 0x54, 0x4d, 0x51, 0x51, 0x53, 0x50, 0x48, 0x51, 0x57, 0x57, 0x58, 0x53, 0x52, 0x47, 0x4a,
    0x43, 0x57, 0x54, 0x4a, 0x54, 0x5a, 0x5a, 0x51, 0x4d, 0x47, 0x57, 0x4a, 0x4a, 0x52, 0x4a, 0x48, 0x54, 0x51, 0x4a, 0x42, 0x42, 0x47, 0x57, 0x5a,
    0x46, 0x58, 0x4a, 0x48, 0x4e, 0x51, 0x46, 0x58, 0x58, 0x51, 0x59, 0x57, 0x59, 0x59, 0x48, 0x59, 0x53, 0x43, 0x44, 0x59, 0x44, 0x48, 0x48, 0x51,
    0x4d, 0x4e, 0x4d, 0x44, 0x4d, 0x4d, 0x43, 0x50, 0x42, 0x53, 0x5a, 0x50, 0x50, 0x5a, 0x5a, 0x47, 0x4c, 0x4d, 0x5a, 0x46, 0x4f, 0x4c, 0x4c, 0x43,
    0x46, 0x57, 0x48, 0x4d, 0x4d, 0x53, 0x4a, 0x5a, 0x54, 0x54, 0x54, 0x48, 0x4c, 0x4d, 0x59, 0x46, 0x46, 0x59, 0x54, 0x5a, 0x5a, 0x47, 0x5a, 0x59,
    0x53, 0x4b, 0x4a, 0x4a, 0x58, 0x51, 0x59, 0x4a, 0x5a, 0x51, 0x50, 0x48, 0x4d, 0x42, 0x5a, 0x5a, 0x4c, 0x59, 0x47, 0x48, 0x47, 0x46, 0x4d, 0x53,
    0x48, 0x50, 0x43, 0x46, 0x5a, 0x53, 0x4e, 0x43, 0x4c, 0x50, 0x42, 0x51, 0x53, 0x4e, 0x4a, 0x53, 0x5a, 0x53, 0x4c, 0x58, 0x4a, 0x46, 0x50, 0x4d,
    0x54, 0x59, 0x4a, 0x59, 0x47, 0x42, 0x58, 0x4c, 0x4c, 0x44, 0x4c, 0x58, 0x50, 0x5a, 0x4a, 0x59, 0x50, 0x4a, 0x59, 0x48, 0x48, 0x5a, 0x43, 0x59,
    0x57, 0x48, 0x4a, 0x59, 0x4c, 0x53, 0x4a, 0x45, 0x58, 0x46, 0x53, 0x51, 0x5a, 0x59, 0x57, 0x58, 0x4b, 0x5a, 0x4a, 0x4c, 0x4c, 0x41, 0x44, 0x54,
    0x4d, 0x4c, 0x59, 0x4d, 0x51, 0x4a, 0x50, 0x57, 0x58, 0x58, 0x48, 0x58, 0x53, 0x4b, 0x54, 0x51, 0x4a, 0x45, 0x5a, 0x52, 0x50, 0x58, 0x58, 0x5a,
    0x47, 0x48, 0x4d, 0x48, 0x57, 0x51, 0x50, 0x57, 0x51, 0x4c, 0x59, 0x4a, 0x4a, 0x51, 0x4a, 0x4a, 0x5a, 0x53, 0x5a, 0x43, 0x46, 0x48, 0x4a, 0x4c,
    0x43, 0x48, 0x48, 0x4e, 0x58, 0x4a, 0x4c, 0x51, 0x57, 0x5a, 0x4a, 0x48, 0x42, 0x4d, 0x5a, 0x59, 0x58, 0x42, 0x44, 0x48, 0x48, 0x59, 0x50, 0x59,
    0x4c, 0x48, 0x4c, 0x48, 0x4c, 0x47, 0x46, 0x57, 0x4c, 0x43, 0x46, 0x59, 0x59, 0x54, 0x4c, 0x48, 0x4a, 0x4a, 0x43, 0x4a, 0x4d, 0x53, 0x43, 0x50,
    0x58, 0x53, 0x54, 0x4b, 0x50, 0x4e, 0x48, 0x4a, 0x58, 0x53, 0x4e, 0x54, 0x59, 0x58, 0x58, 0x54, 0x45, 0x53, 0x54, 0x4a, 0x43, 0x54, 0x4c, 0x53,
    0x53, 0x4c, 0x53, 0x54, 0x44, 0x4c, 0x4c, 0x4c, 0x57, 0x57, 0x59, 0x48, 0x44, 0x48, 0x52, 0x4a, 0x5a, 0x53, 0x46, 0x47, 0x58, 0x53, 0x53, 0x59,
    0x43, 0x5a, 0x59, 0x4b, 0x57, 0x48, 0x54, 0x44, 0x48, 0x57, 0x4a, 0x53, 0x4c, 0x48, 0x54, 0x5a, 0x44, 0x51, 0x44, 0x4a, 0x5a, 0x58, 0x58, 0x51,
    0x47, 0x47, 0x59, 0x4c, 0x54, 0x5a, 0x50, 0x48, 0x43, 0x53, 0x51, 0x46, 0x5a, 0x4c, 0x4e, 0x4a, 0x54, 0x43, 0x4c, 0x5a, 0x50, 0x46, 0x53, 0x54,
    0x50, 0x44, 0x59, 0x4e, 0x59, 0x4c, 0x47, 0x4d, 0x4a, 0x4c, 0x4c, 0x59, 0x43, 0x51, 0x48, 0x59, 0x4e, 0x53, 0x42, 0x43, 0x48, 0x59, 0x4c, 0x48,
    0x51, 0x59, 0x51, 0x54, 0x4d, 0x5a, 0x59, 0x42, 0x42, 0x59, 0x57, 0x52, 0x46, 0x51, 0x59, 0x4b, 0x4a, 0x53, 0x59, 0x53, 0x4c, 0x5a, 0x44, 0x59,
    0x4a, 0x4d, 0x50, 0x58, 0x59, 0x59, 0x53, 0x53, 0x52, 0x48, 0x5a, 0x4a, 0x4e, 0x59, 0x51, 0x54, 0x51, 0x44, 0x46, 0x5a, 0x42, 0x57, 0x57, 0x44,
    0x57, 0x57, 0x52, 0x58, 0x43, 0x57, 0x48, 0x47, 0x59, 0x48, 0x58, 0x4d, 0x4b, 0x4d, 0x59, 0x59, 0x59, 0x48, 0x4d, 0x53, 0x4d, 0x5a, 0x48, 0x4e,
    0x47, 0x43, 0x45, 0x50, 0x4d, 0x4c, 0x51, 0x51, 0x4d, 0x54, 0x43, 0x57, 0x43, 0x54, 0x4d, 0x48, 0x4d, 0x58, 0x4a, 0x50, 0x4a, 0x4a, 0x48, 0x46,
    0x58, 0x59, 0x59, 0x5a, 0x53, 0x4a, 0x43, 0x48, 0x54, 0x59, 0x42, 0x4d, 0x53, 0x54, 0x53, 0x59, 0x4a, 0x44, 0x54, 0x4a, 0x4a, 0x51, 0x59, 0x54,
    0x4c, 0x48, 0x59, 0x4e, 0x42, 0x59, 0x51, 0x5a, 0x4c, 0x43, 0x58, 0x43, 0x4e, 0x5a, 0x57, 0x53, 0x4d, 0x59, 0x4c, 0x4b, 0x46, 0x4a, 0x58, 0x4c,
    0x57, 0x47, 0x42, 0x59, 0x50, 0x4a, 0x59, 0x54, 0x59, 0x53, 0x59, 0x4c, 0x59, 0x4d, 0x5a, 0x43, 0x4b, 0x54, 0x44, 0x57, 0x4c, 0x47, 0x53, 0x4d,
    0x5a, 0x53, 0x59, 0x4c, 0x4d, 0x50, 0x57, 0x4c, 0x5a, 0x57, 0x58, 0x57, 0x51, 0x5a, 0x53, 0x53, 0x41, 0x51, 0x53, 0x59, 0x58, 0x59, 0x52, 0x48,
    0x53, 0x53, 0x4e, 0x54, 0x53, 0x52, 0x41, 0x50, 0x43, 0x43, 0x50, 0x57, 0x43, 0x4d, 0x47, 0x44, 0x48, 0x48, 0x58, 0x5a, 0x44, 0x5a, 0x58, 0x46,
    0x4a, 0x48, 0x47, 0x5a, 0x54, 0x54, 0x53, 0x42, 0x4a, 0x48, 0x47, 0x59, 0x47, 0x4c, 0x5a, 0x59, 0x53, 0x4d, 0x59, 0x43, 0x4c, 0x4c, 0x4c, 0x59,
    0x42, 0x54, 0x59, 0x58, 0x48, 0x42, 0x42, 0x5a, 0x4a, 0x4b, 0x53, 0x53, 0x44, 0x4d, 0x41, 0x4c, 0x48, 0x48, 0x59, 0x43, 0x46, 0x59, 0x47, 0x4d,
    0x51, 0x59, 0x50, 0x4a, 0x59, 0x43, 0x51, 0x58, 0x4a, 0x4c, 0x4c, 0x4c, 0x4a, 0x47, 0x43, 0x4c, 0x5a, 0x47, 0x51, 0x4c, 0x59, 0x43, 0x4a, 0x43,
    0x43, 0x54, 0x4f, 0x54, 0x59, 0x58, 0x4d, 0x54, 0x4d, 0x53, 0x48, 0x4c, 0x4c, 0x57, 0x43, 0x47, 0x46, 0x58, 0x59, 0x4d, 0x5a, 0x4d, 0x4b, 0x4c,
    0x50, 0x53, 0x5a, 0x5a, 0x43, 0x58, 0x48, 0x48, 0x4a, 0x59, 0x53, 0x4c, 0x43, 0x54, 0x59, 0x4a, 0x43, 0x59, 0x48, 0x58, 0x53, 0x47, 0x59, 0x58,
    0x5a, 0x4b, 0x58, 0x4c, 0x5a, 0x57, 0x50, 0x59, 0x4a, 0x50, 0x44, 0x48, 0x4a, 0x57, 0x50, 0x4a, 0x50, 0x57, 0x53, 0x51, 0x51, 0x58, 0x4c, 0x58,
    0x58, 0x44, 0x48, 0x4d, 0x52, 0x53, 0x4c, 0x5a, 0x43, 0x59, 0x5a, 0x57, 0x53, 0x54, 0x43, 0x58, 0x4b, 0x59, 0x53, 0x54, 0x5a, 0x53, 0x48, 0x42,
    0x53, 0x43, 0x43, 0x53, 0x54, 0x50, 0x4c, 0x57, 0x53, 0x53, 0x43, 0x4a, 0x43, 0x48, 0x4a, 0x4c, 0x43, 0x47, 0x43, 0x48, 0x53, 0x53, 0x50, 0x48,
    0x59, 0x4c, 0x48, 0x46, 0x48, 0x48, 0x58, 0x4a, 0x53, 0x58, 0x59, 0x4c, 0x4c, 0x4e, 0x59, 0x4c, 0x4d, 0x5a, 0x44, 0x48, 0x5a, 0x58, 0x59, 0x4c,
    0x53, 0x58, 0x4c, 0x57, 0x5a, 0x59, 0x48, 0x43, 0x4c, 0x44, 0x59, 0x41, 0x48, 0x5a, 0x43, 0x4d, 0x44, 0x44, 0x59, 0x53, 0x50, 0x4a, 0x54, 0x51,
    0x4a, 0x5a, 0x4c, 0x4e, 0x47, 0x4a, 0x46, 0x53, 0x4a, 0x53, 0x48, 0x43, 0x54, 0x53, 0x44, 0x53, 0x5a, 0x4c, 0x42, 0x4c, 0x4d, 0x53, 0x53, 0x4d,
    0x4e, 0x59, 0x59, 0x4d, 0x4a, 0x51, 0x42, 0x4a, 0x48, 0x52, 0x43, 0x57, 0x54, 0x59, 0x59, 0x44, 0x43, 0x48, 0x51, 0x4c, 0x4a, 0x41, 0x50, 0x5a,
    0x57, 0x42, 0x47, 0x51, 0x59, 0x42, 0x4b, 0x46, 0x43, 0x4d, 0x4a, 0x57, 0x4c, 0x5a, 0x4c, 0x4c, 0x59, 0x59, 0x4c, 0x53, 0x5a, 0x59, 0x44, 0x57,
    0x48, 0x58, 0x50, 0x53, 0x42, 0x43, 0x4d, 0x4c, 0x4a, 0x50, 0x53, 0x43, 0x47, 0x42, 0x48, 0x58, 0x4c, 0x51, 0x48, 0x59, 0x52, 0x4c, 0x4a, 0x58,
    0x59, 0x53, 0x57, 0x58, 0x48, 0x58, 0x5a, 0x4c, 0x4c, 0x44, 0x46, 0x48, 0x4c, 0x53, 0x4c, 0x59, 0x4d, 0x4a, 0x4c, 0x4a, 0x59, 0x46, 0x4c, 0x59,
    0x4a, 0x59, 0x43, 0x44, 0x52, 0x4a, 0x4c, 0x46, 0x53, 0x59, 0x5a, 0x46, 0x53, 0x4c, 0x4c, 0x43, 0x51, 0x59, 0x51, 0x46, 0x47, 0x4a, 0x59, 0x48,
    0x59, 0x53, 0x5a, 0x4c, 0x59, 0x4c, 0x4d, 0x53, 0x54, 0x44, 0x4a, 0x43, 0x59, 0x48, 0x42, 0x5a, 0x4c, 0x4c, 0x4e, 0x57, 0x4c, 0x58, 0x58, 0x59,
    0x47, 0x59, 0x59, 0x48, 0x42, 0x4d, 0x47, 0x44, 0x48, 0x58, 0x58, 0x48, 0x48, 0x4c, 0x5a, 0x5a, 0x4a, 0x5a, 0x58, 0x43, 0x5a, 0x5a, 0x5a, 0x43,
    0x59, 0x51, 0x5a, 0x46, 0x4e, 0x4a, 0x57, 0x50, 0x59, 0x4c, 0x43, 0x50, 0x4b, 0x50, 0x59, 0x4b, 0x50, 0x4d, 0x43, 0x4c, 0x51, 0x4b, 0x44, 0x47,
    0x58, 0x5a, 0x47, 0x47, 0x57, 0x51, 0x42, 0x44, 0x58, 0x5a, 0x5a, 0x4b, 0x5a, 0x46, 0x42, 0x58, 0x58, 0x4c, 0x5a, 0x58, 0x4a, 0x54, 0x50, 0x4a,
    0x50, 0x54, 0x54, 0x42, 0x59, 0x54, 0x53, 0x5a, 0x5a, 0x44, 0x57, 0x53, 0x4c, 0x43, 0x48, 0x5a, 0x48, 0x53, 0x4c, 0x54, 0x4a, 0x58, 0x48, 0x51,
    0x4c, 0x48, 0x59, 0x58, 0x58, 0x58, 0x59, 0x57, 0x5a, 0x59, 0x53, 0x57, 0x54, 0x4d, 0x5a, 0x4b, 0x48, 0x4c, 0x58, 0x5a, 0x58, 0x5a, 0x50, 0x59,
    0x48, 0x47, 0x43, 0x48, 0x4b, 0x4a, 0x46, 0x53, 0x59, 0x48, 0x00, 0x54, 0x4a, 0x52, 0x4c, 0x58, 0x46, 0x4a, 0x58, 0x50, 0x54, 0x5a, 0x54, 0x57,
    0x48, 0x50, 0x4c, 0x59, 0x58, 0x46, 0x43, 0x52, 0x48, 0x58, 0x53, 0x48, 0x58, 0x4b, 0x4a, 0x58, 0x58, 0x59, 0x48, 0x5a, 0x4a, 0x44, 0x58, 0x4a,
    0x57, 0x59, 0x4c, 0x48, 0x59, 0x48, 0x4d, 0x4a, 0x54, 0x42, 0x46, 0x4c, 0x4b, 0x48, 0x54, 0x58, 0x43, 0x57, 0x48, 0x43, 0x46, 0x57, 0x4a, 0x43,
    0x46, 0x50, 0x51, 0x52, 0x58, 0x51, 0x58, 0x43, 0x59, 0x59, 0x59, 0x4a, 0x59, 0x47, 0x52, 0x50, 0x58, 0x47, 0x53, 0x43, 0x53, 0x58, 0x4e, 0x47,
    0x57, 0x43, 0x48, 0x4b, 0x5a, 0x44, 0x58, 0x48, 0x46, 0x4c, 0x58, 0x58, 0x48, 0x4a, 0x4a, 0x42, 0x59, 0x5a, 0x57, 0x54, 0x53, 0x58, 0x4e, 0x4e,
    0x43, 0x59, 0x4a, 0x4a, 0x59, 0x4d, 0x53, 0x57, 0x5a, 0x4a, 0x51, 0x52, 0x4d, 0x48, 0x58, 0x5a, 0x57, 0x46, 0x51, 0x53, 0x59, 0x4c, 0x5a, 0x4a,
    0x5a, 0x47, 0x42, 0x48, 0x59, 0x4e, 0x53, 0x4c, 0x42, 0x47, 0x54, 0x54, 0x43, 0x53, 0x45, 0x42, 0x48, 0x58, 0x58, 0x57, 0x58, 0x59, 0x48, 0x48,
    0x58, 0x59, 0x58, 0x4e, 0x53, 0x51, 0x59, 0x58, 0x4d, 0x4c, 0x59, 0x57, 0x52, 0x47, 0x59, 0x51, 0x4c, 0x58, 0x42, 0x42, 0x43, 0x4c, 0x4a, 0x53,
    0x59, 0x4c, 0x50, 0x53, 0x59, 0x54, 0x4a, 0x5a, 0x59, 0x48, 0x59, 0x5a, 0x41, 0x57, 0x4c, 0x48, 0x4f, 0x52, 0x4a, 0x4d, 0x4b, 0x53, 0x43, 0x5a,
    0x4a, 0x58, 0x58, 0x58, 0x59, 0x58, 0x43, 0x48, 0x43, 0x59, 0x54, 0x52, 0x59, 0x58, 0x51, 0x4a, 0x44, 0x44, 0x53, 0x4a, 0x46, 0x53, 0x4c, 0x59,
    0x4c, 0x54, 0x53, 0x46, 0x46, 0x59, 0x58, 0x4c, 0x4d, 0x54, 0x59, 0x4a, 0x4d, 0x4a, 0x4a, 0x59, 0x59, 0x59, 0x58, 0x4c, 0x54, 0x5a, 0x43, 0x53,
    0x58, 0x51, 0x5a, 0x4c, 0x48, 0x5a, 0x58, 0x4c, 0x57, 0x59, 0x58, 0x5a, 0x48, 0x44, 0x4e, 0x4c, 0x52, 0x58, 0x48, 0x58, 0x4a, 0x43, 0x44, 0x59,
    0x48, 0x4c, 0x42, 0x52, 0x4c, 0x4d, 0x42, 0x52, 0x4c, 0x4c, 0x41, 0x58, 0x4b, 0x53, 0x4c, 0x4c, 0x4c, 0x4a, 0x4c, 0x59, 0x58, 0x58, 0x4c, 0x59,
    0x43, 0x52, 0x59, 0x4c, 0x43, 0x4a, 0x43, 0x47, 0x4a, 0x43, 0x4d, 0x54, 0x4c, 0x5a, 0x4c, 0x4c, 0x43, 0x59, 0x5a, 0x5a, 0x50, 0x5a, 0x50, 0x43,
    0x59, 0x41, 0x57, 0x48, 0x4a, 0x4a, 0x46, 0x59, 0x42, 0x44, 0x59, 0x59, 0x5a, 0x53, 0x45, 0x50, 0x43, 0x4b, 0x5a, 0x44, 0x51, 0x59, 0x51, 0x50,
    0x42, 0x50, 0x43, 0x4a, 0x50, 0x44, 0x43, 0x59, 0x5a, 0x42, 0x44, 0x42, 0x42, 0x43, 0x59, 0x59, 0x44, 0x59, 0x43, 0x4e, 0x4e, 0x50, 0x4a, 0x4d,
    0x54, 0x4d, 0x4c, 0x52, 0x4d, 0x46, 0x4d, 0x4d, 0x47, 0x57, 0x59, 0x47, 0x42, 0x53, 0x4a, 0x47, 0x59, 0x47, 0x53, 0x4d, 0x44, 0x51, 0x51, 0x51,
    0x5a, 0x54, 0x58, 0x4d, 0x4b, 0x51, 0x57, 0x47, 0x58, 0x4c, 0x4c, 0x50, 0x4a, 0x47, 0x5a, 0x42, 0x51, 0x43, 0x44, 0x4a, 0x4a, 0x4a, 0x46, 0x50,
    0x4b, 0x4a, 0x4b, 0x43, 0x58, 0x42, 0x4c, 0x4a, 0x4d, 0x53, 0x57, 0x4d, 0x44, 0x54, 0x51, 0x4a, 0x58, 0x4c, 0x44, 0x4c, 0x50, 0x50, 0x42, 0x58,
    0x43, 0x57, 0x4b, 0x43, 0x51, 0x51, 0x42, 0x46, 0x51, 0x4a, 0x43, 0x5a, 0x41, 0x47, 0x5a, 0x47, 0x4d, 0x59, 0x4b, 0x42, 0x48, 0x59, 0x59, 0x48,
    0x5a, 0x59, 0x4b, 0x4e, 0x44, 0x4b, 0x5a, 0x4d, 0x42, 0x50, 0x4a, 0x59, 0x53, 0x50, 0x58, 0x54, 0x48, 0x4c, 0x46, 0x50, 0x4e, 0x59, 0x59, 0x47,
    0x58, 0x4a, 0x44, 0x42, 0x4b, 0x58, 0x4e, 0x48, 0x48, 0x4a, 0x48, 0x5a, 0x4a, 0x58, 0x53, 0x54, 0x52, 0x53, 0x54, 0x4c, 0x44, 0x58, 0x53, 0x4b,
    0x5a, 0x59, 0x53, 0x59, 0x42, 0x4d, 0x58, 0x4a, 0x4c, 0x58, 0x59, 0x53, 0x4c, 0x42, 0x5a, 0x59, 0x53, 0x4c, 0x48, 0x58, 0x4a, 0x50, 0x46, 0x58,
    0x42, 0x51, 0x4e, 0x42, 0x59, 0x4c, 0x4c, 0x4a, 0x51, 0x4b, 0x59, 0x47, 0x5a, 0x4d, 0x43, 0x59, 0x5a, 0x5a, 0x59, 0x4d, 0x43, 0x43, 0x53, 0x4c,
    0x44, 0x4c, 0x48, 0x5a, 0x47, 0x57, 0x46, 0x57, 0x59, 0x58, 0x5a, 0x4d, 0x57, 0x43, 0x58, 0x54, 0x59, 0x4e, 0x58, 0x4a, 0x48, 0x42, 0x59, 0x59,
    0x4d, 0x43, 0x59, 0x53, 0x42, 0x4d, 0x48, 0x59, 0x53, 0x4d, 0x59, 0x44, 0x59, 0x53, 0x48, 0x51, 0x59, 0x5a, 0x43, 0x48, 0x4d, 0x4a, 0x4a, 0x4d,
    0x5a, 0x43, 0x41, 0x41, 0x48, 0x43, 0x42, 0x4a, 0x42, 0x42, 0x48, 0x50, 0x4c, 0x58, 0x54, 0x59, 0x4c, 0x53, 0x58, 0x53, 0x44, 0x4a, 0x47, 0x4a,
    0x44, 0x48, 0x4b, 0x58, 0x58, 0x54, 0x58, 0x58, 0x4e, 0x42, 0x48, 0x4e, 0x4d, 0x4c, 0x4e, 0x47, 0x53, 0x4c, 0x54, 0x58, 0x4d, 0x52, 0x48, 0x4e,
    0x4c, 0x58, 0x51, 0x4a, 0x58, 0x4d, 0x5a, 0x4c, 0x4c, 0x59, 0x53, 0x57, 0x51, 0x47, 0x44, 0x4c, 0x42, 0x4a, 0x48, 0x44, 0x43, 0x47, 0x4a, 0x59,
    0x51, 0x59, 0x59, 0x4d, 0x48, 0x57, 0x46, 0x57, 0x4a, 0x59, 0x42, 0x42, 0x42, 0x59, 0x4a, 0x4d, 0x4a, 0x57, 0x4a, 0x4d, 0x44, 0x50, 0x57, 0x48,
    0x58, 0x51, 0x4c, 0x44, 0x59, 0x41, 0x50, 0x44, 0x46, 0x58, 0x58, 0x42, 0x43, 0x47, 0x4a, 0x53, 0x50, 0x43, 0x4b, 0x52, 0x53, 0x53, 0x59, 0x5a,
    0x4a, 0x4d, 0x53, 0x4c, 0x42, 0x5a, 0x5a, 0x4a, 0x46, 0x4c, 0x4a, 0x4a, 0x4a, 0x4c, 0x47, 0x58, 0x5a, 0x47, 0x59, 0x58, 0x59, 0x58, 0x4c, 0x53,
    0x5a, 0x51, 0x59, 0x58, 0x42, 0x45, 0x58, 0x59, 0x58, 0x48, 0x47, 0x43, 0x58, 0x42, 0x50, 0x4c, 0x44, 0x59, 0x48, 0x57, 0x45, 0x43, 0x44, 0x57,
    0x57, 0x43, 0x4a, 0x4d, 0x42, 0x54, 0x58, 0x43, 0x48, 0x58, 0x59, 0x51, 0x58, 0x4c, 0x4c, 0x58, 0x46, 0x4c, 0x59, 0x58, 0x4c, 0x4c, 0x4a, 0x4c,
    0x53, 0x53, 0x46, 0x57, 0x44, 0x50, 0x5a, 0x53, 0x4d, 0x59, 0x4a, 0x43, 0x4c, 0x4d, 0x53, 0x57, 0x54, 0x43, 0x5a, 0x42, 0x43, 0x48, 0x51, 0x45,
    0x4b, 0x43, 0x51, 0x42, 0x57, 0x4c, 0x43, 0x47, 0x59, 0x44, 0x42, 0x4c, 0x51, 0x50, 0x50, 0x51, 0x5a, 0x51, 0x46, 0x4a, 0x51, 0x44, 0x4a, 0x48,
    0x59, 0x4d, 0x4d, 0x43, 0x58, 0x54, 0x58, 0x44, 0x52, 0x4d, 0x4a, 0x57, 0x52, 0x48, 0x58, 0x43, 0x4a, 0x5a, 0x43, 0x4c, 0x51, 0x58, 0x44, 0x59,
    0x59, 0x4e, 0x48, 0x59, 0x59, 0x48, 0x52, 0x53, 0x4c, 0x53, 0x52, 0x53, 0x59, 0x57, 0x57, 0x5a, 0x4a, 0x59, 0x4d, 0x54, 0x4c, 0x54, 0x4c, 0x4c,
    0x47, 0x54, 0x51, 0x43, 0x4a, 0x5a, 0x59, 0x41, 0x42, 0x53, 0x43, 0x4b, 0x5a, 0x43, 0x4a, 0x59, 0x43, 0x43, 0x51, 0x4c, 0x4a, 0x53, 0x51, 0x58,
    0x41, 0x4c, 0x4d, 0x5a, 0x59, 0x59, 0x59, 0x57, 0x4c, 0x57, 0x44, 0x58, 0x5a, 0x58, 0x51, 0x44, 0x4c, 0x4c, 0x51, 0x53, 0x48, 0x47, 0x50, 0x4a,
    0x46, 0x4a, 0x4c, 0x4a, 0x48, 0x4a, 0x41, 0x42, 0x43, 0x51, 0x5a, 0x44, 0x4a, 0x47, 0x54, 0x48, 0x48, 0x53, 0x53, 0x54, 0x43, 0x59, 0x4a, 0x4c,
    0x42, 0x53, 0x57, 0x5a, 0x4c, 0x58, 0x5a, 0x58, 0x52, 0x57, 0x47, 0x4c, 0x44, 0x4c, 0x5a, 0x52, 0x4c, 0x5a, 0x51, 0x54, 0x47, 0x53, 0x4c, 0x4c,
    0x4c, 0x4c, 0x5a, 0x4c, 0x59, 0x4d, 0x58, 0x51, 0x47, 0x44, 0x5a, 0x48, 0x47, 0x42, 0x44, 0x42, 0x48, 0x5a, 0x50, 0x42, 0x52, 0x4c, 0x57, 0x00,
    0x58, 0x51, 0x42, 0x50, 0x46, 0x44, 0x57, 0x4f, 0x00, 0x00, 0x57, 0x48, 0x4c, 0x59, 0x50, 0x43, 0x42, 0x4a, 0x43, 0x43, 0x00, 0x44, 0x4d, 0x42,
    0x5a, 0x50, 0x42, 0x5a, 0x5a, 0x00, 0x43, 0x59, 0x51, 0x58, 0x4c, 0x44, 0x4f, 0x4d, 0x5a, 0x42, 0x4c, 0x5a, 0x57, 0x50, 0x44, 0x57, 0x59, 0x59,
    0x47, 0x44, 0x53, 0x54, 0x54, 0x48, 0x43, 0x53, 0x51, 0x53, 0x43, 0x43, 0x52, 0x53, 0x53, 0x53, 0x59, 0x53, 0x4c, 0x46, 0x59, 0x42, 0x46, 0x4e,
    0x54, 0x59, 0x4a, 0x53, 0x5a, 0x44, 0x46, 0x4e, 0x44, 0x50, 0x54, 0x48, 0x54, 0x5a, 0x5a, 0x4d, 0x42, 0x42, 0x4c, 0x58, 0x4c, 0x43, 0x4d, 0x59,
    0x46, 0x46, 0x47, 0x54, 0x4a, 0x4a, 0x51, 0x57, 0x46, 0x54, 0x4d, 0x44, 0x50, 0x4a, 0x57, 0x44, 0x4e, 0x4c, 0x42, 0x5a, 0x43, 0x4d, 0x4d, 0x43,
    0x54, 0x47, 0x42, 0x44, 0x5a, 0x4c, 0x51, 0x4c, 0x50, 0x59, 0x46, 0x48, 0x53, 0x59, 0x4d, 0x4a, 0x59, 0x4c, 0x53, 0x44, 0x43, 0x48, 0x44, 0x5a,
    0x4a, 0x57, 0x4a, 0x43, 0x43, 0x54, 0x4c, 0x4a, 0x43, 0x4c, 0x44, 0x54, 0x4c, 0x4a, 0x4a, 0x43, 0x50, 0x44, 0x44, 0x50, 0x4a, 0x44, 0x53, 0x53,
    0x5a, 0x59, 0x4e, 0x4e, 0x44, 0x42, 0x4a, 0x4c, 0x47, 0x47, 0x4a, 0x5a, 0x58, 0x53, 0x58, 0x4e, 0x4c, 0x59, 0x43, 0x59, 0x42, 0x4a, 0x4a, 0x51,
    0x58, 0x43, 0x42, 0x59, 0x4c, 0x5a, 0x43, 0x46, 0x5a, 0x50, 0x50, 0x47, 0x4b, 0x43, 0x58, 0x5a, 0x44, 0x5a, 0x46, 0x5a, 0x54, 0x4a, 0x4a, 0x46,
    0x4a, 0x53, 0x4a, 0x58, 0x5a, 0x42, 0x4e, 0x5a, 0x59, 0x4a, 0x51, 0x54, 0x54, 0x59, 0x4a, 0x57, 0x48, 0x54, 0x59, 0x43, 0x5a, 0x48, 0x59, 0x4d,
    0x44, 0x4a, 0x58, 0x54, 0x54, 0x4d, 0x50, 0x58, 0x53, 0x46, 0x4c, 0x5a, 0x43, 0x44, 0x57, 0x53, 0x4c, 0x53, 0x48, 0x58, 0x59, 0x42, 0x5a, 0x47,
    0x54, 0x46, 0x4d, 0x4c, 0x43, 0x4a, 0x54, 0x41, 0x43, 0x42, 0x42, 0x4d, 0x47, 0x44, 0x45, 0x57, 0x59, 0x43, 0x59, 0x5a, 0x43, 0x44, 0x53, 0x5a,
    0x43, 0x59, 0x48, 0x46, 0x4c, 0x59, 0x43, 0x54, 0x59, 0x47, 0x57, 0x48, 0x4b, 0x4a, 0x59, 0x59, 0x4c, 0x53, 0x4a, 0x43, 0x58, 0x47, 0x59, 0x57,
    0x4a, 0x43, 0x42, 0x48, 0x4c, 0x43, 0x53, 0x4e, 0x44, 0x44, 0x42, 0x54, 0x5a, 0x42, 0x53, 0x43, 0x4c, 0x59, 0x5a, 0x43, 0x5a, 0x5a, 0x53, 0x53,
    0x51, 0x44, 0x4c, 0x4c, 0x4d, 0x51, 0x59, 0x59, 0x48, 0x46, 0x4c, 0x4c, 0x51, 0x4c, 0x4c, 0x58, 0x46, 0x44, 0x59, 0x48, 0x41, 0x42, 0x58, 0x47,
    0x47, 0x4e, 0x59, 0x57, 0x59, 0x59, 0x50, 0x4c, 0x4c, 0x53, 0x44, 0x4c, 0x44, 0x4c, 0x4c, 0x42, 0x4a, 0x43, 0x59, 0x58, 0x4a, 0x5a, 0x4d, 0x4c,
    0x48, 0x4c, 0x4a, 0x44, 0x58, 0x59, 0x59, 0x51, 0x59, 0x54, 0x44, 0x4c, 0x4c, 0x4c, 0x42, 0x42, 0x47, 0x42, 0x46, 0x44, 0x46, 0x42, 0x42, 0x42,
    0x4a, 0x5a, 0x5a, 0x4d, 0x44, 0x50, 0x4a, 0x48, 0x47, 0x43, 0x4c, 0x47, 0x4d, 0x4a, 0x4a, 0x50, 0x47, 0x41, 0x45, 0x48, 0x48, 0x42, 0x57, 0x43,
    0x51, 0x58, 0x41, 0x58, 0x48, 0x48, 0x48, 0x5a, 0x43, 0x48, 0x58, 0x59, 0x50, 0x48, 0x4a, 0x41, 0x58, 0x48, 0x4c, 0x50, 0x48, 0x4a, 0x50, 0x47,
    0x50, 0x5a, 0x4a, 0x51, 0x43, 0x51, 0x5a, 0x47, 0x4a, 0x4a, 0x5a, 0x5a, 0x47, 0x5a, 0x44, 0x4d, 0x51, 0x59, 0x59, 0x42, 0x5a, 0x5a, 0x50, 0x48,
    0x59, 0x48, 0x59, 0x42, 0x57, 0x48, 0x41, 0x5a, 0x59, 0x4a, 0x48, 0x59, 0x4b, 0x46, 0x47, 0x44, 0x50, 0x46, 0x51, 0x53, 0x44, 0x4c, 0x5a, 0x4d,
    0x4c, 0x4a, 0x58, 0x4a, 0x50, 0x47, 0x41, 0x4c, 0x58, 0x5a, 0x44, 0x41, 0x47, 0x4c, 0x4d, 0x44, 0x47, 0x58, 0x4d, 0x57, 0x5a, 0x51, 0x59, 0x54,
    0x58, 0x44, 0x58, 0x58, 0x50, 0x46, 0x44, 0x4d, 0x4d, 0x53, 0x53, 0x59, 0x4d, 0x50, 0x46, 0x4d, 0x44, 0x4d, 0x4d, 0x4b, 0x58, 0x4b, 0x53, 0x59,
    0x5a, 0x59, 0x53, 0x48, 0x44, 0x5a, 0x4b, 0x4a, 0x53, 0x59, 0x53, 0x4d, 0x4d, 0x5a, 0x5a, 0x5a, 0x4d, 0x53, 0x59, 0x44, 0x4e, 0x5a, 0x5a, 0x43,
    0x5a, 0x58, 0x42, 0x4d, 0x4c, 0x53, 0x54, 0x4d, 0x44, 0x44, 0x4e, 0x4d, 0x58, 0x43, 0x4b, 0x4a, 0x4d, 0x5a, 0x54, 0x59, 0x59, 0x4d, 0x5a, 0x4d,
    0x5a, 0x5a, 0x4d, 0x53, 0x53, 0x48, 0x48, 0x44, 0x43, 0x43, 0x4a, 0x45, 0x4d, 0x58, 0x58, 0x4b, 0x4c, 0x4a, 0x53, 0x54, 0x47, 0x57, 0x4c, 0x53,
    0x51, 0x4c, 0x59, 0x4a, 0x5a, 0x4c, 0x4c, 0x53, 0x4a, 0x53, 0x53, 0x44, 0x42, 0x50, 0x4d, 0x48, 0x4e, 0x4c, 0x59, 0x4a, 0x43, 0x5a, 0x59, 0x48,
    0x4d, 0x58, 0x58, 0x48, 0x47, 0x5a, 0x43, 0x4a, 0x4d, 0x44, 0x48, 0x58, 0x54, 0x4b, 0x47, 0x52, 0x4d, 0x58, 0x46, 0x57, 0x4d, 0x43, 0x4b, 0x4d,
    0x57, 0x4b, 0x44, 0x43, 0x4b, 0x53, 0x58, 0x51, 0x4d, 0x4d, 0x4d, 0x46, 0x5a, 0x5a, 0x59, 0x44, 0x4b, 0x4d, 0x53, 0x43, 0x4c, 0x43, 0x4d, 0x50,
    0x43, 0x47, 0x4d, 0x57, 0x52, 0x50, 0x58, 0x51, 0x50, 0x5a, 0x44, 0x53, 0x53, 0x4c, 0x43, 0x58, 0x4b, 0x59, 0x58, 0x54, 0x4d, 0x4c, 0x47, 0x4a,
    0x59, 0x41, 0x48, 0x5a, 0x4a, 0x47, 0x5a, 0x51, 0x4d, 0x43, 0x53, 0x4e, 0x58, 0x59, 0x48, 0x4d, 0x4d, 0x50, 0x4d, 0x4c, 0x4b, 0x4a, 0x58, 0x4d,
    0x48, 0x4c, 0x4d, 0x4c, 0x47, 0x4d, 0x58, 0x43, 0x54, 0x4b, 0x5a, 0x4d, 0x4a, 0x4a, 0x59, 0x53, 0x5a, 0x4a, 0x53, 0x59, 0x53, 0x5a, 0x48, 0x53,
    0x59, 0x4a, 0x5a, 0x4a, 0x43, 0x44, 0x41, 0x4a, 0x5a, 0x59, 0x42, 0x53, 0x44, 0x51, 0x4a, 0x5a, 0x47, 0x57, 0x5a, 0x4b, 0x47, 0x58, 0x46, 0x4b,
    0x44, 0x4d, 0x53, 0x44, 0x4a, 0x4c, 0x46, 0x4d, 0x45, 0x48, 0x4b, 0x5a, 0x51, 0x4b, 0x4a, 0x42, 0x45, 0x59, 0x50, 0x5a, 0x59, 0x53, 0x5a, 0x43,
    0x44, 0x57, 0x59, 0x4a, 0x46, 0x46, 0x4d, 0x5a, 0x4a, 0x59, 0x4b, 0x54, 0x54, 0x44, 0x5a, 0x5a, 0x45, 0x46, 0x4d, 0x5a, 0x4c, 0x42, 0x4e, 0x50,
    0x50, 0x4c, 0x50, 0x4c, 0x50, 0x42, 0x50, 0x53, 0x5a, 0x41, 0x4c, 0x4c, 0x54, 0x59, 0x4c, 0x4b, 0x43, 0x4b, 0x51, 0x5a, 0x4b, 0x47, 0x45, 0x4e,
    0x51, 0x4c, 0x48, 0x41, 0x47, 0x59, 0x58, 0x59, 0x44, 0x50, 0x58, 0x4c, 0x48, 0x53, 0x58, 0x51, 0x51, 0x57, 0x51, 0x59, 0x4b, 0x58, 0x51, 0x43,
    0x4c, 0x48, 0x59, 0x58, 0x58, 0x4d, 0x4c, 0x59, 0x43, 0x43, 0x57, 0x4c, 0x59, 0x4d, 0x51, 0x59, 0x53, 0x4b, 0x59, 0x43, 0x48, 0x4c, 0x43, 0x4a,
    0x4e, 0x53, 0x5a, 0x4b, 0x50, 0x59, 0x5a, 0x4b, 0x43, 0x51, 0x5a, 0x51, 0x4c, 0x4a, 0x42, 0x44, 0x48, 0x44, 0x4a, 0x48, 0x4c, 0x41, 0x53, 0x51,
    0x4c, 0x42, 0x59, 0x44, 0x57, 0x51, 0x4c, 0x57, 0x44, 0x4e, 0x42, 0x51, 0x43, 0x52, 0x59, 0x44, 0x44, 0x5a, 0x54, 0x4a, 0x59, 0x42, 0x4b, 0x42,
    0x57, 0x53, 0x5a, 0x44, 0x58, 0x44, 0x54, 0x4e, 0x50, 0x4a, 0x44, 0x54, 0x43, 0x54, 0x51, 0x44, 0x46, 0x58, 0x51, 0x51, 0x4d, 0x47, 0x4e, 0x53,
    0x45, 0x43, 0x4c, 0x53, 0x54, 0x42, 0x48, 0x50, 0x57, 0x53, 0x4c, 0x43, 0x54, 0x58, 0x58, 0x4c, 0x50, 0x57, 0x59, 0x44, 0x5a, 0x4b, 0x4c, 0x5a,
    0x59, 0x47, 0x5a, 0x43, 0x51, 0x41, 0x50, 0x4c, 0x4c, 0x4b, 0x43, 0x43, 0x59, 0x4c, 0x42, 0x51, 0x4d, 0x51, 0x43, 0x5a, 0x51, 0x43, 0x4c, 0x4a,
    0x53, 0x4c, 0x51, 0x5a, 0x44, 0x4a, 0x58, 0x4c, 0x44, 0x54, 0x48, 0x50, 0x5a, 0x51, 0x44, 0x4c, 0x4a, 0x4a, 0x58, 0x5a, 0x51, 0x44, 0x4a, 0x59,
    0x5a, 0x48, 0x4b, 0x5a, 0x4c, 0x4a, 0x43, 0x59, 0x51, 0x44, 0x59, 0x4a, 0x50, 0x50, 0x59, 0x50, 0x45, 0x41, 0x4b, 0x4a, 0x59, 0x52, 0x4d, 0x50,
    0x43, 0x42, 0x59, 0x4d, 0x43, 0x58, 0x4b, 0x4c, 0x4c, 0x5a, 0x4c, 0x4c, 0x46, 0x51, 0x50, 0x59, 0x4c, 0x4c, 0x4c, 0x4d, 0x42, 0x53, 0x47, 0x4c,
    0x43, 0x59, 0x53, 0x53, 0x4c, 0x52, 0x53, 0x59, 0x53, 0x51, 0x54, 0x4d, 0x58, 0x59, 0x58, 0x51, 0x51, 0x5a, 0x42, 0x44, 0x5a, 0x52, 0x59, 0x53,
    0x59, 0x5a, 0x54, 0x46, 0x46, 0x4d, 0x5a, 0x5a, 0x53, 0x4d, 0x5a, 0x51, 0x48, 0x5a, 0x53, 0x53, 0x43, 0x43, 0x4d, 0x4c, 0x59, 0x58, 0x57, 0x54,
    0x50, 0x5a, 0x47, 0x58, 0x5a, 0x4a, 0x47, 0x5a, 0x47, 0x53, 0x4a, 0x53, 0x47, 0x4b, 0x44, 0x44, 0x48, 0x54, 0x51, 0x47, 0x47, 0x5a, 0x4c, 0x4c,
    0x42, 0x4a, 0x44, 0x5a, 0x4c, 0x43, 0x42, 0x5a, 0x48, 0x59, 0x58, 0x59, 0x5a, 0x48, 0x5a, 0x46, 0x59, 0x57, 0x58, 0x59, 0x5a, 0x59, 0x4d, 0x53,
    0x44, 0x42, 0x5a, 0x5a, 0x59, 0x4a, 0x47, 0x54, 0x53, 0x4d, 0x54, 0x46, 0x58, 0x51, 0x59, 0x58, 0x4a, 0x53, 0x43, 0x44, 0x47, 0x53, 0x4c, 0x4e,
    0x4d, 0x44, 0x4c, 0x52, 0x59, 0x54, 0x5a, 0x4c, 0x52, 0x59, 0x59, 0x4c, 0x58, 0x51, 0x48, 0x54, 0x58, 0x53, 0x52, 0x54, 0x5a, 0x43, 0x47, 0x59,
    0x58, 0x42, 0x4e, 0x51, 0x51, 0x5a, 0x46, 0x48, 0x59, 0x4b, 0x4d, 0x5a, 0x4a, 0x42, 0x5a, 0x59, 0x4d, 0x4b, 0x42, 0x50, 0x4e, 0x4c, 0x59, 0x5a,
    0x50, 0x42, 0x4c, 0x4d, 0x43, 0x4e, 0x51, 0x59, 0x5a, 0x5a, 0x5a, 0x53, 0x4a, 0x5a, 0x48, 0x4a, 0x43, 0x54, 0x5a, 0x48, 0x48, 0x59, 0x5a, 0x5a,
    0x4a, 0x52, 0x44, 0x59, 0x5a, 0x48, 0x4e, 0x46, 0x58, 0x47, 0x4c, 0x46, 0x58, 0x53, 0x4c, 0x4b, 0x47, 0x4a, 0x54, 0x43, 0x54, 0x53, 0x53, 0x59,
    0x4c, 0x4c, 0x47, 0x5a, 0x52, 0x5a, 0x42, 0x42, 0x4a, 0x5a, 0x5a, 0x4b, 0x4c, 0x50, 0x4b, 0x42, 0x43, 0x5a, 0x59, 0x53, 0x4c, 0x58, 0x59, 0x58,
    0x42, 0x4a, 0x46, 0x50, 0x4e, 0x4a, 0x5a, 0x5a, 0x58, 0x43, 0x44, 0x57, 0x58, 0x5a, 0x59, 0x4a, 0x58, 0x5a, 0x5a, 0x44, 0x4a, 0x4a, 0x47, 0x47,
    0x47, 0x52, 0x53, 0x52, 0x4a, 0x4b, 0x4d, 0x43, 0x4d, 0x5a, 0x4a, 0x4c, 0x53, 0x4a, 0x59, 0x57, 0x51, 0x53, 0x48, 0x59, 0x48, 0x51, 0x4a, 0x53,
    0x58, 0x50, 0x4a, 0x5a, 0x54, 0x5a, 0x4c, 0x53, 0x4e, 0x53, 0x48, 0x52, 0x4e, 0x59, 0x50, 0x4a, 0x54, 0x57, 0x43, 0x48, 0x4b, 0x4c, 0x42, 0x53,
    0x52, 0x5a, 0x4c, 0x43, 0x58, 0x57, 0x4a, 0x51, 0x58, 0x51, 0x4b, 0x59, 0x53, 0x4a, 0x59, 0x43, 0x5a, 0x54, 0x4c, 0x51, 0x5a, 0x59, 0x42, 0x42,
    0x59, 0x42, 0x57, 0x5a, 0x4a, 0x51, 0x44, 0x57, 0x47, 0x59, 0x5a, 0x43, 0x59, 0x54, 0x4a, 0x43, 0x4a, 0x58, 0x43, 0x4b, 0x43, 0x57, 0x44, 0x4b,
    0x4b, 0x5a, 0x58, 0x53, 0x47, 0x4b, 0x44, 0x5a, 0x59, 0x57, 0x57, 0x59, 0x59, 0x4a, 0x51, 0x59, 0x59, 0x54, 0x43, 0x59, 0x54, 0x44, 0x4a, 0x4c,
    0x58, 0x57, 0x4b, 0x43, 0x5a, 0x4b, 0x4b, 0x4c, 0x43, 0x43, 0x4c, 0x5a, 0x43, 0x51, 0x51, 0x44, 0x5a, 0x4c, 0x51, 0x4c, 0x43, 0x53, 0x46, 0x51,
    0x43, 0x48, 0x51, 0x48, 0x53, 0x46, 0x53, 0x4d, 0x51, 0x5a, 0x5a, 0x4c, 0x4c, 0x42, 0x4a, 0x4a, 0x5a, 0x42, 0x53, 0x4a, 0x48, 0x54, 0x53, 0x4a,
    0x44, 0x59, 0x53, 0x4a, 0x51, 0x4a, 0x50, 0x44, 0x4c, 0x5a, 0x43, 0x44, 0x43, 0x57, 0x4a, 0x4b, 0x4a, 0x5a, 0x5a, 0x4c, 0x50, 0x59, 0x43, 0x47,
    0x4d, 0x5a, 0x57, 0x44, 0x4a, 0x4a, 0x42, 0x53, 0x4a, 0x51, 0x5a, 0x53, 0x59, 0x5a, 0x59, 0x48, 0x48, 0x58, 0x43, 0x42, 0x42, 0x4a, 0x59, 0x44,
    0x53, 0x53, 0x44, 0x44, 0x5a, 0x4e, 0x43, 0x47, 0x4c, 0x51, 0x4d, 0x42, 0x54, 0x53, 0x46, 0x43, 0x42, 0x46, 0x44, 0x5a, 0x44, 0x4c, 0x5a, 0x4e,
    0x46, 0x47, 0x46, 0x4a, 0x47, 0x46, 0x53, 0x4d, 0x50, 0x54, 0x4a, 0x51, 0x4c, 0x4d, 0x42, 0x4c, 0x47, 0x51, 0x43, 0x59, 0x59, 0x58, 0x42, 0x51,
    0x4b, 0x44, 0x58, 0x4a, 0x51, 0x53, 0x52, 0x46, 0x4b, 0x5a, 0x54, 0x4a, 0x44, 0x48, 0x43, 0x5a, 0x4b, 0x4c, 0x42, 0x53, 0x44, 0x5a, 0x43, 0x46,
    0x59, 0x54, 0x50, 0x4c, 0x4c, 0x4a, 0x47, 0x4a, 0x48, 0x54, 0x58, 0x5a, 0x43, 0x53, 0x53, 0x5a, 0x5a, 0x58, 0x53, 0x54, 0x43, 0x59, 0x47, 0x4b,
    0x47, 0x43, 0x4b, 0x47, 0x59, 0x4f, 0x51, 0x58, 0x4a, 0x50, 0x4c, 0x5a, 0x42, 0x42, 0x42, 0x47, 0x54, 0x47, 0x59, 0x4a, 0x44, 0x47, 0x43, 0x5a,
    0x51, 0x53, 0x5a, 0x4c, 0x42, 0x4a, 0x4c, 0x53, 0x4a, 0x46, 0x5a, 0x47, 0x4b, 0x51, 0x51, 0x4a, 0x43, 0x47, 0x59, 0x43, 0x5a, 0x42, 0x5a, 0x51,
    0x54, 0x4c, 0x44, 0x58, 0x52, 0x4a, 0x58, 0x42, 0x53, 0x58, 0x58, 0x50, 0x5a, 0x58, 0x48, 0x59, 0x5a, 0x59, 0x43, 0x4c, 0x57, 0x44, 0x53, 0x4a,
    0x4a, 0x48, 0x58, 0x4d, 0x46, 0x43, 0x5a, 0x50, 0x46, 0x5a, 0x48, 0x51, 0x48, 0x51, 0x4d, 0x51, 0x47, 0x4b, 0x53, 0x4c, 0x59, 0x48, 0x54, 0x59,
    0x43, 0x47, 0x46, 0x52, 0x5a, 0x47, 0x4e, 0x51, 0x58, 0x43, 0x4c, 0x50, 0x44, 0x4c, 0x42, 0x5a, 0x43, 0x53, 0x43, 0x5a, 0x51, 0x4c, 0x4c, 0x4a,
    0x42, 0x4c, 0x48, 0x42, 0x44, 0x43, 0x59, 0x50, 0x43, 0x5a, 0x50, 0x50, 0x44, 0x59, 0x4d, 0x54, 0x5a, 0x53, 0x47, 0x59, 0x48, 0x43, 0x4b, 0x43,
    0x50, 0x5a, 0x4a, 0x47, 0x53, 0x4c, 0x43, 0x4c, 0x4e, 0x53, 0x43, 0x44, 0x53, 0x4c, 0x44, 0x5a, 0x58, 0x42, 0x4d, 0x53, 0x44, 0x4c, 0x44, 0x44,
    0x46, 0x4a, 0x4d, 0x4b, 0x44, 0x4a, 0x44, 0x48, 0x53, 0x4c, 0x5a, 0x58, 0x4c, 0x53, 0x5a, 0x51, 0x50, 0x51, 0x50, 0x47, 0x4a, 0x4c, 0x4c, 0x59,
    0x42, 0x44, 0x53, 0x5a, 0x47, 0x51, 0x4c, 0x42, 0x5a, 0x4c, 0x53, 0x4c, 0x4b, 0x59, 0x59, 0x48, 0x5a, 0x54, 0x54, 0x4e, 0x43, 0x4a, 0x59, 0x51,
    0x54, 0x5a, 0x5a, 0x46, 0x53, 0x5a, 0x51, 0x5a, 0x54, 0x4c, 0x4c, 0x4a, 0x54, 0x59, 0x59, 0x4c, 0x4c, 0x51, 0x4c, 0x4c, 0x51, 0x59, 0x5a, 0x51,
    0x4c, 0x42, 0x44, 0x5a, 0x4c, 0x53, 0x4c, 0x59, 0x59, 0x5a, 0x59, 0x4d, 0x44, 0x46, 0x53, 0x5a, 0x53, 0x4e, 0x48, 0x4c, 0x58, 0x5a, 0x4e, 0x43,
    0x5a, 0x51, 0x5a, 0x42, 0x42, 0x57, 0x53, 0x4b, 0x52, 0x46, 0x42, 0x43, 0x59, 0x5a, 0x4d, 0x54, 0x48, 0x42, 0x4c, 0x47, 0x4a, 0x50, 0x4d, 0x43,
    0x5a, 0x5a, 0x43, 0x53, 0x54, 0x4c, 0x58, 0x53, 0x48, 0x54, 0x5a, 0x43, 0x59, 0x5a, 0x4c, 0x5a, 0x42, 0x4c, 0x46, 0x45, 0x51, 0x48, 0x4c, 0x58,
    0x46, 0x4c, 0x43, 0x4a, 0x4c, 0x59, 0x4c, 0x4a, 0x51, 0x43, 0x42, 0x5a, 0x4c, 0x5a, 0x4a, 0x47, 0x48, 0x53, 0x53, 0x54, 0x42, 0x52, 0x4d, 0x48,
    0x58, 0x5a, 0x48, 0x4a, 0x5a, 0x43, 0x4c, 0x58, 0x46, 0x4e, 0x42, 0x47, 0x58, 0x47, 0x54, 0x51, 0x4a, 0x43, 0x5a, 0x54, 0x4d, 0x53, 0x46, 0x5a,
    0x4b, 0x4a, 0x4d, 0x53, 0x53, 0x4e, 0x58, 0x4c, 0x4a, 0x4b, 0x42, 0x48, 0x53, 0x5a, 0x58, 0x4e, 0x54, 0x4e, 0x4c, 0x5a, 0x44, 0x4e, 0x54, 0x4c,
    0x4d, 0x53, 0x4a, 0x58, 0x47, 0x5a, 0x4a, 0x59, 0x4a, 0x43, 0x5a, 0x58, 0x59, 0x48, 0x59, 0x48, 0x57, 0x52, 0x57, 0x57, 0x51, 0x4e, 0x5a, 0x54,
    0x4e, 0x46, 0x4a, 0x53, 0x43, 0x50, 0x5a, 0x53, 0x48, 0x5a, 0x4a, 0x46, 0x59, 0x52, 0x44, 0x4a, 0x53, 0x46, 0x53, 0x43, 0x4a, 0x5a, 0x42, 0x4a,
    0x46, 0x5a, 0x51, 0x5a, 0x43, 0x48, 0x5a, 0x4c, 0x58, 0x46, 0x58, 0x53, 0x42, 0x5a, 0x51, 0x4c, 0x5a, 0x53, 0x47, 0x59, 0x46, 0x54, 0x5a, 0x44,
    0x43, 0x53, 0x5a, 0x58, 0x5a, 0x4a, 0x42, 0x51, 0x4d, 0x53, 0x5a, 0x4b, 0x4a, 0x52, 0x48, 0x58, 0x4a, 0x5a, 0x43, 0x47, 0x42, 0x4a, 0x4b, 0x48,
    0x43, 0x48, 0x47, 0x54, 0x4a, 0x4b, 0x4a, 0x51, 0x47, 0x4c, 0x58, 0x42, 0x58, 0x46, 0x47, 0x44, 0x52, 0x54, 0x59, 0x4c, 0x58, 0x4a, 0x58, 0x47,
    0x44, 0x54, 0x53, 0x4a, 0x58, 0x48, 0x4a, 0x5a, 0x4a, 0x4a, 0x43, 0x4d, 0x5a, 0x4c, 0x43, 0x51, 0x53, 0x42, 0x54, 0x58, 0x48, 0x51, 0x47, 0x58,
    0x54, 0x54, 0x58, 0x48, 0x58, 0x46, 0x54, 0x53, 0x44, 0x4b, 0x46, 0x4a, 0x48, 0x5a, 0x59, 0x4a, 0x46, 0x4a, 0x58, 0x52, 0x5a, 0x43, 0x44, 0x4c,
    0x4c, 0x4c, 0x43, 0x51, 0x53, 0x51, 0x51, 0x5a, 0x51, 0x57, 0x51, 0x58, 0x53, 0x57, 0x51, 0x54, 0x57, 0x47, 0x57, 0x42, 0x5a, 0x43, 0x47, 0x43,
    0x4c, 0x4c, 0x51, 0x5a, 0x42, 0x43, 0x4c, 0x4d, 0x51, 0x51, 0x54, 0x5a, 0x47, 0x5a, 0x58, 0x5a, 0x58, 0x4c, 0x4a, 0x46, 0x52, 0x4d, 0x59, 0x5a,
    0x46, 0x4c, 0x58, 0x59, 0x53, 0x51, 0x58, 0x58, 0x4a, 0x4b, 0x58, 0x52, 0x4d, 0x4a, 0x44, 0x43, 0x44, 0x4d, 0x4d, 0x59, 0x58, 0x42, 0x53, 0x51,
    0x42, 0x48, 0x47, 0x43, 0x4d, 0x57, 0x46, 0x57, 0x54, 0x47, 0x4d, 0x58, 0x4c, 0x5a, 0x42, 0x59, 0x59, 0x54, 0x47, 0x5a, 0x59, 0x43, 0x43, 0x44,
    0x58, 0x59, 0x5a, 0x58, 0x53, 0x57, 0x47, 0x58, 0x59, 0x4a, 0x59, 0x5a, 0x4e, 0x42, 0x47, 0x50, 0x5a, 0x4a, 0x43, 0x51, 0x53, 0x59, 0x58, 0x43,
    0x58, 0x52, 0x54, 0x46, 0x59, 0x43, 0x47, 0x52, 0x48, 0x5a, 0x54, 0x58, 0x53, 0x5a, 0x5a, 0x54, 0x48, 0x43, 0x42, 0x46, 0x43, 0x4c, 0x53, 0x59,
    0x58, 0x5a, 0x4c, 0x4a, 0x51, 0x4d, 0x5a, 0x4c, 0x4d, 0x50, 0x4c, 0x4d, 0x58, 0x5a, 0x4a, 0x53, 0x53, 0x46, 0x4c, 0x42, 0x59, 0x53, 0x4d, 0x59,
    0x51, 0x48, 0x58, 0x4a, 0x53, 0x58, 0x52, 0x58, 0x53, 0x51, 0x5a, 0x5a, 0x5a, 0x53, 0x53, 0x4c, 0x59, 0x46, 0x4c, 0x43, 0x5a, 0x4a, 0x52, 0x43,
    0x52, 0x58, 0x48, 0x48, 0x5a, 0x58, 0x51, 0x59, 0x44, 0x53, 0x48, 0x58, 0x53, 0x4a, 0x4a, 0x48, 0x5a, 0x43, 0x58, 0x4a, 0x42, 0x44, 0x59, 0x4e,
    0x53, 0x59, 0x53, 0x58, 0x4a, 0x42, 0x51, 0x4c, 0x50, 0x58, 0x5a, 0x51, 0x50, 0x59, 0x4d, 0x4c, 0x58, 0x5a, 0x4b, 0x59, 0x58, 0x4c, 0x58, 0x43,
    0x4a, 0x4c, 0x43, 0x59, 0x43, 0x52, 0x58, 0x5a, 0x5a, 0x4c, 0x4c, 0x44, 0x4c, 0x4c, 0x4c, 0x53, 0x4a, 0x59, 0x48, 0x5a, 0x58, 0x48, 0x59, 0x4a,
    0x57, 0x4b, 0x4a, 0x52, 0x57, 0x59, 0x48, 0x43, 0x50, 0x53, 0x47, 0x4e, 0x52, 0x5a, 0x4c, 0x46, 0x5a, 0x57, 0x46, 0x5a, 0x5a, 0x4e, 0x53, 0x58,
    0x47, 0x58, 0x46, 0x4c, 0x5a, 0x53, 0x58, 0x5a, 0x5a, 0x5a, 0x42, 0x46, 0x43, 0x53, 0x59, 0x4a, 0x44, 0x42, 0x52, 0x4a, 0x4b, 0x52, 0x44, 0x48,
    0x48, 0x47, 0x58, 0x4a, 0x4c, 0x4a, 0x4a, 0x54, 0x47, 0x58, 0x4a, 0x58, 0x58, 0x53, 0x54, 0x4a, 0x54, 0x4a, 0x58, 0x4c, 0x59, 0x58, 0x51, 0x46,
    0x43, 0x53, 0x47, 0x53, 0x57, 0x4d, 0x53, 0x42, 0x43, 0x54, 0x4c, 0x51, 0x5a, 0x5a, 0x57, 0x4c, 0x5a, 0x5a, 0x4b, 0x58, 0x4a, 0x4d, 0x4c, 0x54,
    0x4d, 0x4a, 0x59, 0x48, 0x53, 0x44, 0x44, 0x42, 0x58, 0x47, 0x5a, 0x48, 0x44, 0x4c, 0x42, 0x4d, 0x59, 0x4a, 0x46, 0x52, 0x5a, 0x46, 0x43, 0x47,
    0x43, 0x4c, 0x59, 0x4a, 0x42, 0x50, 0x4d, 0x4c, 0x59, 0x53, 0x4d, 0x53, 0x58, 0x4c, 0x53, 0x5a, 0x4a, 0x51, 0x51, 0x48, 0x4a, 0x5a, 0x46, 0x58,
    0x47, 0x46, 0x51, 0x46, 0x51, 0x42, 0x50, 0x58, 0x5a, 0x47, 0x59, 0x59, 0x51, 0x58, 0x47, 0x5a, 0x54, 0x43, 0x51, 0x57, 0x59, 0x4c, 0x54, 0x4c,
    0x47, 0x57, 0x57, 0x47, 0x57, 0x48, 0x4c, 0x4c, 0x46, 0x53, 0x46, 0x47, 0x5a, 0x4a, 0x4d, 0x47, 0x4d, 0x47, 0x42, 0x47, 0x54, 0x4a, 0x46, 0x53,
    0x59, 0x5a, 0x5a, 0x47, 0x5a, 0x59, 0x5a, 0x41, 0x46, 0x4c, 0x53, 0x53, 0x50, 0x4d, 0x4c, 0x42, 0x46, 0x4c, 0x43, 0x57, 0x42, 0x4a, 0x5a, 0x43,
    0x4c, 0x4a, 0x4a, 0x4d, 0x5a, 0x4c, 0x50, 0x4a, 0x4a, 0x4c, 0x59, 0x4d, 0x51, 0x44, 0x4d, 0x59, 0x59, 0x59, 0x46, 0x42, 0x47, 0x59, 0x47, 0x51,
    0x5a, 0x47, 0x4c, 0x59, 0x5a, 0x44, 0x58, 0x51, 0x59, 0x58, 0x52, 0x51, 0x51, 0x51, 0x48, 0x53, 0x58, 0x59, 0x59, 0x51, 0x51, 0x59, 0x47, 0x4a,
    0x54, 0x59, 0x58, 0x46, 0x53, 0x46, 0x53, 0x4c, 0x4c, 0x47, 0x4e, 0x51, 0x43, 0x59, 0x47, 0x59, 0x43, 0x57, 0x46, 0x48, 0x43, 0x43, 0x43, 0x46,
    0x58, 0x42, 0x59, 0x4c, 0x59, 0x50, 0x4c, 0x4c, 0x5a, 0x51, 0x58, 0x58, 0x58, 0x58, 0x58, 0x4b, 0x51, 0x48, 0x48, 0x58, 0x53, 0x48, 0x4a, 0x44,
    0x43, 0x46, 0x44, 0x53, 0x43, 0x5a, 0x4a, 0x58, 0x43, 0x50, 0x5a, 0x57, 0x48, 0x48, 0x48, 0x48, 0x48, 0x41, 0x50, 0x59, 0x4c, 0x48, 0x41, 0x4c,
    0x50, 0x51, 0x41, 0x46, 0x59, 0x48, 0x58, 0x44, 0x59, 0x4c, 0x4c, 0x4b, 0x4d, 0x5a, 0x51, 0x47, 0x47, 0x47, 0x44, 0x44, 0x45, 0x53, 0x52, 0x4e,
    0x4e, 0x44, 0x4c, 0x54, 0x5a, 0x47, 0x43, 0x48, 0x59, 0x42, 0x50, 0x59, 0x53, 0x51, 0x4a, 0x4a, 0x48, 0x43, 0x4c, 0x4c, 0x4a, 0x54, 0x4f, 0x4c,
    0x4e, 0x4a, 0x50, 0x5a, 0x4c, 0x4a, 0x4c, 0x48, 0x59, 0x4d, 0x48, 0x45, 0x59, 0x44, 0x59, 0x44, 0x53, 0x51, 0x59, 0x43, 0x44, 0x44, 0x48, 0x47,
    0x5a, 0x50, 0x4e, 0x44, 0x5a, 0x43, 0x4c, 0x5a, 0x59, 0x57, 0x4c, 0x4c, 0x5a, 0x4e, 0x54, 0x45, 0x59, 0x54, 0x47, 0x58, 0x4c, 0x48, 0x53, 0x4c,
    0x50, 0x4a, 0x4a, 0x42, 0x44, 0x47, 0x57, 0x58, 0x50, 0x43, 0x44, 0x4e, 0x54, 0x4a, 0x43, 0x4b, 0x4c, 0x4b, 0x43, 0x4c, 0x57, 0x4b, 0x4c, 0x4c,
    0x43, 0x41, 0x53, 0x53, 0x54, 0x4b, 0x4e, 0x5a, 0x44, 0x4e, 0x51, 0x4e, 0x54, 0x54, 0x4c, 0x59, 0x59, 0x5a, 0x53, 0x53, 0x59, 0x53, 0x53, 0x5a,
    0x5a, 0x52, 0x59, 0x4c, 0x4a, 0x51, 0x4b, 0x43, 0x47, 0x42, 0x48, 0x48, 0x43, 0x52, 0x58, 0x52, 0x5a, 0x59, 0x44, 0x47, 0x52, 0x47, 0x43, 0x57,
    0x43, 0x47, 0x5a, 0x48, 0x46, 0x46, 0x46, 0x50, 0x50, 0x4a, 0x46, 0x5a, 0x59, 0x4e, 0x41, 0x4b, 0x52, 0x47, 0x59, 0x57, 0x59, 0x51, 0x50, 0x51,
    0x58, 0x58, 0x46, 0x4b, 0x4a, 0x54, 0x53, 0x5a, 0x5a, 0x58, 0x53, 0x57, 0x5a, 0x44, 0x44, 0x46, 0x42, 0x42, 0x51, 0x54, 0x42, 0x47, 0x54, 0x5a,
    0x46, 0x5a, 0x4e, 0x50, 0x5a, 0x46, 0x50, 0x5a, 0x58, 0x5a, 0x50, 0x4a, 0x53, 0x5a, 0x42, 0x4d, 0x51, 0x48, 0x4b, 0x43, 0x59, 0x58, 0x59, 0x4c,
    0x44, 0x4b, 0x4c, 0x4a, 0x4e, 0x59, 0x50, 0x4b, 0x59, 0x47, 0x48, 0x47, 0x44, 0x43, 0x4a, 0x58, 0x58, 0x45, 0x41, 0x48, 0x50, 0x4e, 0x5a, 0x47,
    0x43, 0x54, 0x5a, 0x43, 0x4d, 0x58, 0x43, 0x58, 0x4d, 0x4d, 0x4a, 0x58, 0x4e, 0x4b, 0x53, 0x5a, 0x51, 0x4e, 0x4d, 0x4e, 0x4c, 0x57, 0x42, 0x57,
    0x57, 0x58, 0x4a, 0x4a, 0x59, 0x48, 0x43, 0x4c, 0x53, 0x54, 0x4d, 0x43, 0x53, 0x51, 0x44, 0x4a, 0x43, 0x58, 0x58, 0x54, 0x50, 0x43, 0x4e, 0x50,
    0x44, 0x54, 0x4e, 0x4e, 0x50, 0x47, 0x4c, 0x4c, 0x4c, 0x5a, 0x43, 0x4a, 0x4c, 0x53, 0x50, 0x42, 0x4c, 0x50, 0x4c, 0x4b, 0x43, 0x44, 0x54, 0x4e,
    0x4a, 0x4e, 0x4c, 0x59, 0x59, 0x52, 0x53, 0x43, 0x46, 0x46, 0x4a, 0x46, 0x51, 0x57, 0x44, 0x50, 0x47, 0x5a, 0x44, 0x57, 0x4d, 0x4e, 0x5a, 0x43,
    0x43, 0x4c, 0x4f, 0x44, 0x41, 0x58, 0x4e, 0x53, 0x53, 0x4e, 0x59, 0x5a, 0x52, 0x45, 0x53, 0x54, 0x59, 0x4a, 0x57, 0x4a, 0x59, 0x4a, 0x44, 0x42,
    0x43, 0x46, 0x58, 0x4e, 0x4d, 0x57, 0x54, 0x54, 0x42, 0x51, 0x4c, 0x57, 0x53, 0x54, 0x53, 0x5a, 0x47, 0x59, 0x42, 0x4c, 0x4a, 0x50, 0x58, 0x47,
    0x4c, 0x42, 0x4f, 0x43, 0x4c, 0x47, 0x50, 0x43, 0x42, 0x4a, 0x46, 0x54, 0x4d, 0x58, 0x5a, 0x4c, 0x4a, 0x59, 0x4c, 0x5a, 0x58, 0x43, 0x4c, 0x54,
    0x50, 0x4e, 0x43, 0x4c, 0x43, 0x47, 0x58, 0x54, 0x46, 0x5a, 0x4a, 0x53, 0x48, 0x43, 0x52, 0x58, 0x53, 0x46, 0x59, 0x53, 0x5a, 0x44, 0x4b, 0x4e,
    0x54, 0x4c, 0x42, 0x59, 0x4a, 0x43, 0x59, 0x4a, 0x4c, 0x4c, 0x53, 0x54, 0x47, 0x51, 0x43, 0x42, 0x58, 0x4e, 0x57, 0x5a, 0x58, 0x42, 0x58, 0x4b,
    0x4c, 0x59, 0x4c, 0x48, 0x5a, 0x4c, 0x51, 0x5a, 0x4c, 0x4e, 0x5a, 0x43, 0x51, 0x57, 0x47, 0x5a, 0x4c, 0x47, 0x5a, 0x4a, 0x4e, 0x43, 0x4a, 0x47,
    0x43, 0x4d, 0x4e, 0x5a, 0x5a, 0x47, 0x4a, 0x44, 0x5a, 0x58, 0x54, 0x5a, 0x4a, 0x58, 0x59, 0x43, 0x59, 0x59, 0x43, 0x58, 0x58, 0x4a, 0x59, 0x59,
    0x58, 0x4a, 0x4a, 0x58, 0x53, 0x53, 0x53, 0x4a, 0x53, 0x54, 0x53, 0x53, 0x54, 0x54, 0x50, 0x50, 0x47, 0x48, 0x54, 0x43, 0x53, 0x58, 0x57, 0x5a,
    0x44, 0x43, 0x53, 0x59, 0x46, 0x50, 0x54, 0x46, 0x42, 0x43, 0x48, 0x46, 0x42, 0x42, 0x4c, 0x5a, 0x4a, 0x43, 0x4c, 0x5a, 0x5a, 0x44, 0x42, 0x58,
    0x47, 0x43, 0x58, 0x4c, 0x51, 0x50, 0x58, 0x4b, 0x46, 0x5a, 0x46, 0x4c, 0x53, 0x59, 0x4c, 0x54, 0x59, 0x57, 0x42, 0x4d, 0x4e, 0x4a, 0x48, 0x53,
    0x4b, 0x42, 0x4d, 0x44, 0x44, 0x42, 0x43, 0x59, 0x53, 0x43, 0x43, 0x4c, 0x44, 0x58, 0x59, 0x43, 0x44, 0x44, 0x51, 0x4c, 0x59, 0x4a, 0x4a, 0x48,
    0x4d, 0x51, 0x4c, 0x4c, 0x43, 0x53, 0x47, 0x4c, 0x4a, 0x4a, 0x53, 0x59, 0x46, 0x50, 0x59, 0x59, 0x43, 0x43, 0x59, 0x4c, 0x54, 0x4a, 0x41, 0x4e,
    0x54, 0x4a, 0x4a, 0x50, 0x57, 0x59, 0x43, 0x4d, 0x4d, 0x47, 0x51, 0x59, 0x59, 0x53, 0x58, 0x44, 0x48, 0x51, 0x4d, 0x5a, 0x48, 0x53, 0x5a, 0x58,
    0x42, 0x46, 0x54, 0x57, 0x57, 0x5a, 0x51, 0x53, 0x57, 0x51, 0x52, 0x46, 0x4b, 0x4a, 0x4c, 0x58, 0x4a, 0x51, 0x51, 0x59, 0x46, 0x42, 0x52, 0x58,
    0x4a, 0x48, 0x48, 0x46, 0x57, 0x4a, 0x47, 0x5a, 0x59, 0x51, 0x41, 0x43, 0x4d, 0x59, 0x46, 0x52, 0x48, 0x43, 0x59, 0x59, 0x42, 0x59, 0x51, 0x57,
    0x4c, 0x50, 0x45, 0x58, 0x43, 0x43, 0x5a, 0x53, 0x54, 0x59, 0x52, 0x4c, 0x54, 0x53, 0x44, 0x4d, 0x51, 0x4c, 0x59, 0x4b, 0x4d, 0x42, 0x42, 0x47,
    0x4d, 0x59, 0x59, 0x4a, 0x50, 0x52, 0x4b, 0x4e, 0x4e, 0x42, 0x42, 0x53, 0x58, 0x59, 0x58, 0x42, 0x48, 0x59, 0x5a, 0x44, 0x4a, 0x44, 0x4e, 0x47,
    0x48, 0x50, 0x4d, 0x46, 0x53, 0x47, 0x42, 0x57, 0x46, 0x5a, 0x4d, 0x46, 0x4a, 0x4d, 0x4d, 0x42, 0x43, 0x4d, 0x5a, 0x44, 0x43, 0x4a, 0x4a, 0x4c,
    0x43, 0x4e, 0x59, 0x58, 0x59, 0x51, 0x47, 0x4d, 0x4c, 0x52, 0x59, 0x47, 0x51, 0x43, 0x43, 0x59, 0x48, 0x5a, 0x4c, 0x57, 0x4a, 0x47, 0x43, 0x4a,
    0x43, 0x47, 0x47, 0x4d, 0x43, 0x4a, 0x4a, 0x46, 0x59, 0x5a, 0x5a, 0x4a, 0x48, 0x59, 0x43, 0x46, 0x52, 0x52, 0x43, 0x4d, 0x54, 0x5a, 0x51, 0x5a,
    0x58, 0x48, 0x46, 0x51, 0x47, 0x44, 0x4a, 0x58, 0x43, 0x43, 0x4a, 0x45, 0x41, 0x51, 0x43, 0x52, 0x4a, 0x54, 0x48, 0x50, 0x4c, 0x4a, 0x4c, 0x53,
    0x5a, 0x44, 0x4a, 0x52, 0x42, 0x43, 0x51, 0x48, 0x4a, 0x44, 0x5a, 0x52, 0x48, 0x58, 0x4c, 0x59, 0x58, 0x4a, 0x53, 0x59, 0x4d, 0x48, 0x5a, 0x59,
    0x44, 0x57, 0x4c, 0x44, 0x46, 0x52, 0x59, 0x48, 0x42, 0x42, 0x59, 0x44, 0x54, 0x53, 0x53, 0x43, 0x43, 0x57, 0x42, 0x58, 0x47, 0x4c, 0x50, 0x5a,
    0x4d, 0x4c, 0x5a, 0x5a, 0x54, 0x51, 0x53, 0x53, 0x43, 0x50, 0x4a, 0x4d, 0x4d, 0x58, 0x4a, 0x43, 0x53, 0x4a, 0x59, 0x54, 0x59, 0x43, 0x47, 0x48,
    0x59, 0x43, 0x4a, 0x57, 0x53, 0x4e, 0x53, 0x58, 0x4c, 0x46, 0x45, 0x4d, 0x57, 0x4a, 0x4e, 0x4d, 0x4b, 0x4c, 0x4c, 0x53, 0x57, 0x54, 0x58, 0x48,
    0x59, 0x59, 0x59, 0x47, 0x43, 0x4d, 0x4d, 0x43, 0x57, 0x4a, 0x44, 0x51, 0x44, 0x4a, 0x5a, 0x47, 0x4c, 0x4c, 0x4a, 0x57, 0x4a, 0x4e, 0x4b, 0x48,
    0x50, 0x5a, 0x47, 0x47, 0x46, 0x4c, 0x43, 0x43, 0x53, 0x43, 0x5a, 0x4d, 0x43, 0x42, 0x4c, 0x54, 0x42, 0x48, 0x42, 0x51, 0x4a, 0x58, 0x51, 0x44,
    0x4a, 0x50, 0x44, 0x4a, 0x51, 0x54, 0x47, 0x48, 0x47, 0x4c, 0x46, 0x51, 0x41, 0x57, 0x42, 0x5a, 0x59, 0x5a, 0x4a, 0x4c, 0x54, 0x53, 0x54, 0x44,
    0x48, 0x51, 0x48, 0x43, 0x54, 0x43, 0x42, 0x43, 0x48, 0x46, 0x4c, 0x51, 0x4d, 0x50, 0x57, 0x44, 0x53, 0x48, 0x59, 0x59, 0x54, 0x51, 0x57, 0x43,
    0x4e, 0x5a, 0x54, 0x4a, 0x54, 0x4c, 0x42, 0x59, 0x50, 0x42, 0x50, 0x44, 0x59, 0x59, 0x59, 0x58, 0x53, 0x51, 0x4b, 0x58, 0x57, 0x59, 0x59, 0x46,
    0x4c, 0x58, 0x58, 0x4e, 0x43, 0x57, 0x43, 0x58, 0x59, 0x42, 0x4d, 0x41, 0x45, 0x4c, 0x59, 0x4b, 0x4b, 0x4a, 0x4d, 0x5a, 0x5a, 0x5a, 0x42, 0x52,
    0x58, 0x59, 0x41, 0x51, 0x4a, 0x46, 0x4c, 0x4a, 0x50, 0x46, 0x48, 0x48, 0x48, 0x59, 0x54, 0x5a, 0x5a, 0x58, 0x52, 0x47, 0x51, 0x51, 0x4d, 0x48,
    0x53, 0x50, 0x47, 0x44, 0x5a, 0x4a, 0x57, 0x42, 0x57, 0x50, 0x4a, 0x48, 0x5a, 0x4a, 0x44, 0x59, 0x4a, 0x43, 0x51, 0x57, 0x5a, 0x4b, 0x54, 0x48,
    0x58, 0x53, 0x51, 0x4c, 0x5a, 0x59, 0x59, 0x4d, 0x59, 0x53, 0x44, 0x5a, 0x47, 0x52, 0x58, 0x43, 0x4b, 0x4b, 0x48, 0x4a, 0x4c, 0x57, 0x50, 0x59,
    0x53, 0x59, 0x53, 0x43, 0x53, 0x59, 0x5a, 0x4c, 0x52, 0x4d, 0x4c, 0x51, 0x53, 0x59, 0x4c, 0x4a, 0x58, 0x42, 0x43, 0x58, 0x54, 0x4c, 0x48, 0x44,
    0x51, 0x5a, 0x50, 0x43, 0x59, 0x43, 0x59, 0x4b, 0x50, 0x50, 0x50, 0x4e, 0x53, 0x58, 0x46, 0x59, 0x5a, 0x4a, 0x4a, 0x52, 0x43, 0x45, 0x4d, 0x48,
    0x53, 0x5a, 0x4d, 0x53, 0x58, 0x4c, 0x58, 0x47, 0x4c, 0x52, 0x57, 0x47, 0x43, 0x53, 0x54, 0x4c, 0x52, 0x53, 0x58, 0x42, 0x59, 0x47, 0x42, 0x5a,
    0x47, 0x5a, 0x54, 0x43, 0x50, 0x4c, 0x44, 0x4a, 0x4c, 0x53, 0x4c, 0x59, 0x4c, 0x59, 0x4d, 0x44, 0x54, 0x4d, 0x54, 0x43, 0x50, 0x41, 0x4c, 0x43,
    0x58, 0x50, 0x51, 0x4a, 0x43, 0x4a, 0x57, 0x54, 0x43, 0x59, 0x59, 0x5a, 0x4c, 0x42, 0x4c, 0x58, 0x42, 0x5a, 0x4c, 0x51, 0x4d, 0x59, 0x4c, 0x4a,
    0x50, 0x47, 0x48, 0x44, 0x53, 0x4c, 0x53, 0x53, 0x44, 0x4d, 0x58, 0x4d, 0x42, 0x44, 0x43, 0x5a, 0x53, 0x58, 0x57, 0x48, 0x41, 0x4d, 0x4c, 0x43,
    0x5a, 0x43, 0x50, 0x4a, 0x4d, 0x43, 0x4e, 0x48, 0x4a, 0x59, 0x4a, 0x4e, 0x53, 0x59, 0x47, 0x43, 0x48, 0x53, 0x4b, 0x51, 0x4d, 0x5a, 0x5a, 0x51,
    0x44, 0x4c, 0x4c, 0x4b, 0x41, 0x42, 0x4c, 0x57, 0x4a, 0x51, 0x53, 0x42, 0x4d, 0x4f, 0x43, 0x44, 0x58, 0x4a, 0x52, 0x52, 0x4c, 0x59, 0x51, 0x43,
    0x48, 0x4a, 0x4d, 0x59, 0x42, 0x59, 0x51, 0x4c, 0x52, 0x48, 0x45, 0x54, 0x46, 0x4a, 0x5a, 0x46, 0x52, 0x46, 0x4b, 0x53, 0x52, 0x59, 0x58, 0x46,
    0x4a, 0x44, 0x57, 0x44, 0x53, 0x58, 0x58, 0x4c, 0x57, 0x53, 0x51, 0x4a, 0x59, 0x53, 0x4c, 0x59, 0x58, 0x57, 0x4a, 0x48, 0x53, 0x4e, 0x4c, 0x58,
    0x59, 0x41, 0x58, 0x48, 0x42, 0x48, 0x41, 0x57, 0x48, 0x48, 0x4a, 0x43, 0x58, 0x57, 0x4d, 0x59, 0x4c, 0x4a, 0x43, 0x53, 0x51, 0x4c, 0x4b, 0x59,
    0x44, 0x54, 0x54, 0x58, 0x42, 0x5a, 0x53, 0x58, 0x46, 0x44, 0x58, 0x47, 0x58, 0x53, 0x4a, 0x48, 0x48, 0x53, 0x58, 0x58, 0x59, 0x42, 0x53, 0x53,
    0x58, 0x44, 0x50, 0x57, 0x4e, 0x43, 0x4d, 0x52, 0x50, 0x54, 0x4a, 0x5a, 0x43, 0x5a, 0x45, 0x4e, 0x59, 0x47, 0x43, 0x58, 0x51, 0x46, 0x4a, 0x58,
    0x4b, 0x4a, 0x42, 0x44, 0x4d, 0x4c, 0x4a, 0x43, 0x4d, 0x51, 0x51, 0x58, 0x4c, 0x4f, 0x58, 0x53, 0x4c, 0x59, 0x58, 0x58, 0x4c, 0x59, 0x4c, 0x4c,
    0x4a, 0x44, 0x5a, 0x42, 0x54, 0x59, 0x4d, 0x48, 0x42, 0x46, 0x53, 0x54, 0x54, 0x51, 0x51, 0x57, 0x4c, 0x48, 0x4f, 0x47, 0x59, 0x42, 0x4c, 0x53,
    0x43, 0x41, 0x4c, 0x5a, 0x58, 0x51, 0x4c, 0x48, 0x54, 0x57, 0x52, 0x52, 0x51, 0x48, 0x4c, 0x53, 0x54, 0x4d, 0x59, 0x50, 0x59, 0x58, 0x4a, 0x4a,
    0x58, 0x4d, 0x51, 0x53, 0x4a, 0x50, 0x4e, 0x42, 0x52, 0x59, 0x58, 0x59, 0x4a, 0x4c, 0x4c, 0x59, 0x51, 0x59, 0x4c, 0x54, 0x48, 0x59, 0x4c, 0x51,
    0x59, 0x46, 0x4d, 0x48, 0x4b, 0x4c, 0x4a, 0x44, 0x4d, 0x4c, 0x4c, 0x48, 0x46, 0x5a, 0x57, 0x4b, 0x5a, 0x48, 0x4c, 0x4a, 0x4d, 0x4c, 0x48, 0x4c,
    0x4a, 0x4b, 0x4c, 0x4a, 0x53, 0x54, 0x4c, 0x51, 0x58, 0x59, 0x4c, 0x4d, 0x42, 0x48, 0x48, 0x4c, 0x4e, 0x4c, 0x53, 0x58, 0x51, 0x43, 0x48, 0x58,
    0x43, 0x46, 0x58, 0x58, 0x4c, 0x48, 0x59, 0x48, 0x4a, 0x4a, 0x47, 0x42, 0x59, 0x5a, 0x5a, 0x4b, 0x42, 0x58, 0x53, 0x43, 0x51, 0x44, 0x4a, 0x51,
    0x44, 0x53, 0x58, 0x4a, 0x5a, 0x53, 0x59, 0x48, 0x5a, 0x48, 0x48, 0x4d, 0x47, 0x53, 0x58, 0x43, 0x53, 0x59, 0x4d, 0x58, 0x46, 0x45, 0x42, 0x43,
    0x51, 0x57, 0x57, 0x52, 0x42, 0x50, 0x59, 0x59, 0x4a, 0x51, 0x54, 0x59, 0x51, 0x43, 0x59, 0x4a, 0x48, 0x51, 0x51, 0x5a, 0x59, 0x48, 0x4d, 0x57,
    0x46, 0x46, 0x48, 0x47, 0x5a, 0x46, 0x52, 0x4a, 0x46, 0x43, 0x44, 0x42, 0x58, 0x4e, 0x44, 0x51, 0x59, 0x5a, 0x50, 0x43, 0x59, 0x48, 0x48, 0x4a,
    0x4c, 0x46, 0x52, 0x5a, 0x47, 0x50, 0x50, 0x58, 0x5a, 0x44, 0x42, 0x42, 0x47, 0x5a, 0x51, 0x53, 0x54, 0x4c, 0x47, 0x44, 0x47, 0x59, 0x4c, 0x43,
    0x51, 0x4d, 0x47, 0x43, 0x48, 0x48, 0x4d, 0x46, 0x59, 0x57, 0x4c, 0x5a, 0x59, 0x58, 0x4b, 0x4a, 0x4c, 0x59, 0x50, 0x51, 0x48, 0x53, 0x59, 0x57,
    0x4d, 0x51, 0x51, 0x47, 0x51, 0x5a, 0x4d, 0x4c, 0x5a, 0x4a, 0x4e, 0x53, 0x51, 0x58, 0x4a, 0x51, 0x53, 0x59, 0x4a, 0x54, 0x43, 0x42, 0x45, 0x48,
    0x53, 0x58, 0x46, 0x53, 0x53, 0x46, 0x58, 0x5a, 0x57, 0x46, 0x4c, 0x4c, 0x42, 0x43, 0x59, 0x59, 0x4a, 0x44, 0x59, 0x54, 0x44, 0x54, 0x48, 0x57,
    0x5a, 0x53, 0x46, 0x4a, 0x4d, 0x51, 0x51, 0x59, 0x4a, 0x4c, 0x4d, 0x51, 0x53, 0x58, 0x4c, 0x4c, 0x44, 0x54, 0x54, 0x4b, 0x48, 0x48, 0x59, 0x42,
    0x46, 0x50, 0x57, 0x44, 0x59, 0x59, 0x53, 0x51, 0x51, 0x52, 0x4e, 0x51, 0x57, 0x4c, 0x47, 0x57, 0x44, 0x45, 0x42, 0x44, 0x57, 0x43, 0x59, 0x59,
    0x47, 0x43, 0x44, 0x4c, 0x4b, 0x4a, 0x58, 0x54, 0x4d, 0x58, 0x4d, 0x59, 0x4a, 0x53, 0x58, 0x48, 0x59, 0x42, 0x52, 0x57, 0x46, 0x59, 0x4d, 0x57,
    0x46, 0x52, 0x58, 0x59, 0x51, 0x4d, 0x58, 0x59, 0x53, 0x43, 0x54, 0x5a, 0x5a, 0x54, 0x46, 0x59, 0x4b, 0x4d, 0x4c, 0x44, 0x48, 0x51, 0x44, 0x4c,
    0x57, 0x59, 0x51, 0x4e, 0x4c, 0x43, 0x52, 0x59, 0x4a, 0x42, 0x4c, 0x50, 0x53, 0x58, 0x43, 0x58, 0x59, 0x57, 0x4c, 0x53, 0x42, 0x52, 0x52, 0x4a,
    0x57, 0x58, 0x48, 0x51, 0x59, 0x42, 0x48, 0x54, 0x59, 0x44, 0x4e, 0x48, 0x48, 0x47, 0x4d, 0x4d, 0x59, 0x57, 0x59, 0x54, 0x5a, 0x43, 0x53, 0x51,
    0x4d, 0x54, 0x53, 0x53, 0x43, 0x43, 0x44, 0x41, 0x4c, 0x57, 0x5a, 0x54, 0x43, 0x50, 0x51, 0x50, 0x59, 0x4a, 0x4c, 0x4c, 0x51, 0x5a, 0x59, 0x4a,
    0x53, 0x57, 0x58, 0x57, 0x5a, 0x5a, 0x4d, 0x4d, 0x47, 0x4c, 0x4d, 0x58, 0x43, 0x4c, 0x4d, 0x58, 0x43, 0x5a, 0x4d, 0x58, 0x4d, 0x5a, 0x53, 0x51,
    0x54, 0x5a, 0x50, 0x50, 0x4a, 0x51, 0x42, 0x4c, 0x50, 0x47, 0x58, 0x4a, 0x5a, 0x48, 0x46, 0x4c, 0x4a, 0x4a, 0x48, 0x59, 0x43, 0x4a, 0x53, 0x4e,
    0x58, 0x57, 0x43, 0x58, 0x53, 0x43, 0x43, 0x44, 0x4c, 0x58, 0x53, 0x59, 0x4a, 0x44, 0x43, 0x51, 0x43, 0x58, 0x53, 0x4c, 0x51, 0x59, 0x43, 0x4c,
    0x5a, 0x58, 0x4c, 0x5a, 0x5a, 0x58, 0x4d, 0x58, 0x51, 0x52, 0x4a, 0x4d, 0x48, 0x52, 0x48, 0x5a, 0x4a, 0x50, 0x48, 0x4d, 0x46, 0x4c, 0x4a, 0x4c,
    0x4d, 0x4c, 0x43, 0x4c, 0x51, 0x4e, 0x4c, 0x44, 0x58, 0x5a, 0x4c, 0x4c, 0x4c, 0x46, 0x59, 0x50, 0x4e, 0x47, 0x4a, 0x59, 0x53, 0x58, 0x43, 0x51,
    0x51, 0x44, 0x43, 0x4d, 0x51, 0x4a, 0x5a, 0x5a, 0x58, 0x48, 0x4e, 0x50, 0x4e, 0x58, 0x5a, 0x4d, 0x45, 0x4b, 0x4d, 0x58, 0x58, 0x59, 0x4b, 0x59,
    0x51, 0x4c, 0x58, 0x53, 0x58, 0x54, 0x58, 0x4a, 0x58, 0x59, 0x48, 0x57, 0x44, 0x43, 0x57, 0x44, 0x5a, 0x48, 0x51, 0x59, 0x59, 0x42, 0x47, 0x59,
    0x42, 0x43, 0x59, 0x53, 0x43, 0x46, 0x47, 0x46, 0x53, 0x4a, 0x4e, 0x5a, 0x44, 0x59, 0x5a, 0x5a, 0x4a, 0x5a, 0x58, 0x52, 0x5a, 0x52, 0x51, 0x4a,
    0x4a, 0x59, 0x4d, 0x43, 0x41, 0x4e, 0x48, 0x52, 0x4a, 0x54, 0x4c, 0x44, 0x42, 0x50, 0x59, 0x5a, 0x42, 0x53, 0x54, 0x4a, 0x48, 0x58, 0x58, 0x5a,
    0x59, 0x50, 0x42, 0x44, 0x57, 0x46, 0x47, 0x5a, 0x5a, 0x52, 0x50, 0x59, 0x4d, 0x54, 0x4e, 0x47, 0x58, 0x5a, 0x51, 0x42, 0x59, 0x58, 0x4d, 0x42,
    0x42, 0x46, 0x43, 0x43, 0x4b, 0x52, 0x4a, 0x51, 0x4a, 0x42, 0x4a, 0x45, 0x47, 0x52, 0x5a, 0x47, 0x59, 0x43, 0x4c, 0x4b, 0x58, 0x5a, 0x44, 0x58,
    0x4b, 0x4b, 0x4e, 0x53, 0x4a, 0x4b, 0x43, 0x4c, 0x4a, 0x53, 0x50, 0x47, 0x59, 0x59, 0x5a, 0x4c, 0x51, 0x51, 0x4a, 0x59, 0x42, 0x5a, 0x53, 0x53,
    0x51, 0x4c, 0x4c, 0x4c, 0x4b, 0x4a, 0x46, 0x43, 0x42, 0x4b, 0x54, 0x59, 0x4c, 0x43, 0x43, 0x43, 0x44, 0x42, 0x4c, 0x53, 0x50, 0x50, 0x46, 0x59,
    0x4c, 0x47, 0x59, 0x44, 0x54, 0x5a, 0x4a, 0x59, 0x51, 0x47, 0x47, 0x4b, 0x51, 0x54, 0x54, 0x46, 0x43, 0x58, 0x42, 0x44, 0x4b, 0x44, 0x58, 0x58,
    0x48, 0x59, 0x42, 0x42, 0x46, 0x59, 0x54, 0x59, 0x48, 0x42, 0x43, 0x4c, 0x50, 0x44, 0x59, 0x54, 0x47, 0x44, 0x48, 0x52, 0x59, 0x52, 0x4e, 0x4a,
    0x53, 0x42, 0x54, 0x43, 0x53, 0x4e, 0x59, 0x4a, 0x51, 0x48, 0x4b, 0x4c, 0x4c, 0x4c, 0x5a, 0x53, 0x4c, 0x59, 0x44, 0x58, 0x58, 0x57, 0x42, 0x43,
    0x4a, 0x51, 0x53, 0x42, 0x58, 0x42, 0x46, 0x4a, 0x5a, 0x4a, 0x43, 0x4a, 0x44, 0x5a, 0x46, 0x42, 0x58, 0x58, 0x42, 0x52, 0x4d, 0x4c, 0x41, 0x5a,
    0x47, 0x43, 0x53, 0x4e, 0x43, 0x4c, 0x42, 0x4a, 0x44, 0x53, 0x54, 0x42, 0x4c, 0x46, 0x52, 0x5a, 0x44, 0x53, 0x57, 0x53, 0x42, 0x58, 0x42, 0x43,
    0x4c, 0x4c, 0x58, 0x58, 0x4c, 0x5a, 0x44, 0x4a, 0x5a, 0x53, 0x4a, 0x50, 0x59, 0x4c, 0x59, 0x58, 0x58, 0x59, 0x46, 0x54, 0x46, 0x46, 0x46, 0x42,
    0x48, 0x4a, 0x4a, 0x4a, 0x47, 0x42, 0x59, 0x47, 0x4a, 0x50, 0x4d, 0x4d, 0x4d, 0x4d, 0x53, 0x53, 0x43, 0x4c, 0x4a, 0x4d, 0x54, 0x4c, 0x59, 0x5a,
    0x4a, 0x58, 0x53, 0x57, 0x58, 0x54, 0x59, 0x4c, 0x45, 0x44, 0x51, 0x50, 0x4a, 0x4d, 0x59, 0x47, 0x51, 0x5a, 0x4a, 0x47, 0x44, 0x4a, 0x4c, 0x51,
    0x4a, 0x57, 0x4a, 0x51, 0x4c, 0x4c, 0x53, 0x44, 0x47, 0x4a, 0x47, 0x59, 0x47, 0x4d, 0x53, 0x43, 0x4c, 0x4a, 0x4a, 0x58, 0x44, 0x54, 0x59, 0x47,
    0x4a, 0x51, 0x4a, 0x51, 0x4a, 0x43, 0x4a, 0x5a, 0x43, 0x4a, 0x47, 0x44, 0x5a, 0x44, 0x53, 0x48, 0x51, 0x47, 0x53, 0x4a, 0x47, 0x47, 0x43, 0x4a,
    0x48, 0x51, 0x58, 0x53, 0x4e, 0x4a, 0x4c, 0x5a, 0x5a, 0x42, 0x58, 0x48, 0x53, 0x47, 0x5a, 0x58, 0x43, 0x58, 0x59, 0x4c, 0x4a, 0x58, 0x59, 0x58,
    0x59, 0x59, 0x44, 0x46, 0x51, 0x51, 0x4a, 0x48, 0x4a, 0x46, 0x58, 0x44, 0x48, 0x43, 0x54, 0x58, 0x4a, 0x59, 0x52, 0x58, 0x59, 0x53, 0x51, 0x54,
    0x4a, 0x58, 0x59, 0x45, 0x46, 0x59, 0x59, 0x53, 0x53, 0x59, 0x58, 0x4a, 0x58, 0x4e, 0x43, 0x59, 0x5a, 0x58, 0x46, 0x58, 0x43, 0x53, 0x59, 0x53,
    0x5a, 0x58, 0x59, 0x59, 0x53, 0x43, 0x48, 0x53, 0x48, 0x58, 0x5a, 0x5a, 0x5a, 0x47, 0x5a, 0x5a, 0x5a, 0x47, 0x46, 0x4a, 0x44, 0x4c, 0x44, 0x59,
    0x4c, 0x4e, 0x50, 0x5a, 0x47, 0x59, 0x4a, 0x59, 0x5a, 0x59, 0x59, 0x51, 0x5a, 0x50, 0x42, 0x58, 0x51, 0x42, 0x44, 0x5a, 0x54, 0x5a, 0x43, 0x5a,
    0x59, 0x58, 0x58, 0x59, 0x48, 0x48, 0x53, 0x43, 0x58, 0x53, 0x48, 0x43, 0x47, 0x47, 0x51, 0x48, 0x4a, 0x48, 0x47, 0x58, 0x57, 0x53, 0x5a, 0x54,
    0x4d, 0x5a, 0x4d, 0x45, 0x48, 0x59, 0x58, 0x47, 0x45, 0x42, 0x54, 0x59, 0x4c, 0x5a, 0x4b, 0x4b, 0x57, 0x59, 0x54, 0x4a, 0x5a, 0x52, 0x43, 0x4c,
    0x45, 0x4b, 0x45, 0x53, 0x54, 0x44, 0x42, 0x43, 0x59, 0x4b, 0x51, 0x51, 0x53, 0x41, 0x59, 0x58, 0x43, 0x4a, 0x58, 0x57, 0x57, 0x47, 0x53, 0x42,
    0x48, 0x4a, 0x53, 0x5a, 0x53, 0x44, 0x48, 0x43, 0x53, 0x4a, 0x4b, 0x51, 0x43, 0x58, 0x53, 0x57, 0x58, 0x46, 0x43, 0x54, 0x59, 0x4e, 0x59, 0x44,
    0x50, 0x5a, 0x43, 0x43, 0x5a, 0x4a, 0x51, 0x54, 0x5a, 0x57, 0x4a, 0x51, 0x44, 0x5a, 0x5a, 0x5a, 0x51, 0x5a, 0x4c, 0x4a, 0x43, 0x48, 0x4c, 0x53,
    0x42, 0x48, 0x50, 0x59, 0x44, 0x58, 0x50, 0x53, 0x58, 0x53, 0x48, 0x48, 0x45, 0x5a, 0x44, 0x58, 0x46, 0x50, 0x54, 0x4a, 0x51, 0x59, 0x5a, 0x5a,
    0x58, 0x48, 0x59, 0x41, 0x58, 0x4e, 0x43, 0x46, 0x5a, 0x59, 0x59, 0x48, 0x58, 0x47, 0x4e, 0x51, 0x4d, 0x59, 0x57, 0x58, 0x54, 0x5a, 0x53, 0x4a,
    0x50, 0x4b, 0x48, 0x48, 0x47, 0x59, 0x4d, 0x58, 0x4d, 0x58, 0x51, 0x43, 0x58, 0x54, 0x53, 0x42, 0x43, 0x51, 0x53, 0x4a, 0x59, 0x58, 0x48, 0x54,
    0x59, 0x59, 0x4c, 0x59, 0x42, 0x43, 0x51, 0x4c, 0x4d, 0x4d, 0x53, 0x5a, 0x4d, 0x4a, 0x5a, 0x4a, 0x4c, 0x4c, 0x43, 0x4f, 0x47, 0x58, 0x5a, 0x41,
    0x41, 0x4a, 0x5a, 0x59, 0x48, 0x4a, 0x4d, 0x43, 0x48, 0x48, 0x43, 0x58, 0x5a, 0x53, 0x58, 0x5a, 0x44, 0x5a, 0x4e, 0x4c, 0x45, 0x59, 0x4a, 0x4a,
    0x5a, 0x4a, 0x42, 0x48, 0x5a, 0x57, 0x5a, 0x5a, 0x53, 0x51, 0x54, 0x5a, 0x50, 0x53, 0x58, 0x5a, 0x54, 0x44, 0x53, 0x58, 0x4a, 0x4a, 0x4a, 0x5a,
    0x4e, 0x59, 0x41, 0x5a, 0x50, 0x48, 0x48, 0x59, 0x59, 0x53, 0x52, 0x4e, 0x51, 0x44, 0x54, 0x48, 0x5a, 0x48, 0x41, 0x59, 0x4a, 0x59, 0x4a, 0x48,
    0x44, 0x5a, 0x58, 0x5a, 0x4c, 0x53, 0x57, 0x43, 0x4c, 0x59, 0x42, 0x5a, 0x59, 0x45, 0x43, 0x57, 0x43, 0x59, 0x43, 0x52, 0x59, 0x4c, 0x43, 0x58,
    0x4e, 0x48, 0x5a, 0x59, 0x44, 0x5a, 0x59, 0x44, 0x59, 0x4a, 0x44, 0x46, 0x52, 0x4a, 0x4a, 0x48, 0x54, 0x52, 0x53, 0x51, 0x54, 0x58, 0x59, 0x58,
    0x4a, 0x52, 0x4a, 0x48, 0x4f, 0x4a, 0x59, 0x4e, 0x58, 0x45, 0x4c, 0x58, 0x53, 0x46, 0x53, 0x46, 0x4a, 0x5a, 0x47, 0x48, 0x50, 0x5a, 0x53, 0x58,
    0x5a, 0x53, 0x5a, 0x44, 0x5a, 0x43, 0x51, 0x5a, 0x42, 0x59, 0x59, 0x4b, 0x4c, 0x53, 0x47, 0x53, 0x4a, 0x48, 0x43, 0x5a, 0x53, 0x48, 0x44, 0x47,
    0x51, 0x47, 0x58, 0x59, 0x5a, 0x47, 0x58, 0x43, 0x48, 0x58, 0x5a, 0x4a, 0x57, 0x59, 0x51, 0x57, 0x47, 0x59, 0x48, 0x4b, 0x53, 0x53, 0x45, 0x51,
    0x5a, 0x5a, 0x4e, 0x44, 0x5a, 0x46, 0x4b, 0x57, 0x59, 0x53, 0x53, 0x44, 0x43, 0x4c, 0x5a, 0x53, 0x54, 0x53, 0x59, 0x4d, 0x43, 0x44, 0x48, 0x4a,
    0x58, 0x58, 0x59, 0x57, 0x45, 0x59, 0x58, 0x43, 0x5a, 0x41, 0x59, 0x44, 0x4d, 0x50, 0x58, 0x4d, 0x44, 0x53, 0x58, 0x59, 0x42, 0x53, 0x51, 0x4d,
    0x4a, 0x4d, 0x5a, 0x4a, 0x4d, 0x54, 0x5a, 0x51, 0x4c, 0x50, 0x4a, 0x59, 0x51, 0x5a, 0x43, 0x47, 0x51, 0x48, 0x58, 0x4a, 0x48, 0x48, 0x48, 0x58,
    0x58, 0x48, 0x4c, 0x48, 0x44, 0x4c, 0x44, 0x4a, 0x51, 0x43, 0x4c, 0x44, 0x57, 0x42, 0x53, 0x58, 0x46, 0x5a, 0x5a, 0x59, 0x59, 0x53, 0x43, 0x48,
    0x54, 0x59, 0x54, 0x59, 0x4a, 0x42, 0x48, 0x45, 0x43, 0x58, 0x48, 0x4a, 0x4b, 0x47, 0x4a, 0x46, 0x58, 0x42, 0x48, 0x59, 0x5a, 0x4a, 0x46, 0x58,
    0x42, 0x57, 0x48, 0x42, 0x44, 0x5a, 0x46, 0x59, 0x5a, 0x42, 0x43, 0x41, 0x50, 0x4e, 0x50, 0x47, 0x4e, 0x59, 0x44, 0x4d, 0x53, 0x58, 0x48, 0x4b,
    0x48, 0x48, 0x4d, 0x41, 0x4d, 0x4c, 0x4e, 0x42, 0x59, 0x4a, 0x54, 0x4d, 0x50, 0x58, 0x59, 0x4a, 0x4d, 0x43, 0x54, 0x48, 0x4a, 0x42, 0x5a, 0x59,
    0x46, 0x43, 0x47, 0x54, 0x59, 0x48, 0x57, 0x50, 0x48, 0x46, 0x54, 0x47, 0x5a, 0x5a, 0x45, 0x5a, 0x53, 0x42, 0x5a, 0x45, 0x47, 0x50, 0x42, 0x4d,
    0x44, 0x53, 0x4b, 0x46, 0x54, 0x59, 0x43, 0x4d, 0x48, 0x42, 0x4c, 0x4c, 0x48, 0x47, 0x50, 0x5a, 0x4a, 0x58, 0x5a, 0x4a, 0x47, 0x5a, 0x4a, 0x59,
    0x58, 0x5a, 0x53, 0x42, 0x42, 0x51, 0x53, 0x43, 0x5a, 0x5a, 0x4c, 0x5a, 0x43, 0x43, 0x53, 0x54, 0x50, 0x47, 0x58, 0x4d, 0x4a, 0x53, 0x46, 0x54,
    0x43, 0x43, 0x5a, 0x4a, 0x5a, 0x44, 0x4a, 0x58, 0x43, 0x59, 0x42, 0x5a, 0x4c, 0x46, 0x43, 0x4a, 0x53, 0x59, 0x5a, 0x46, 0x47, 0x53, 0x5a, 0x4c,
    0x59, 0x42, 0x43, 0x57, 0x5a, 0x5a, 0x42, 0x59, 0x5a, 0x44, 0x5a, 0x59, 0x50, 0x53, 0x57, 0x59, 0x4a, 0x47, 0x58, 0x5a, 0x42, 0x44, 0x53, 0x59,
    0x53, 0x58, 0x4c, 0x47, 0x5a, 0x42, 0x5a, 0x46, 0x59, 0x47, 0x43, 0x5a, 0x58, 0x42, 0x5a, 0x48, 0x5a, 0x46, 0x54, 0x50, 0x42, 0x47, 0x5a, 0x47,
    0x45, 0x4a, 0x42, 0x53, 0x54, 0x47, 0x4b, 0x44, 0x4d, 0x46, 0x48, 0x59, 0x5a, 0x5a, 0x4a, 0x48, 0x5a, 0x4c, 0x4c, 0x5a, 0x5a, 0x47, 0x4a, 0x51,
    0x5a, 0x4c, 0x53, 0x46, 0x44, 0x4a, 0x53, 0x53, 0x43, 0x42, 0x5a, 0x47, 0x50, 0x44, 0x4c, 0x46, 0x5a, 0x46, 0x5a, 0x53, 0x5a, 0x59, 0x5a, 0x59,
    0x5a, 0x53, 0x59, 0x47, 0x43, 0x58, 0x53, 0x4e, 0x54, 0x58, 0x43, 0x48, 0x43, 0x5a, 0x58, 0x54, 0x5a, 0x5a, 0x4c, 0x4a, 0x46, 0x5a, 0x47, 0x51,
    0x53, 0x51, 0x59, 0x58, 0x5a, 0x4a, 0x51, 0x43, 0x43, 0x43, 0x43, 0x44, 0x4a, 0x43, 0x44, 0x58, 0x5a, 0x4a, 0x59, 0x51, 0x4a, 0x43, 0x43, 0x47,
    0x58, 0x5a, 0x54, 0x44, 0x4c, 0x47, 0x53, 0x43, 0x58, 0x5a, 0x53, 0x59, 0x4a, 0x4a, 0x51, 0x54, 0x43, 0x43, 0x4c, 0x51, 0x44, 0x51, 0x5a, 0x54,
    0x51, 0x43, 0x48, 0x51, 0x51, 0x4a, 0x5a, 0x54, 0x45, 0x5a, 0x5a, 0x5a, 0x50, 0x42, 0x4b, 0x4b, 0x44, 0x4a, 0x46, 0x43, 0x4a, 0x46, 0x5a, 0x54,
    0x59, 0x42, 0x51, 0x59, 0x51, 0x54, 0x54, 0x59, 0x4e, 0x4c, 0x4d, 0x42, 0x44, 0x4b, 0x54, 0x4a, 0x43, 0x50, 0x51, 0x5a, 0x4a, 0x44, 0x5a, 0x46,
    0x50, 0x4a, 0x53, 0x42, 0x4e, 0x4a, 0x4c, 0x47, 0x59, 0x4a, 0x44, 0x58, 0x4a, 0x44, 0x5a, 0x51, 0x4b, 0x5a, 0x47, 0x51, 0x4b, 0x58, 0x43, 0x4c,
    0x50, 0x5a, 0x4a, 0x54, 0x43, 0x4a, 0x44, 0x51, 0x42, 0x58, 0x44, 0x4a, 0x4a, 0x4a, 0x53, 0x54, 0x43, 0x4a, 0x4e, 0x58, 0x42, 0x58, 0x43, 0x4d,
    0x53, 0x4c, 0x59, 0x4a, 0x43, 0x51, 0x4d, 0x54, 0x4a, 0x51, 0x57, 0x57, 0x43, 0x4a, 0x4a, 0x4e, 0x4a, 0x4e, 0x4c, 0x4c, 0x4c, 0x48, 0x4a, 0x43,
    0x57, 0x51, 0x54, 0x42, 0x5a, 0x51, 0x59, 0x43, 0x5a, 0x43, 0x5a, 0x50, 0x5a, 0x5a, 0x44, 0x5a, 0x59, 0x44, 0x44, 0x43, 0x59, 0x5a, 0x44, 0x5a,
    0x43, 0x43, 0x4a, 0x47, 0x54, 0x4a, 0x46, 0x5a, 0x44, 0x50, 0x52, 0x4e, 0x54, 0x43, 0x54, 0x4a, 0x44, 0x43, 0x51, 0x54, 0x51, 0x4e, 0x44, 0x54,
    0x4a, 0x4e, 0x50, 0x4c, 0x5a, 0x42, 0x43, 0x4c, 0x4c, 0x43, 0x54, 0x44, 0x53, 0x58, 0x4b, 0x4a, 0x5a, 0x51, 0x44, 0x50, 0x5a, 0x4c, 0x42, 0x5a,
    0x4e, 0x42, 0x54, 0x4a, 0x44, 0x43, 0x58, 0x46, 0x43, 0x5a, 0x44, 0x42, 0x43, 0x43, 0x4a, 0x4a, 0x4c, 0x54, 0x51, 0x4a, 0x50, 0x4c, 0x44, 0x43,
    0x47, 0x5a, 0x44, 0x42, 0x42, 0x5a, 0x4a, 0x43, 0x51, 0x44, 0x43, 0x4a, 0x57, 0x59, 0x4e, 0x4c, 0x4c, 0x5a, 0x4c, 0x5a, 0x43, 0x43, 0x44, 0x57,
    0x4c, 0x4c, 0x58, 0x57, 0x5a, 0x4c, 0x58, 0x52, 0x53, 0x4e, 0x54, 0x51, 0x4a, 0x43, 0x43, 0x58, 0x4b, 0x4a, 0x4c, 0x53, 0x47, 0x44, 0x46, 0x51,
    0x54, 0x44, 0x44, 0x47, 0x4c, 0x52, 0x4c, 0x41, 0x4a, 0x4a, 0x54, 0x4b, 0x4c, 0x59, 0x4d, 0x4b, 0x51, 0x4c, 0x4c, 0x44, 0x5a, 0x59, 0x54, 0x44,
    0x59, 0x59, 0x43, 0x59, 0x47, 0x4a, 0x57, 0x59, 0x58, 0x44, 0x58, 0x46, 0x52, 0x53, 0x4b, 0x53, 0x54, 0x43, 0x44, 0x45, 0x4e, 0x51, 0x4d, 0x52,
    0x4b, 0x51, 0x5a, 0x48, 0x48, 0x51, 0x4b, 0x44, 0x4c, 0x44, 0x41, 0x5a, 0x46, 0x4b, 0x59, 0x50, 0x42, 0x47, 0x47, 0x50, 0x5a, 0x52, 0x45, 0x42,
    0x5a, 0x5a, 0x59, 0x4b, 0x59, 0x5a, 0x53, 0x50, 0x45, 0x47, 0x4a, 0x4a, 0x47, 0x4c, 0x4b, 0x51, 0x5a, 0x5a, 0x5a, 0x53, 0x4c, 0x59, 0x53, 0x59,
    0x57, 0x59, 0x5a, 0x57, 0x46, 0x51, 0x5a, 0x4e, 0x4c, 0x5a, 0x5a, 0x4c, 0x5a, 0x48, 0x57, 0x43, 0x47, 0x4b, 0x59, 0x50, 0x51, 0x47, 0x4e, 0x50,
    0x47, 0x42, 0x4c, 0x50, 0x4c, 0x52, 0x52, 0x4a, 0x59, 0x58, 0x43, 0x43, 0x43, 0x47, 0x59, 0x48, 0x53, 0x46, 0x5a, 0x46, 0x57, 0x42, 0x5a, 0x59,
    0x57, 0x54, 0x47, 0x5a, 0x58, 0x59, 0x4c, 0x4a, 0x43, 0x5a, 0x57, 0x48, 0x58, 0x5a, 0x4a, 0x5a, 0x42, 0x4c, 0x46, 0x46, 0x4c, 0x47, 0x53, 0x4b,
    0x48, 0x59, 0x4a, 0x5a, 0x45, 0x59, 0x4a, 0x48, 0x4c, 0x50, 0x4c, 0x4c, 0x4c, 0x4c, 0x43, 0x59, 0x47, 0x58, 0x44, 0x52, 0x5a, 0x45, 0x4c, 0x52,
    0x48, 0x47, 0x4b, 0x4c, 0x5a, 0x5a, 0x59, 0x48, 0x5a, 0x4c, 0x59, 0x51, 0x53, 0x5a, 0x5a, 0x4a, 0x5a, 0x51, 0x4c, 0x4a, 0x5a, 0x46, 0x4c, 0x4e,
    0x42, 0x48, 0x47, 0x57, 0x4c, 0x43, 0x5a, 0x43, 0x46, 0x4a, 0x57, 0x53, 0x50, 0x59, 0x58, 0x5a, 0x4c, 0x5a, 0x4c, 0x58, 0x47, 0x43, 0x43, 0x50,
    0x5a, 0x42, 0x4c, 0x4c, 0x43, 0x58, 0x42, 0x42, 0x42, 0x42, 0x58, 0x42, 0x42, 0x43, 0x42, 0x42, 0x43, 0x52, 0x4e, 0x4e, 0x43, 0x43, 0x43, 0x59,
    0x52, 0x42, 0x42, 0x53, 0x59, 0x4c, 0x44, 0x43, 0x47, 0x51, 0x59, 0x59, 0x51, 0x58, 0x59, 0x47, 0x4d, 0x51, 0x5a, 0x57, 0x54, 0x5a, 0x59, 0x44,
    0x59, 0x4a, 0x48, 0x59, 0x46, 0x57, 0x44, 0x45, 0x48, 0x5a, 0x44, 0x4a, 0x59, 0x57, 0x4c, 0x43, 0x43, 0x4e, 0x54, 0x5a, 0x59, 0x4a, 0x4a, 0x43,
    0x44, 0x45, 0x44, 0x50, 0x5a, 0x44, 0x5a, 0x54, 0x53, 0x54, 0x51, 0x4a, 0x48, 0x44, 0x59, 0x4d, 0x42, 0x4a, 0x4e, 0x59, 0x4a, 0x5a, 0x4c, 0x58,
    0x54, 0x53, 0x53, 0x54, 0x50, 0x48, 0x4e, 0x44, 0x4a, 0x58, 0x58, 0x42, 0x59, 0x58, 0x51, 0x54, 0x5a, 0x51, 0x44, 0x44, 0x54, 0x4a, 0x54, 0x44,
    0x59, 0x5a, 0x54, 0x47, 0x57, 0x53, 0x43, 0x53, 0x5a, 0x51, 0x46, 0x4c, 0x53, 0x48, 0x4c, 0x47, 0x4c, 0x42, 0x43, 0x4a, 0x42, 0x48, 0x44, 0x4c,
    0x59, 0x5a, 0x4a, 0x59, 0x43, 0x4b, 0x57, 0x54, 0x59, 0x44, 0x59, 0x4c, 0x42, 0x4e, 0x59, 0x44, 0x53, 0x44, 0x53, 0x59, 0x43, 0x43, 0x54, 0x59,
    0x53, 0x5a, 0x59, 0x59, 0x45, 0x42, 0x47, 0x45, 0x58, 0x48, 0x51, 0x44, 0x44, 0x57, 0x4e, 0x59, 0x47, 0x59, 0x43, 0x4c, 0x58, 0x54, 0x44, 0x43,
    0x59, 0x53, 0x54, 0x51, 0x4d, 0x59, 0x47, 0x5a, 0x41, 0x53, 0x43, 0x43, 0x53, 0x5a, 0x5a, 0x44, 0x44, 0x4c, 0x43, 0x43, 0x4c, 0x5a, 0x52, 0x51,
    0x58, 0x59, 0x59, 0x45, 0x4c, 0x4a, 0x53, 0x42, 0x59, 0x4d, 0x58, 0x53, 0x48, 0x5a, 0x54, 0x45, 0x4d, 0x42, 0x42, 0x4c, 0x4c, 0x59, 0x59, 0x4c,
    0x4c, 0x59, 0x54, 0x44, 0x51, 0x59, 0x53, 0x48, 0x59, 0x4d, 0x52, 0x51, 0x58, 0x4b, 0x46, 0x4b, 0x42, 0x46, 0x58, 0x4e, 0x58, 0x53, 0x42, 0x59,
    0x43, 0x48, 0x58, 0x42, 0x57, 0x4a, 0x59, 0x48, 0x54, 0x51, 0x42, 0x50, 0x42, 0x53, 0x42, 0x57, 0x44, 0x5a, 0x59, 0x4c, 0x4b, 0x47, 0x5a, 0x53,
    0x4b, 0x59, 0x47, 0x48, 0x51, 0x5a, 0x4a, 0x48, 0x48, 0x58, 0x4a, 0x58, 0x47, 0x4e, 0x4c, 0x4a, 0x4b, 0x5a, 0x4c, 0x59, 0x59, 0x43, 0x44, 0x58,
    0x4c, 0x46, 0x57, 0x46, 0x47, 0x48, 0x4c, 0x4a, 0x47, 0x4a, 0x59, 0x42, 0x58, 0x42, 0x4c, 0x59, 0x42, 0x58, 0x51, 0x50, 0x51, 0x47, 0x5a, 0x54,
    0x5a, 0x50, 0x4c, 0x4e, 0x43, 0x59, 0x42, 0x58, 0x44, 0x4a, 0x59, 0x51, 0x59, 0x44, 0x59, 0x4d, 0x52, 0x42, 0x45, 0x53, 0x4a, 0x59, 0x59, 0x48,
    0x4b, 0x58, 0x58, 0x53, 0x54, 0x4d, 0x58, 0x52, 0x43, 0x5a, 0x5a, 0x59, 0x57, 0x58, 0x59, 0x48, 0x59, 0x42, 0x4d, 0x43, 0x46, 0x4c, 0x59, 0x5a,
    0x48, 0x51, 0x59, 0x5a, 0x4d, 0x51, 0x58, 0x44, 0x42, 0x58, 0x42, 0x5a, 0x57, 0x5a, 0x4d, 0x53, 0x4c, 0x50, 0x44, 0x4d, 0x59, 0x43, 0x4b, 0x46,
    0x4d, 0x5a, 0x4b, 0x4c, 0x5a, 0x43, 0x59, 0x4a, 0x59, 0x43, 0x5a, 0x4c, 0x48, 0x58, 0x46, 0x5a, 0x4c, 0x59, 0x44, 0x51, 0x5a, 0x50, 0x5a, 0x59,
    0x47, 0x59, 0x4a, 0x59, 0x5a, 0x4d, 0x5a, 0x58, 0x44, 0x5a, 0x46, 0x59, 0x46, 0x59, 0x54, 0x54, 0x51, 0x54, 0x5a, 0x48, 0x47, 0x53, 0x50, 0x43,
    0x5a, 0x4d, 0x4c, 0x43, 0x43, 0x59, 0x54, 0x5a, 0x58, 0x4a, 0x43, 0x59, 0x54, 0x4a, 0x4d, 0x4b, 0x53, 0x4c, 0x50, 0x5a, 0x48, 0x59, 0x53, 0x4e,
    0x57, 0x4c, 0x4c, 0x59, 0x54, 0x50, 0x5a, 0x43, 0x54, 0x5a, 0x5a, 0x43, 0x4b, 0x54, 0x58, 0x44, 0x48, 0x58, 0x58, 0x54, 0x51, 0x43, 0x59, 0x50,
    0x4b, 0x53, 0x4d, 0x51, 0x43, 0x43, 0x59, 0x59, 0x41, 0x5a, 0x48, 0x54, 0x4a, 0x50, 0x43, 0x59, 0x4c, 0x5a, 0x4c, 0x59, 0x4a, 0x42, 0x4a, 0x58,
    0x54, 0x46, 0x4e, 0x59, 0x4c, 0x4a, 0x59, 0x59, 0x4e, 0x52, 0x58, 0x43, 0x59, 0x4c, 0x4d, 0x4d, 0x4e, 0x58, 0x4a, 0x53, 0x4d, 0x59, 0x42, 0x43,
    0x53, 0x59, 0x53, 0x53, 0x4c, 0x5a, 0x59, 0x4c, 0x58, 0x4a, 0x4a, 0x47, 0x59, 0x4c, 0x44, 0x5a, 0x44, 0x50, 0x51, 0x42, 0x46, 0x5a, 0x5a, 0x42,
    0x4c, 0x46, 0x4e, 0x44, 0x53, 0x51, 0x4b, 0x43, 0x5a, 0x46, 0x48, 0x48, 0x48, 0x47, 0x51, 0x4d, 0x52, 0x44, 0x53, 0x58, 0x59, 0x43, 0x53, 0x54,
    0x58, 0x4e, 0x51, 0x51, 0x4a, 0x50, 0x59, 0x4a, 0x42, 0x46, 0x43, 0x58, 0x44, 0x59, 0x51, 0x46, 0x42, 0x4e, 0x58, 0x45, 0x4a, 0x44, 0x47, 0x59,
    0x51, 0x42, 0x53, 0x52, 0x43, 0x4e, 0x46, 0x59, 0x59, 0x51, 0x50, 0x47, 0x48, 0x59, 0x4a, 0x44, 0x59, 0x5a, 0x58, 0x47, 0x52, 0x48, 0x54, 0x4b,
    0x59, 0x4c, 0x45, 0x51, 0x44, 0x5a, 0x4e, 0x54, 0x53, 0x4d, 0x47, 0x4b, 0x4c, 0x42, 0x53, 0x47, 0x42, 0x50, 0x59, 0x53, 0x5a, 0x42, 0x59, 0x54,
    0x4a, 0x5a, 0x53, 0x53, 0x5a, 0x4a, 0x43, 0x53, 0x53, 0x58, 0x5a, 0x42, 0x48, 0x42, 0x53, 0x43, 0x53, 0x42, 0x5a, 0x43, 0x5a, 0x50, 0x54, 0x51,
    0x46, 0x5a, 0x4d, 0x51, 0x46, 0x4c, 0x59, 0x50, 0x59, 0x42, 0x42, 0x4a, 0x47, 0x53, 0x5a, 0x4d, 0x58, 0x58, 0x44, 0x4a, 0x4d, 0x54, 0x48, 0x59,
    0x53, 0x4b, 0x4b, 0x42, 0x4a, 0x54, 0x58, 0x48, 0x4a, 0x43, 0x45, 0x47, 0x42, 0x53, 0x4d, 0x4a, 0x59, 0x4a, 0x5a, 0x43, 0x58, 0x54, 0x4d, 0x4c,
    0x4a, 0x59, 0x58, 0x52, 0x5a, 0x5a, 0x51, 0x53, 0x43, 0x58, 0x58, 0x51, 0x50, 0x54, 0x5a, 0x58, 0x4d, 0x4b, 0x59, 0x58, 0x58, 0x58, 0x4a, 0x43,
    0x4c, 0x4a, 0x50, 0x52, 0x4d, 0x59, 0x59, 0x47, 0x41, 0x44, 0x59, 0x53, 0x4b, 0x51, 0x4c, 0x53, 0x41, 0x44, 0x48, 0x52, 0x53, 0x4b, 0x51, 0x58,
    0x5a, 0x58, 0x5a, 0x54, 0x43, 0x47, 0x48, 0x5a, 0x54, 0x4c, 0x4d, 0x4c, 0x57, 0x58, 0x59, 0x42, 0x57, 0x53, 0x59, 0x43, 0x44, 0x42, 0x48, 0x4a,
    0x48, 0x43, 0x46, 0x43, 0x57, 0x5a, 0x53, 0x58, 0x48, 0x59, 0x54, 0x4b, 0x5a, 0x4c, 0x58, 0x51, 0x53, 0x48, 0x4c, 0x59, 0x43, 0x5a, 0x4a, 0x58,
    0x45, 0x4d, 0x50, 0x4c, 0x50, 0x52, 0x43, 0x47, 0x4c, 0x54, 0x42, 0x5a, 0x5a, 0x54, 0x4c, 0x5a, 0x4a, 0x43, 0x59, 0x4a, 0x47, 0x44, 0x54, 0x43,
    0x4c, 0x47, 0x4c, 0x50, 0x4c, 0x4c, 0x51, 0x50, 0x4a, 0x4d, 0x5a, 0x50, 0x41, 0x50, 0x58, 0x59, 0x5a, 0x4c, 0x41, 0x4b, 0x54, 0x4b, 0x44, 0x4e,
    0x43, 0x5a, 0x5a, 0x42, 0x4e, 0x5a, 0x43, 0x54, 0x44, 0x51, 0x51, 0x5a, 0x4a, 0x59, 0x4a, 0x47, 0x4d, 0x43, 0x54, 0x58, 0x4c, 0x54, 0x47, 0x43,
    0x53, 0x5a, 0x4c, 0x4d, 0x4c, 0x48, 0x42, 0x47, 0x4c, 0x4b, 0x46, 0x57, 0x4e, 0x57, 0x5a, 0x48, 0x44, 0x58, 0x50, 0x48, 0x4c, 0x46, 0x4d, 0x4b,
    0x59, 0x44, 0x4c, 0x47, 0x58, 0x44, 0x54, 0x57, 0x5a, 0x46, 0x52, 0x4a, 0x45, 0x4a, 0x43, 0x54, 0x5a, 0x48, 0x59, 0x44, 0x58, 0x59, 0x4b, 0x53,
    0x48, 0x57, 0x46, 0x5a, 0x43, 0x51, 0x53, 0x48, 0x4b, 0x54, 0x4d, 0x51, 0x51, 0x48, 0x54, 0x43, 0x48, 0x59, 0x4d, 0x4a, 0x44, 0x4a, 0x53, 0x4b,
    0x48, 0x58, 0x5a, 0x4a, 0x5a, 0x42, 0x5a, 0x5a, 0x58, 0x59, 0x4d, 0x50, 0x41, 0x4a, 0x51, 0x4d, 0x53, 0x44, 0x42, 0x58, 0x4c, 0x53, 0x4b, 0x4c,
    0x59, 0x59, 0x4e, 0x57, 0x52, 0x54, 0x53, 0x51, 0x4c, 0x53, 0x43, 0x42, 0x50, 0x44, 0x42, 0x53, 0x47, 0x5a, 0x57, 0x59, 0x48, 0x54, 0x4c, 0x4b,
    0x53, 0x53, 0x53, 0x57, 0x48, 0x5a, 0x5a, 0x4c, 0x59, 0x59, 0x54, 0x4e, 0x58, 0x4a, 0x47, 0x4d, 0x4a, 0x53, 0x5a, 0x53, 0x58, 0x46, 0x57, 0x4e,
    0x4c, 0x53, 0x4f, 0x5a, 0x54, 0x58, 0x47, 0x58, 0x4c, 0x53, 0x41, 0x4d, 0x4d, 0x4c, 0x42, 0x57, 0x4c, 0x44, 0x53, 0x5a, 0x59, 0x4c, 0x41, 0x4b,
    0x51, 0x43, 0x51, 0x43, 0x54, 0x4d, 0x59, 0x43, 0x46, 0x4a, 0x42, 0x53, 0x4c, 0x58, 0x43, 0x4c, 0x5a, 0x4a, 0x43, 0x4c, 0x58, 0x58, 0x4b, 0x53,
    0x42, 0x5a, 0x51, 0x43, 0x4c, 0x48, 0x4a, 0x50, 0x48, 0x51, 0x50, 0x4c, 0x53, 0x58, 0x53, 0x43, 0x4b, 0x53, 0x4c, 0x4e, 0x48, 0x50, 0x53, 0x46,
    0x51, 0x51, 0x59, 0x54, 0x58, 0x4a, 0x4a, 0x5a, 0x4c, 0x51, 0x4c, 0x44, 0x58, 0x5a, 0x4a, 0x4a, 0x5a, 0x44, 0x59, 0x59, 0x44, 0x4a, 0x4e, 0x5a,
    0x50, 0x54, 0x46, 0x43, 0x44, 0x53, 0x4b, 0x4a, 0x46, 0x53, 0x4c, 0x4a, 0x48, 0x59, 0x4c, 0x5a, 0x51, 0x4a, 0x5a, 0x4c, 0x42, 0x54, 0x48, 0x59,
    0x44, 0x47, 0x44, 0x4a, 0x46, 0x44, 0x42, 0x59, 0x41, 0x5a, 0x58, 0x44, 0x5a, 0x48, 0x5a, 0x4a, 0x4e, 0x48, 0x48, 0x51, 0x42, 0x59, 0x4b, 0x4e,
    0x58, 0x4a, 0x4a, 0x51, 0x43, 0x5a, 0x4d, 0x4c, 0x4c, 0x4a, 0x5a, 0x4b, 0x53, 0x50, 0x4c, 0x44, 0x53, 0x43, 0x4c, 0x42, 0x42, 0x4c, 0x58, 0x4b,
    0x4c, 0x45, 0x4c, 0x58, 0x4a, 0x4c, 0x42, 0x4a, 0x59, 0x43, 0x58, 0x4a, 0x58, 0x47, 0x43, 0x4e, 0x4c, 0x43, 0x51, 0x50, 0x4c, 0x5a, 0x4c, 0x5a,
    0x4e, 0x4a, 0x54, 0x5a, 0x4c, 0x4a, 0x47, 0x59, 0x5a, 0x44, 0x5a, 0x50, 0x4c, 0x54, 0x51, 0x43, 0x53, 0x53, 0x46, 0x44, 0x4d, 0x4e, 0x59, 0x43,
    0x58, 0x47, 0x42, 0x54, 0x4a, 0x44, 0x43, 0x5a, 0x4e, 0x42, 0x47, 0x42, 0x51, 0x59, 0x51, 0x4a, 0x57, 0x47, 0x4b, 0x46, 0x48, 0x44, 0x4e, 0x42,
    0x59, 0x51, 0x5a, 0x51, 0x47, 0x42, 0x4b, 0x50, 0x42, 0x42, 0x59, 0x5a, 0x4d, 0x54, 0x4a, 0x44, 0x59, 0x54, 0x42, 0x4c, 0x53, 0x51, 0x4d, 0x42,
    0x53, 0x58, 0x54, 0x42, 0x4e, 0x50, 0x44, 0x58, 0x4b, 0x4c, 0x45, 0x4d, 0x59, 0x59, 0x43, 0x4a, 0x59, 0x4e, 0x5a, 0x44, 0x54, 0x4c, 0x44, 0x59,
    0x4b, 0x5a, 0x5a, 0x58, 0x54, 0x44, 0x58, 0x48, 0x51, 0x53, 0x48, 0x44, 0x47, 0x4d, 0x5a, 0x53, 0x4a, 0x59, 0x43, 0x43, 0x54, 0x41, 0x59, 0x52,
    0x5a, 0x4c, 0x50, 0x57, 0x4c, 0x54, 0x4c, 0x4b, 0x58, 0x53, 0x4c, 0x5a, 0x43, 0x47, 0x47, 0x45, 0x58, 0x43, 0x4c, 0x46, 0x58, 0x4c, 0x4b, 0x4a,
    0x52, 0x54, 0x4c, 0x51, 0x4a, 0x41, 0x51, 0x5a, 0x4e, 0x43, 0x4d, 0x42, 0x51, 0x44, 0x4b, 0x4b, 0x43, 0x58, 0x47, 0x4c, 0x43, 0x5a, 0x4a, 0x5a,
    0x58, 0x4a, 0x48, 0x50, 0x54, 0x44, 0x4a, 0x4a, 0x4d, 0x5a, 0x51, 0x59, 0x4b, 0x51, 0x53, 0x45, 0x43, 0x51, 0x5a, 0x44, 0x53, 0x48, 0x48, 0x41,
    0x44, 0x4d, 0x4c, 0x5a, 0x46, 0x4d, 0x4d, 0x5a, 0x42, 0x47, 0x4e, 0x54, 0x4a, 0x4e, 0x4e, 0x4c, 0x47, 0x42, 0x59, 0x4a, 0x42, 0x52, 0x42, 0x54,
    0x4d, 0x4c, 0x42, 0x59, 0x4a, 0x44, 0x5a, 0x58, 0x4c, 0x43, 0x4a, 0x4c, 0x50, 0x4c, 0x44, 0x4c, 0x50, 0x43, 0x51, 0x44, 0x48, 0x4c, 0x48, 0x5a,
    0x4c, 0x59, 0x43, 0x42, 0x4c, 0x43, 0x58, 0x5a, 0x43, 0x4a, 0x41, 0x44, 0x51, 0x4c, 0x4d, 0x5a, 0x4d, 0x4d, 0x53, 0x53, 0x48, 0x4d, 0x59, 0x42,
    0x48, 0x42, 0x53, 0x4b, 0x4b, 0x42, 0x48, 0x52, 0x53, 0x58, 0x58, 0x4a, 0x4d, 0x58, 0x53, 0x44, 0x5a, 0x4e, 0x5a, 0x50, 0x58, 0x4c, 0x42, 0x42,
    0x52, 0x41, 0x47, 0x47, 0x47, 0x46, 0x43, 0x48, 0x47, 0x4d, 0x53, 0x4b, 0x4c, 0x4c, 0x54, 0x53, 0x4a, 0x59, 0x59, 0x43, 0x51, 0x4c, 0x43, 0x53,
    0x4b, 0x59, 0x57, 0x59, 0x45, 0x48, 0x59, 0x57, 0x48, 0x42, 0x48, 0x51, 0x59, 0x57, 0x42, 0x41, 0x57, 0x59, 0x4b, 0x51, 0x4c, 0x44, 0x51, 0x46,
    0x54, 0x4e, 0x54, 0x4b, 0x48, 0x51, 0x43, 0x47, 0x44, 0x51, 0x4b, 0x54, 0x47, 0x50, 0x4b, 0x58, 0x48, 0x43, 0x50, 0x44, 0x48, 0x54, 0x57, 0x54,
    0x4d, 0x53, 0x53, 0x59, 0x48, 0x42, 0x57, 0x43, 0x52, 0x57, 0x58, 0x48, 0x4a, 0x4d, 0x4b, 0x4d, 0x5a, 0x4e, 0x47, 0x57, 0x54, 0x4d, 0x4c, 0x4b,
    0x46, 0x47, 0x48, 0x4b, 0x4a, 0x59, 0x4c, 0x44, 0x59, 0x59, 0x43, 0x58, 0x57, 0x48, 0x59, 0x59, 0x43, 0x4c, 0x51, 0x48, 0x4b, 0x51, 0x48, 0x54,
    0x54, 0x51, 0x4b, 0x48, 0x46, 0x46, 0x4c, 0x44, 0x58, 0x51, 0x57, 0x47, 0x5a, 0x59, 0x59, 0x44, 0x45, 0x53, 0x42, 0x50, 0x4b, 0x59, 0x52, 0x5a,
    0x50, 0x4a, 0x46, 0x59, 0x59, 0x5a, 0x4a, 0x43, 0x45, 0x51, 0x44, 0x5a, 0x5a, 0x44, 0x4c, 0x41, 0x54, 0x54, 0x50, 0x42, 0x46, 0x4a, 0x4c, 0x4c,
    0x43, 0x58, 0x44, 0x4c, 0x4d, 0x4a, 0x53, 0x44, 0x58, 0x45, 0x47, 0x59, 0x47, 0x53, 0x4a, 0x51, 0x58, 0x43, 0x46, 0x42, 0x58, 0x53, 0x53, 0x5a,
    0x50, 0x44, 0x59, 0x5a, 0x43, 0x58, 0x44, 0x4e, 0x59, 0x58, 0x50, 0x46, 0x5a, 0x59, 0x44, 0x4c, 0x59, 0x4a, 0x43, 0x43, 0x50, 0x4c, 0x54, 0x58,
    0x4c, 0x53, 0x58, 0x59, 0x5a, 0x59, 0x52, 0x58, 0x43, 0x59, 0x59, 0x53, 0x44, 0x59, 0x4c, 0x57, 0x57, 0x4e, 0x44, 0x53, 0x41, 0x48, 0x4a, 0x53,
    0x59, 0x47, 0x59, 0x48, 0x47, 0x59, 0x57, 0x57, 0x41, 0x58, 0x54, 0x4a, 0x5a, 0x44, 0x41, 0x58, 0x59, 0x53, 0x52, 0x4c, 0x54, 0x44, 0x4a, 0x53,
    0x53, 0x41, 0x58, 0x46, 0x4e, 0x45, 0x4a, 0x44, 0x58, 0x59, 0x5a, 0x48, 0x4c, 0x58, 0x4c, 0x4c, 0x4c, 0x5a, 0x48, 0x5a, 0x53, 0x4a, 0x4e, 0x59,
    0x51, 0x59, 0x51, 0x51, 0x58, 0x59, 0x4a, 0x47, 0x48, 0x5a, 0x47, 0x4a, 0x43, 0x59, 0x4a, 0x43, 0x48, 0x5a, 0x4c, 0x59, 0x43, 0x44, 0x53, 0x48,
    0x57, 0x53, 0x47, 0x43, 0x5a, 0x59, 0x4a, 0x58, 0x43, 0x4c, 0x4c, 0x4e, 0x58, 0x5a, 0x4a, 0x4a, 0x59, 0x59, 0x58, 0x4e, 0x46, 0x53, 0x4d, 0x57,
    0x46, 0x50, 0x59, 0x4c, 0x43, 0x59, 0x4c, 0x4c, 0x41, 0x42, 0x57, 0x44, 0x44, 0x48, 0x57, 0x44, 0x58, 0x4a, 0x4d, 0x43, 0x58, 0x5a, 0x54, 0x5a,
    0x50, 0x4d, 0x4c, 0x51, 0x5a, 0x48, 0x53, 0x46, 0x48, 0x5a, 0x59, 0x4e, 0x5a, 0x54, 0x4c, 0x4c, 0x44, 0x59, 0x57, 0x4c, 0x53, 0x4c, 0x58, 0x48,
    0x59, 0x4d, 0x4d, 0x59, 0x4c, 0x4d, 0x42, 0x57, 0x57, 0x4b, 0x59, 0x58, 0x59, 0x41, 0x44, 0x54, 0x58, 0x59, 0x4c, 0x4c, 0x44, 0x4a, 0x50, 0x59,
    0x42, 0x50, 0x57, 0x46, 0x58, 0x4a, 0x4d, 0x4d, 0x4d, 0x4c, 0x4c, 0x48, 0x41, 0x46, 0x44, 0x4c, 0x4c, 0x41, 0x46, 0x4c, 0x42, 0x48, 0x48, 0x48,
    0x42, 0x51, 0x51, 0x4a, 0x54, 0x5a, 0x4a, 0x43, 0x51, 0x4a, 0x4a, 0x44, 0x4a, 0x54, 0x46, 0x46, 0x4b, 0x4d, 0x4d, 0x4d, 0x42, 0x59, 0x54, 0x48,
    0x59, 0x47, 0x44, 0x43, 0x51, 0x52, 0x44, 0x44, 0x57, 0x52, 0x51, 0x4a, 0x58, 0x4e, 0x42, 0x59, 0x53, 0x4e, 0x4d, 0x5a, 0x44, 0x42, 0x59, 0x59,
    0x54, 0x42, 0x4a, 0x48, 0x50, 0x59, 0x42, 0x59, 0x47, 0x54, 0x4a, 0x58, 0x41, 0x41, 0x48, 0x47, 0x51, 0x44, 0x51, 0x54, 0x4d, 0x59, 0x53, 0x54,
    0x51, 0x58, 0x4b, 0x42, 0x54, 0x53, 0x42, 0x4b, 0x4a, 0x4c, 0x58, 0x52, 0x42, 0x45, 0x51, 0x51, 0x48, 0x51, 0x4d, 0x4a, 0x4a, 0x42, 0x44, 0x4a,
    0x57, 0x54, 0x47, 0x54, 0x42, 0x58, 0x50, 0x47, 0x42, 0x4b, 0x54, 0x4c, 0x47, 0x51, 0x58, 0x4a, 0x4a, 0x4a, 0x43, 0x44, 0x48, 0x58, 0x51, 0x44,
    0x57, 0x4a, 0x4c, 0x57, 0x52, 0x46, 0x4d, 0x51, 0x47, 0x57, 0x51, 0x48, 0x43, 0x4b, 0x52, 0x59, 0x53, 0x57, 0x47, 0x42, 0x54, 0x47, 0x59, 0x47,
    0x42, 0x57, 0x53, 0x44, 0x57, 0x44, 0x57, 0x52, 0x46, 0x48, 0x57, 0x59, 0x54, 0x4a, 0x4a, 0x58, 0x58, 0x58, 0x4a, 0x59, 0x5a, 0x59, 0x53, 0x4c,
    0x50, 0x48, 0x59, 0x59, 0x50, 0x41, 0x59, 0x58, 0x48, 0x59, 0x44, 0x51, 0x4b, 0x58, 0x53, 0x48, 0x58, 0x59, 0x58, 0x45, 0x53, 0x4b, 0x51, 0x48,
    0x59, 0x57, 0x42, 0x44, 0x44, 0x44, 0x50, 0x50, 0x4c, 0x43, 0x4a, 0x4c, 0x48, 0x51, 0x45, 0x45, 0x57, 0x58, 0x4b, 0x53, 0x59, 0x59, 0x48, 0x44,
    0x59, 0x50, 0x4c, 0x46, 0x4a, 0x54, 0x48, 0x4b, 0x4a, 0x4c, 0x54, 0x43, 0x59, 0x59, 0x48, 0x48, 0x4a, 0x54, 0x54, 0x50, 0x4c, 0x54, 0x5a, 0x5a,
    0x43, 0x44, 0x4c, 0x54, 0x48, 0x51, 0x4b, 0x43, 0x58, 0x51, 0x59, 0x53, 0x54, 0x45, 0x45, 0x59, 0x57, 0x4b, 0x59, 0x5a, 0x59, 0x58, 0x58, 0x59,
    0x59, 0x53, 0x44, 0x44, 0x4a, 0x4b, 0x4c, 0x4c, 0x50, 0x57, 0x4d, 0x43, 0x59, 0x48, 0x51, 0x47, 0x58, 0x59, 0x48, 0x43, 0x52, 0x4d, 0x42, 0x58,
    0x50, 0x4c, 0x4c, 0x4e, 0x51, 0x59, 0x44, 0x51, 0x48, 0x58, 0x53, 0x58, 0x58, 0x57, 0x47, 0x44, 0x51, 0x42, 0x53, 0x48, 0x59, 0x4c, 0x4c, 0x50,
    0x4a, 0x4a, 0x4a, 0x54, 0x48, 0x59, 0x4a, 0x4b, 0x59, 0x50, 0x48, 0x54, 0x48, 0x59, 0x59, 0x4b, 0x54, 0x59, 0x45, 0x5a, 0x59, 0x45, 0x4e, 0x4d,
    0x44, 0x53, 0x48, 0x4c, 0x43, 0x52, 0x50, 0x51, 0x46, 0x42, 0x47, 0x46, 0x58, 0x5a, 0x42, 0x53, 0x42, 0x54, 0x4c, 0x47, 0x58, 0x53, 0x4a, 0x42,
    0x53, 0x57, 0x59, 0x59, 0x53, 0x4b, 0x53, 0x46, 0x4c, 0x58, 0x4c, 0x50, 0x50, 0x4c, 0x42, 0x42, 0x42, 0x4c, 0x42, 0x53, 0x46, 0x58, 0x46, 0x59,
    0x5a, 0x42, 0x53, 0x4a, 0x53, 0x53, 0x59, 0x4c, 0x50, 0x42, 0x42, 0x46, 0x46, 0x46, 0x46, 0x53, 0x53, 0x43, 0x4a, 0x44, 0x53, 0x54, 0x5a, 0x53,
    0x58, 0x54, 0x52, 0x59, 0x4a, 0x43, 0x59, 0x46, 0x46, 0x53, 0x59, 0x54, 0x59, 0x5a, 0x42, 0x4a, 0x54, 0x42, 0x43, 0x54, 0x53, 0x42, 0x53, 0x44,
    0x48, 0x52, 0x54, 0x4a, 0x4a, 0x42, 0x59, 0x54, 0x43, 0x58, 0x59, 0x4a, 0x45, 0x59, 0x4c, 0x58, 0x43, 0x42, 0x4e, 0x45, 0x42, 0x4a, 0x44, 0x53,
    0x59, 0x53, 0x59, 0x48, 0x47, 0x53, 0x4a, 0x5a, 0x42, 0x58, 0x42, 0x59, 0x54, 0x46, 0x5a, 0x57, 0x47, 0x45, 0x4e, 0x59, 0x48, 0x48, 0x54, 0x48,
    0x4a, 0x48, 0x41, 0x54, 0x46, 0x57, 0x47, 0x43, 0x53, 0x54, 0x42, 0x47, 0x58, 0x4b, 0x4c, 0x53, 0x54, 0x59, 0x57, 0x4d, 0x54, 0x4d, 0x42, 0x59,
    0x58, 0x4a, 0x53, 0x4b, 0x5a, 0x53, 0x43, 0x44, 0x59, 0x4a, 0x52, 0x43, 0x59, 0x54, 0x57, 0x58, 0x5a, 0x46, 0x48, 0x4d, 0x59, 0x4d, 0x43, 0x58,
    0x4c, 0x5a, 0x4e, 0x53, 0x44, 0x4a, 0x54, 0x58, 0x54, 0x58, 0x52, 0x59, 0x43, 0x46, 0x59, 0x4a, 0x53, 0x42, 0x53, 0x44, 0x59, 0x45, 0x52, 0x58,
    0x48, 0x4c, 0x4a, 0x58, 0x42, 0x42, 0x44, 0x45, 0x59, 0x4e, 0x4a, 0x47, 0x48, 0x58, 0x47, 0x43, 0x4b, 0x47, 0x53, 0x43, 0x59, 0x4d, 0x42, 0x4c,
    0x58, 0x4a, 0x4d, 0x53, 0x5a, 0x4e, 0x53, 0x4b, 0x47, 0x58, 0x46, 0x42, 0x4e, 0x42, 0x42, 0x54, 0x48, 0x46, 0x4a, 0x41, 0x41, 0x46, 0x58, 0x59,
    0x58, 0x46, 0x50, 0x58, 0x4d, 0x59, 0x46, 0x48, 0x44, 0x54, 0x5a, 0x43, 0x58, 0x5a, 0x5a, 0x50, 0x58, 0x52, 0x53, 0x59, 0x57, 0x5a, 0x44, 0x4c,
    0x59, 0x42, 0x42, 0x4a, 0x54, 0x59, 0x51, 0x57, 0x51, 0x4a, 0x50, 0x5a, 0x59, 0x50, 0x5a, 0x4a, 0x5a, 0x4e, 0x4a, 0x50, 0x5a, 0x4a, 0x4c, 0x5a,
    0x54, 0x46, 0x59, 0x53, 0x42, 0x54, 0x54, 0x53, 0x4c, 0x4d, 0x50, 0x54, 0x5a, 0x52, 0x54, 0x44, 0x58, 0x51, 0x53, 0x4a, 0x45, 0x48, 0x42, 0x5a,
    0x59, 0x4c, 0x5a, 0x44, 0x48, 0x4c, 0x4a, 0x53, 0x51, 0x4d, 0x4c, 0x48, 0x54, 0x58, 0x54, 0x4a, 0x45, 0x43, 0x58, 0x41, 0x4c, 0x5a, 0x5a, 0x53,
    0x50, 0x4b, 0x54, 0x4c, 0x5a, 0x4b, 0x51, 0x51, 0x59, 0x46, 0x53, 0x59, 0x47, 0x59, 0x57, 0x50, 0x43, 0x50, 0x51, 0x46, 0x48, 0x51, 0x48, 0x59,
    0x54, 0x51, 0x58, 0x5a, 0x4b, 0x52, 0x53, 0x47, 0x54, 0x47, 0x53, 0x51, 0x43, 0x5a, 0x4c, 0x50, 0x54, 0x58, 0x43, 0x44, 0x59, 0x59, 0x5a, 0x53,
    0x53, 0x51, 0x5a, 0x53, 0x4c, 0x58, 0x4c, 0x5a, 0x4d, 0x41, 0x43, 0x42, 0x43, 0x51, 0x42, 0x5a, 0x59, 0x58, 0x48, 0x42, 0x53, 0x58, 0x4c, 0x5a,
    0x44, 0x4c, 0x54, 0x43, 0x44, 0x4a, 0x54, 0x59, 0x4c, 0x5a, 0x4a, 0x59, 0x59, 0x54, 0x50, 0x5a, 0x59, 0x4c, 0x4c, 0x54, 0x58, 0x4a, 0x53, 0x4a,
    0x58, 0x48, 0x4c, 0x42, 0x4d, 0x59, 0x54, 0x58, 0x43, 0x51, 0x52, 0x42, 0x4c, 0x5a, 0x53, 0x53, 0x46, 0x4a, 0x5a, 0x5a, 0x54, 0x4e, 0x4a, 0x59,
    0x44, 0x58, 0x4d, 0x59, 0x4a, 0x48, 0x4c, 0x48, 0x50, 0x42, 0x4c, 0x43, 0x59, 0x58, 0x51, 0x4a, 0x51, 0x51, 0x4b, 0x5a, 0x5a, 0x53, 0x43, 0x50,
    0x5a, 0x4b, 0x53, 0x57, 0x41, 0x4c, 0x51, 0x53, 0x42, 0x4c, 0x43, 0x43, 0x5a, 0x4a, 0x53, 0x58, 0x47, 0x57, 0x57, 0x57, 0x59, 0x47, 0x59, 0x41,
    0x54, 0x4a, 0x42, 0x42, 0x43, 0x54, 0x44, 0x4b, 0x48, 0x51, 0x48, 0x4b, 0x47, 0x54, 0x47, 0x50, 0x42, 0x4b, 0x51, 0x59, 0x53, 0x4c, 0x42, 0x58,
    0x42, 0x42, 0x43, 0x4b, 0x42, 0x4d, 0x4c, 0x4c, 0x58, 0x44, 0x5a, 0x53, 0x54, 0x42, 0x4b, 0x4c, 0x47, 0x47, 0x51, 0x4b, 0x51, 0x4c, 0x53, 0x42,
    0x4b, 0x4b, 0x44, 0x46, 0x58, 0x52, 0x4d, 0x44, 0x4b, 0x42, 0x46, 0x54, 0x50, 0x5a, 0x46, 0x52, 0x54, 0x42, 0x42, 0x4d, 0x46, 0x45, 0x52, 0x51,
    0x47, 0x58, 0x4b, 0x4a, 0x50, 0x5a, 0x53, 0x53, 0x54, 0x4c, 0x42, 0x5a, 0x44, 0x50, 0x53, 0x5a, 0x51, 0x5a, 0x53, 0x4a, 0x54, 0x48, 0x4c, 0x4a,
    0x51, 0x4c, 0x5a, 0x42, 0x50, 0x4d, 0x53, 0x4d, 0x4d, 0x53, 0x58, 0x4c, 0x51, 0x51, 0x4e, 0x48, 0x4b, 0x4e, 0x42, 0x4c, 0x52, 0x44, 0x44, 0x4e,
    0x48, 0x58, 0x44, 0x48, 0x44, 0x44, 0x4a, 0x43, 0x59, 0x59, 0x47, 0x59, 0x46, 0x51, 0x47, 0x5a, 0x4c, 0x47, 0x53, 0x59, 0x47, 0x4d, 0x4a, 0x51,
    0x47, 0x4b, 0x48, 0x42, 0x50, 0x4d, 0x58, 0x59, 0x58, 0x4c, 0x59, 0x54, 0x51, 0x57, 0x4c, 0x57, 0x47, 0x43, 0x50, 0x42, 0x4d, 0x4a, 0x58, 0x43,
    0x59, 0x5a, 0x59, 0x44, 0x52, 0x4a, 0x42, 0x48, 0x54, 0x44, 0x4a, 0x58, 0x45, 0x45, 0x53, 0x48, 0x54, 0x4d, 0x4a, 0x53, 0x42, 0x59, 0x50, 0x4c,
    0x57, 0x48, 0x4c, 0x5a, 0x46, 0x46, 0x4e, 0x59, 0x50, 0x4d, 0x48, 0x58, 0x51, 0x48, 0x50, 0x4c, 0x54, 0x42, 0x51, 0x50, 0x46, 0x42, 0x43, 0x57,
    0x4a, 0x44, 0x42, 0x59, 0x47, 0x50, 0x4e, 0x58, 0x54, 0x42, 0x46, 0x5a, 0x4a, 0x47, 0x53, 0x44, 0x44, 0x54, 0x4a, 0x53, 0x48, 0x58, 0x45, 0x41,
    0x57, 0x5a, 0x5a, 0x59, 0x4c, 0x4c, 0x54, 0x54, 0x59, 0x42, 0x57, 0x4a, 0x4b, 0x47, 0x58, 0x47, 0x48, 0x4c, 0x46, 0x4b, 0x58, 0x44, 0x4a, 0x54,
    0x4d, 0x53, 0x5a, 0x53, 0x51, 0x59, 0x4e, 0x5a, 0x47, 0x47, 0x53, 0x57, 0x51, 0x53, 0x50, 0x48, 0x54, 0x4c, 0x53, 0x53, 0x4b, 0x4d, 0x43, 0x4c,
    0x5a, 0x58, 0x59, 0x53, 0x5a, 0x51, 0x5a, 0x58, 0x4e, 0x43, 0x4a, 0x44, 0x51, 0x47, 0x5a, 0x44, 0x4c, 0x46, 0x4e, 0x59, 0x4b, 0x4c, 0x4a, 0x43,
    0x4a, 0x4c, 0x4c, 0x5a, 0x4c, 0x4d, 0x5a, 0x5a, 0x4e, 0x48, 0x59, 0x44, 0x53, 0x53, 0x48, 0x54, 0x48, 0x58, 0x5a, 0x4c, 0x5a, 0x5a, 0x42, 0x42,
    0x48, 0x51, 0x5a, 0x57, 0x57, 0x59, 0x43, 0x52, 0x44, 0x48, 0x4c, 0x59, 0x51, 0x51, 0x4a, 0x42, 0x45, 0x59, 0x46, 0x53, 0x47, 0x58, 0x54, 0x48,
    0x53, 0x52, 0x58, 0x57, 0x51, 0x48, 0x57, 0x46, 0x53, 0x4c, 0x4d, 0x53, 0x53, 0x47, 0x5a, 0x54, 0x54, 0x59, 0x45, 0x59, 0x51, 0x51, 0x57, 0x52,
    0x53, 0x4c, 0x41, 0x4c, 0x48, 0x4d, 0x4a, 0x54, 0x51, 0x4a, 0x53, 0x4d, 0x58, 0x51, 0x42, 0x4a, 0x4a, 0x5a, 0x4a, 0x58, 0x5a, 0x59, 0x5a, 0x4b,
    0x58, 0x42, 0x59, 0x51, 0x58, 0x42, 0x4a, 0x58, 0x53, 0x48, 0x5a, 0x53, 0x53, 0x46, 0x47, 0x4c, 0x58, 0x4d, 0x58, 0x5a, 0x58, 0x46, 0x47, 0x48,
    0x4b, 0x5a, 0x53, 0x5a, 0x47, 0x47, 0x59, 0x4c, 0x43, 0x4c, 0x53, 0x41, 0x52, 0x4a, 0x58, 0x48, 0x53, 0x4c, 0x4c, 0x4c, 0x4d, 0x5a, 0x58, 0x45,
    0x4c, 0x47, 0x4c, 0x58, 0x59, 0x44, 0x4a, 0x59, 0x54, 0x4c, 0x46, 0x42, 0x48, 0x42, 0x50, 0x4e, 0x4c, 0x59, 0x5a, 0x46, 0x42, 0x42, 0x48, 0x50,
    0x54, 0x47, 0x4a, 0x4b, 0x57, 0x45, 0x54, 0x5a, 0x48, 0x4b, 0x4a, 0x4a, 0x58, 0x5a, 0x58, 0x58, 0x47, 0x4c, 0x4c, 0x4a, 0x4c, 0x53, 0x54, 0x47,
    0x53, 0x48, 0x4a, 0x4a, 0x59, 0x51, 0x4c, 0x51, 0x5a, 0x46, 0x4b, 0x43, 0x47, 0x4e, 0x4e, 0x44, 0x4a, 0x53, 0x53, 0x5a, 0x46, 0x44, 0x42, 0x43,
    0x54, 0x57, 0x57, 0x53, 0x45, 0x51, 0x46, 0x48, 0x51, 0x4a, 0x42, 0x53, 0x41, 0x51, 0x54, 0x47, 0x59, 0x50, 0x4a, 0x4c, 0x42, 0x58, 0x42, 0x4d,
    0x4d, 0x59, 0x57, 0x58, 0x47, 0x53, 0x4c, 0x5a, 0x48, 0x47, 0x4c, 0x5a, 0x47, 0x4e, 0x59, 0x46, 0x4c, 0x4a, 0x42, 0x59, 0x46, 0x44, 0x4a, 0x46,
    0x52, 0x47, 0x53, 0x46, 0x4d, 0x42, 0x59, 0x5a, 0x48, 0x51, 0x46, 0x42, 0x57, 0x4a, 0x53, 0x59, 0x46, 0x59, 0x4a, 0x4a, 0x50, 0x48, 0x5a, 0x42,
    0x59, 0x59, 0x5a, 0x46, 0x46, 0x57, 0x4f, 0x44, 0x47, 0x52, 0x4c, 0x4d, 0x46, 0x54, 0x4d, 0x4c, 0x42, 0x5a, 0x47, 0x59, 0x43, 0x51, 0x58, 0x43,
    0x44, 0x4a, 0x59, 0x47, 0x5a, 0x59, 0x59, 0x59, 0x59, 0x54, 0x59, 0x54, 0x59, 0x44, 0x57, 0x45, 0x47, 0x41, 0x5a, 0x59, 0x48, 0x58, 0x4a, 0x4c,
    0x5a, 0x59, 0x54, 0x48, 0x4c, 0x52, 0x4d, 0x47, 0x52, 0x4a, 0x58, 0x5a, 0x43, 0x4c, 0x48, 0x4e, 0x45, 0x4c, 0x4a, 0x4a, 0x54, 0x48, 0x54, 0x42,
    0x57, 0x4a, 0x59, 0x42, 0x4a, 0x4a, 0x42, 0x58, 0x4a, 0x4a, 0x54, 0x4a, 0x54, 0x45, 0x45, 0x4b, 0x48, 0x57, 0x53, 0x4c, 0x4a, 0x50, 0x4c, 0x50,
    0x53, 0x46, 0x41, 0x5a, 0x50, 0x51, 0x51, 0x42, 0x44, 0x4c, 0x51, 0x4a, 0x4a, 0x54, 0x59, 0x59, 0x51, 0x4c, 0x59, 0x5a, 0x4b, 0x44, 0x4b, 0x53,
    0x51, 0x4a, 0x59, 0x59, 0x4a, 0x5a, 0x4c, 0x44, 0x51, 0x43, 0x47, 0x4a, 0x4a, 0x59, 0x5a, 0x4a, 0x53, 0x59, 0x43, 0x4d, 0x52, 0x41, 0x51, 0x54,
    0x48, 0x54, 0x45, 0x4a, 0x4d, 0x46, 0x43, 0x54, 0x59, 0x48, 0x59, 0x50, 0x4b, 0x4d, 0x48, 0x59, 0x43, 0x57, 0x4a, 0x44, 0x43, 0x46, 0x48, 0x59,
    0x59, 0x58, 0x57, 0x53, 0x48, 0x43, 0x54, 0x58, 0x52, 0x4c, 0x4a, 0x47, 0x4a, 0x53, 0x48, 0x43, 0x43, 0x59, 0x59, 0x59, 0x4a, 0x4c, 0x54, 0x4b,
    0x54, 0x54, 0x59, 0x54, 0x4d, 0x58, 0x47, 0x54, 0x43, 0x4a, 0x54, 0x5a, 0x41, 0x59, 0x59, 0x4f, 0x43, 0x5a, 0x4c, 0x59, 0x4c, 0x42, 0x53, 0x5a,
    0x59, 0x57, 0x4a, 0x59, 0x54, 0x53, 0x4a, 0x59, 0x48, 0x42, 0x59, 0x53, 0x48, 0x46, 0x4a, 0x4c, 0x59, 0x47, 0x4a, 0x58, 0x58, 0x54, 0x4d, 0x5a,
    0x59, 0x59, 0x4c, 0x54, 0x58, 0x58, 0x59, 0x50, 0x53, 0x4c, 0x58, 0x59, 0x4a, 0x5a, 0x59, 0x5a, 0x59, 0x59, 0x50, 0x4e, 0x48, 0x4d, 0x59, 0x4d,
    0x44, 0x59, 0x59, 0x4c, 0x42, 0x4c, 0x48, 0x4c, 0x53, 0x59, 0x59, 0x47, 0x51, 0x4c, 0x4c, 0x4e, 0x4a, 0x4a, 0x59, 0x4d, 0x53, 0x4f, 0x59, 0x43,
    0x42, 0x5a, 0x47, 0x44, 0x4c, 0x59, 0x58, 0x59, 0x4c, 0x43, 0x51, 0x59, 0x58, 0x54, 0x53, 0x5a, 0x45, 0x47, 0x58, 0x48, 0x5a, 0x47, 0x4c, 0x48,
    0x57, 0x42, 0x4c, 0x4a, 0x47, 0x45, 0x59, 0x58, 0x54, 0x57, 0x51, 0x4d, 0x41, 0x4b, 0x42, 0x50, 0x51, 0x43, 0x47, 0x59, 0x53, 0x48, 0x48, 0x45,
    0x47, 0x51, 0x43, 0x4d, 0x57, 0x59, 0x59, 0x57, 0x4c, 0x4a, 0x59, 0x4a, 0x48, 0x59, 0x59, 0x5a, 0x4c, 0x4c, 0x4a, 0x4a, 0x59, 0x4c, 0x48, 0x5a,
    0x59, 0x48, 0x4d, 0x47, 0x53, 0x4c, 0x4a, 0x4c, 0x4a, 0x58, 0x43, 0x4a, 0x4a, 0x59, 0x43, 0x4c, 0x59, 0x43, 0x4a, 0x50, 0x43, 0x50, 0x5a, 0x4a,
    0x5a, 0x4a, 0x4d, 0x4d, 0x59, 0x4c, 0x43, 0x4a, 0x4c, 0x4e, 0x51, 0x4c, 0x4a, 0x4a, 0x4a, 0x4c, 0x58, 0x58, 0x4a, 0x4d, 0x4c, 0x53, 0x5a, 0x4c,
    0x4a, 0x51, 0x4c, 0x59, 0x43, 0x4d, 0x4d, 0x48, 0x43, 0x46, 0x4d, 0x4d, 0x46, 0x50, 0x51, 0x51, 0x4d, 0x46, 0x58, 0x4c, 0x51, 0x4d, 0x43, 0x46,
    0x46, 0x51, 0x4d, 0x4d, 0x4d, 0x4d, 0x48, 0x4d, 0x5a, 0x4e, 0x46, 0x48, 0x48, 0x4a, 0x47, 0x54, 0x54, 0x48, 0x48, 0x4b, 0x48, 0x53, 0x4c, 0x4e,
    0x43, 0x48, 0x48, 0x59, 0x51, 0x44, 0x58, 0x54, 0x4d, 0x4d, 0x51, 0x44, 0x43, 0x59, 0x44, 0x59, 0x58, 0x59, 0x51, 0x4d, 0x59, 0x51, 0x59, 0x4c,
    0x44, 0x44, 0x43, 0x59, 0x59, 0x59, 0x44, 0x41, 0x5a, 0x44, 0x43, 0x59, 0x4d, 0x5a, 0x59, 0x44, 0x4c, 0x5a, 0x46, 0x46, 0x46, 0x4d, 0x4d, 0x59,
    0x43, 0x51, 0x43, 0x57, 0x5a, 0x5a, 0x4d, 0x41, 0x42, 0x54, 0x42, 0x59, 0x43, 0x54, 0x44, 0x4d, 0x4e, 0x44, 0x5a, 0x47, 0x47, 0x44, 0x46, 0x54,
    0x59, 0x50, 0x43, 0x47, 0x51, 0x59, 0x54, 0x54, 0x53, 0x53, 0x46, 0x46, 0x57, 0x42, 0x44, 0x54, 0x5a, 0x51, 0x53, 0x53, 0x59, 0x53, 0x54, 0x57,
    0x4a, 0x4a, 0x48, 0x4a, 0x59, 0x54, 0x53, 0x58, 0x58, 0x59, 0x4c, 0x42, 0x59, 0x51, 0x48, 0x57, 0x57, 0x48, 0x58, 0x45, 0x5a, 0x58, 0x57, 0x5a,
    0x4e, 0x4e, 0x51, 0x5a, 0x4a, 0x5a, 0x4a, 0x4a, 0x51, 0x4a, 0x43, 0x43, 0x43, 0x48, 0x59, 0x59, 0x58, 0x42, 0x5a, 0x58, 0x43, 0x43, 0x59, 0x4a,
    0x54, 0x4c, 0x4c, 0x43, 0x51, 0x58, 0x4b, 0x4e, 0x4a, 0x59, 0x43, 0x59, 0x59, 0x43, 0x59, 0x4e, 0x5a, 0x5a, 0x51, 0x59, 0x59, 0x4f, 0x45, 0x57,
    0x59, 0x43, 0x5a, 0x44, 0x43, 0x4a, 0x59, 0x43, 0x43, 0x48, 0x59, 0x4a, 0x4c, 0x42, 0x54, 0x5a, 0x59, 0x59, 0x43, 0x51, 0x57, 0x4c, 0x50, 0x47,
    0x50, 0x59, 0x4c, 0x4c, 0x47, 0x4b, 0x44, 0x4c, 0x44, 0x4c, 0x47, 0x4b, 0x47, 0x51, 0x42, 0x47, 0x59, 0x43, 0x48, 0x4a, 0x58, 0x59, 0x00, 0x00,
    0x00, 0x00, 0x5a, 0x00, 0x57, 0x00, 0x00, 0x00, 0x5a, 0x00, 0x00, 0x00, 0x00, 0x53, 0x00, 0x00, 0x00, 0x00, 0x00, 0x4c, 0x00, 0x00, 0x00, 0x00,
    0x00, 0x00, 0x00, 0x53, 0x4c, 0x00, 0x00, 0x5a, 0x00, 0x00, 0x00, 0x00, 0x4c, 0x47, 0x54, 0x4d, 0x00, 0x00, 0x00, 0x00, 0x47, 0x44, 0x00, 0x00,
    0x00, 0x00, 0x00, 0x00, 0x00, 0x00, 0x00, 0x00, 0x00, 0x00, 0x00, 0x00, 0x00, 0x00, 0x00, 0x00, 0x00, 0x00, 0x00, 0x41, 0x54, 0x4e, 0x00, 0x00,
    0x48, 0x42, 0x4c, 0x54, 0x44, 0x5a, 0x4c, 0x41, 0x54, 0x4d, 0x4d, 0x42, 0x4a, 0x00, 0x4c, 0x58,
};

#define CRAZYPOD_CJK_COMPAT_INITIAL_FIRST 0xf900u
#define CRAZYPOD_CJK_COMPAT_INITIAL_LAST 0xfaffu
static const unsigned char crazypod_cjk_compat_initials[] = {
    0x51, 0x47, 0x43, 0x4a, 0x48, 0x43, 0x4a, 0x47, 0x47, 0x51, 0x4a, 0x4c, 0x4e, 0x4c, 0x4c, 0x4c, 0x4c, 0x4c, 0x4c, 0x4c, 0x4c, 0x4c, 0x4c, 0x4c,
    0x4c, 0x4c, 0x4c, 0x4c, 0x4c, 0x4c, 0x4c, 0x4c, 0x4c, 0x4c, 0x4c, 0x4c, 0x4c, 0x4c, 0x4c, 0x4c, 0x4c, 0x4c, 0x4c, 0x4c, 0x4c, 0x4c, 0x4c, 0x4c,
    0x4c, 0x4c, 0x4c, 0x4c, 0x4c, 0x4c, 0x4c, 0x4c, 0x4c, 0x4c, 0x4c, 0x4c, 0x4c, 0x4c, 0x4c, 0x4c, 0x4c, 0x4c, 0x4c, 0x4e, 0x4c, 0x4c, 0x4c, 0x4c,
    0x4c, 0x4c, 0x4c, 0x4c, 0x4c, 0x4c, 0x4c, 0x4c, 0x4c, 0x4c, 0x4c, 0x4c, 0x4c, 0x4c, 0x4c, 0x4c, 0x4c, 0x4c, 0x44, 0x4e, 0x4c, 0x4e, 0x44, 0x4e,
    0x4e, 0x4c, 0x59, 0x42, 0x50, 0x42, 0x46, 0x42, 0x4d, 0x53, 0x53, 0x43, 0x53, 0x53, 0x59, 0x53, 0x53, 0x43, 0x53, 0x53, 0x52, 0x4c, 0x4c, 0x4c,
    0x4c, 0x4c, 0x4c, 0x4c, 0x4c, 0x4c, 0x4c, 0x4c, 0x4c, 0x4e, 0x4c, 0x4c, 0x4c, 0x4c, 0x4c, 0x4c, 0x4c, 0x4c, 0x4c, 0x4c, 0x4c, 0x4c, 0x4e, 0x4c,
    0x4c, 0x4e, 0x4c, 0x4c, 0x4c, 0x4e, 0x4c, 0x4c, 0x4e, 0x4c, 0x4c, 0x4c, 0x4c, 0x4c, 0x59, 0x4c, 0x4c, 0x53, 0x4c, 0x4e, 0x4e, 0x4c, 0x4c, 0x4c,
    0x4c, 0x4c, 0x4e, 0x4c, 0x4c, 0x4c, 0x59, 0x4c, 0x4c, 0x4c, 0x4c, 0x4c, 0x4c, 0x4c, 0x4c, 0x4c, 0x4c, 0x45, 0x4c, 0x4c, 0x4c, 0x4e, 0x4c, 0x4c,
    0x4c, 0x4c, 0x4c, 0x4c, 0x4c, 0x59, 0x52, 0x4c, 0x43, 0x4c, 0x4c, 0x4c, 0x4c, 0x4c, 0x4c, 0x4e, 0x4c, 0x4c, 0x4c, 0x4c, 0x4c, 0x4c, 0x4c, 0x4c,
    0x4c, 0x4c, 0x4c, 0x4c, 0x4c, 0x4c, 0x4c, 0x4c, 0x59, 0x4c, 0x4c, 0x4e, 0x4c, 0x4c, 0x4c, 0x4c, 0x4c, 0x4c, 0x4c, 0x4e, 0x4e, 0x4c, 0x4c, 0x4c,
    0x4c, 0x4c, 0x4c, 0x4c, 0x4c, 0x4c, 0x4c, 0x4c, 0x4c, 0x4c, 0x5a, 0x5a, 0x53, 0x53, 0x43, 0x43, 0x51, 0x44, 0x54, 0x54, 0x5a, 0x44, 0x42, 0x46,
    0x58, 0x4a, 0x4a, 0x4b, 0x57, 0x48, 0x00, 0x00, 0x5a, 0x00, 0x51, 0x00, 0x00, 0x58, 0x5a, 0x59, 0x4c, 0x53, 0x58, 0x46, 0x4a, 0x4a, 0x59, 0x00,
    0x51, 0x00, 0x5a, 0x00, 0x00, 0x59, 0x44, 0x00, 0x00, 0x00, 0x46, 0x53, 0x47, 0x48, 0x4c, 0x4c, 0x57, 0x53, 0x4d, 0x4d, 0x51, 0x42, 0x48, 0x54,
    0x51, 0x50, 0x4d, 0x43, 0x43, 0x48, 0x4b, 0x5a, 0x43, 0x4d, 0x4a, 0x53, 0x4d, 0x48, 0x5a, 0x48, 0x5a, 0x5a, 0x5a, 0x42, 0x53, 0x5a, 0x51, 0x59,
    0x5a, 0x5a, 0x48, 0x5a, 0x47, 0x54, 0x4a, 0x4c, 0x4a, 0x46, 0x53, 0x5a, 0x43, 0x43, 0x43, 0x5a, 0x48, 0x53, 0x59, 0x4a, 0x42, 0x5a, 0x43, 0x59,
    0x4e, 0x58, 0x50, 0x48, 0x00, 0x47, 0x00, 0x00, 0x42, 0x4b, 0x51, 0x58, 0x43, 0x4a, 0x59, 0x53, 0x48, 0x54, 0x48, 0x57, 0x5a, 0x46, 0x59, 0x42,
    0x42, 0x43, 0x41, 0x59, 0x43, 0x59, 0x57, 0x53, 0x59, 0x5a, 0x41, 0x43, 0x44, 0x59, 0x53, 0x42, 0x41, 0x51, 0x4c, 0x57, 0x5a, 0x44, 0x53, 0x4c,
    0x59, 0x5a, 0x48, 0x4a, 0x5a, 0x51, 0x4a, 0x46, 0x5a, 0x54, 0x43, 0x48, 0x47, 0x57, 0x59, 0x53, 0x5a, 0x4a, 0x5a, 0x54, 0x54, 0x4a, 0x4c, 0x54,
    0x4c, 0x50, 0x5a, 0x48, 0x48, 0x59, 0x51, 0x46, 0x53, 0x44, 0x5a, 0x51, 0x59, 0x4e, 0x59, 0x4a, 0x42, 0x5a, 0x53, 0x43, 0x53, 0x58, 0x5a, 0x4e,
    0x4a, 0x42, 0x58, 0x45, 0x50, 0x5a, 0x47, 0x00, 0x00, 0x00, 0x48, 0x58, 0x4a, 0x00, 0x51, 0x42, 0x45, 0x50, 0x00, 0x00, 0x00, 0x00, 0x00, 0x00,
    0x00, 0x00, 0x00, 0x00, 0x00, 0x00, 0x00, 0x00, 0x00, 0x00, 0x00, 0x00, 0x00, 0x00, 0x00, 0x00, 0x00, 0x00, 0x00, 0x00, 0x00, 0x00, 0x00, 0x00,
    0x00, 0x00, 0x00, 0x00, 0x00, 0x00, 0x00, 0x00,
};

