/*******************************************************************************
 * Size: 32 px
 * Bpp: 4
 * Opts: --no-compress --no-prefilter --bpp 4 --size 32 --font /tmp/crazypod-open-fonts.zw7S3M/Anton-Regular.ttf -r 0x20-0x7E,0x2026 --format lvgl -o /tmp/crazypod-open-fonts.zw7S3M/lv_font_crazypod_anton_32.c --force-fast-kern-format --lv-fallback lv_font_source_han_sans_sc_16_cjk
 ******************************************************************************/

#ifdef LV_LVGL_H_INCLUDE_SIMPLE
#include "lvgl.h"
#else
#include "../../lvgl.h"
#endif

#ifndef LV_FONT_CRAZYPOD_ANTON_32
#define LV_FONT_CRAZYPOD_ANTON_32 1
#endif

#if LV_FONT_CRAZYPOD_ANTON_32

/*-----------------
 *    BITMAPS
 *----------------*/

/*Store the image of the glyphs*/
static LV_ATTRIBUTE_LARGE_CONST const uint8_t glyph_bitmap[] = {
    /* U+0020 " " */

    /* U+0021 "!" */
    0x1f, 0xff, 0xff, 0x61, 0xff, 0xff, 0xf5, 0xf,
    0xff, 0xff, 0x50, 0xff, 0xff, 0xf4, 0xe, 0xff,
    0xff, 0x30, 0xdf, 0xff, 0xf2, 0xc, 0xff, 0xff,
    0x10, 0xbf, 0xff, 0xf0, 0xa, 0xff, 0xff, 0x0,
    0xaf, 0xff, 0xf0, 0x9, 0xff, 0xfe, 0x0, 0x8f,
    0xff, 0xd0, 0x7, 0xff, 0xfc, 0x0, 0x6f, 0xff,
    0xb0, 0x5, 0xff, 0xfa, 0x0, 0x4f, 0xff, 0x90,
    0x4, 0xff, 0xf9, 0x0, 0x3f, 0xff, 0x80, 0x2,
    0xff, 0xf7, 0x0, 0x1f, 0xff, 0x60, 0x0, 0x44,
    0x41, 0x0, 0x0, 0x0, 0x0, 0x0, 0x0, 0x0,
    0x1, 0xbb, 0xbb, 0xb5, 0x2f, 0xff, 0xff, 0x72,
    0xff, 0xff, 0xf7, 0x2f, 0xff, 0xff, 0x72, 0xff,
    0xff, 0xf7,

    /* U+0022 "\"" */
    0x4f, 0xff, 0xff, 0x16, 0xff, 0xff, 0xf0, 0x2f,
    0xff, 0xff, 0x4, 0xff, 0xff, 0xd0, 0xf, 0xff,
    0xfd, 0x1, 0xff, 0xff, 0xb0, 0xd, 0xff, 0xfb,
    0x0, 0xff, 0xff, 0x90, 0xa, 0xff, 0xf9, 0x0,
    0xcf, 0xff, 0x70, 0x8, 0xff, 0xf7, 0x0, 0xaf,
    0xff, 0x50, 0x5, 0xff, 0xf5, 0x0, 0x7f, 0xff,
    0x30, 0x3, 0xff, 0xf4, 0x0, 0x5f, 0xff, 0x20,
    0x0, 0xff, 0xf2, 0x0, 0x2f, 0xff, 0x0, 0x0,
    0xef, 0xf0, 0x0, 0xf, 0xfe, 0x0, 0x0, 0x1,
    0x0, 0x0, 0x0, 0x10, 0x0,

    /* U+0023 "#" */
    0x0, 0x0, 0xa, 0xff, 0xfc, 0x0, 0xaf, 0xff,
    0xc0, 0x0, 0x0, 0xdf, 0xff, 0x90, 0xd, 0xff,
    0xf9, 0x0, 0x0, 0x1f, 0xff, 0xf6, 0x0, 0xff,
    0xff, 0x60, 0x0, 0x4, 0xff, 0xff, 0x20, 0x3f,
    0xff, 0xf3, 0x0, 0x0, 0x7f, 0xff, 0xf0, 0x6,
    0xff, 0xff, 0x0, 0x0, 0xa, 0xff, 0xfc, 0x0,
    0x9f, 0xff, 0xd0, 0x0, 0x0, 0xdf, 0xff, 0x90,
    0xd, 0xff, 0xf9, 0x0, 0x4a, 0xaf, 0xff, 0xfd,
    0xaa, 0xff, 0xff, 0xd9, 0x7, 0xff, 0xff, 0xff,
    0xff, 0xff, 0xff, 0xff, 0xe0, 0x7f, 0xff, 0xff,
    0xff, 0xff, 0xff, 0xff, 0xfe, 0x7, 0xff, 0xff,
    0xff, 0xff, 0xff, 0xff, 0xff, 0xe0, 0x0, 0xdf,
    0xff, 0x90, 0xc, 0xff, 0xfa, 0x0, 0x0, 0xf,
    0xff, 0xf6, 0x0, 0xff, 0xff, 0x70, 0x3, 0xab,
    0xff, 0xff, 0xca, 0xbf, 0xff, 0xfc, 0xa0, 0x5f,
    0xff, 0xff, 0xff, 0xff, 0xff, 0xff, 0xff, 0x5,
    0xff, 0xff, 0xff, 0xff, 0xff, 0xff, 0xff, 0xf0,
    0x5f, 0xff, 0xff, 0xff, 0xff, 0xff, 0xff, 0xff,
    0x0, 0xf, 0xff, 0xf7, 0x0, 0xef, 0xff, 0x70,
    0x0, 0x2, 0xff, 0xff, 0x40, 0x1f, 0xff, 0xf4,
    0x0, 0x0, 0x5f, 0xff, 0xf1, 0x5, 0xff, 0xff,
    0x10, 0x0, 0x8, 0xff, 0xfe, 0x0, 0x8f, 0xff,
    0xe0, 0x0, 0x0, 0xbf, 0xff, 0xb0, 0xb, 0xff,
    0xfb, 0x0, 0x0, 0xe, 0xff, 0xf7, 0x0, 0xef,
    0xff, 0x80, 0x0, 0x1, 0xff, 0xff, 0x40, 0x1f,
    0xff, 0xf5, 0x0, 0x0, 0x4f, 0xff, 0xf1, 0x4,
    0xff, 0xff, 0x20, 0x0, 0x0,

    /* U+0024 "$" */
    0x0, 0x0, 0x0, 0xaa, 0x70, 0x0, 0x0, 0x0,
    0x0, 0x0, 0xf, 0xfb, 0x0, 0x0, 0x0, 0x0,
    0x0, 0x39, 0xff, 0xe9, 0x40, 0x0, 0x0, 0x1,
    0xbf, 0xff, 0xff, 0xff, 0xb0, 0x0, 0x0, 0xdf,
    0xff, 0xff, 0xff, 0xff, 0xb0, 0x0, 0x8f, 0xff,
    0xff, 0xff, 0xff, 0xff, 0x50, 0xe, 0xff, 0xff,
    0xff, 0xff, 0xff, 0xfb, 0x1, 0xff, 0xff, 0xf4,
    0x1b, 0xff, 0xff, 0xf0, 0x2f, 0xff, 0xff, 0x0,
    0x6f, 0xff, 0xff, 0x10, 0xff, 0xff, 0xf8, 0x3,
    0x77, 0x77, 0x71, 0xb, 0xff, 0xff, 0xf6, 0x0,
    0x0, 0x0, 0x0, 0x4f, 0xff, 0xff, 0xf6, 0x0,
    0x0, 0x0, 0x0, 0xaf, 0xff, 0xff, 0xf5, 0x0,
    0x0, 0x0, 0x0, 0xcf, 0xff, 0xff, 0xf5, 0x0,
    0x0, 0x0, 0x1, 0xdf, 0xff, 0xff, 0xf5, 0x0,
    0x0, 0x0, 0x1, 0xdf, 0xff, 0xff, 0xf4, 0x0,
    0x0, 0x0, 0x1, 0xdf, 0xff, 0xff, 0xe1, 0x0,
    0x0, 0x0, 0x2, 0xef, 0xff, 0xff, 0x80, 0x37,
    0x77, 0x76, 0x2, 0xff, 0xff, 0xfe, 0x7, 0xff,
    0xff, 0xf0, 0x7, 0xff, 0xff, 0xf1, 0x6f, 0xff,
    0xff, 0x20, 0x4f, 0xff, 0xff, 0x34, 0xff, 0xff,
    0xfb, 0x5c, 0xff, 0xff, 0xf2, 0x1f, 0xff, 0xff,
    0xff, 0xff, 0xff, 0xff, 0x0, 0xcf, 0xff, 0xff,
    0xff, 0xff, 0xff, 0x90, 0x3, 0xff, 0xff, 0xff,
    0xff, 0xff, 0xd0, 0x0, 0x4, 0xef, 0xff, 0xff,
    0xff, 0xb1, 0x0, 0x0, 0x0, 0x48, 0xff, 0xe8,
    0x30, 0x0, 0x0, 0x0, 0x0, 0xf, 0xfb, 0x0,
    0x0, 0x0, 0x0, 0x0, 0x0, 0xff, 0xb0, 0x0,
    0x0, 0x0,

    /* U+0025 "%" */
    0x0, 0x4, 0xae, 0xff, 0xc8, 0x10, 0x0, 0x0,
    0x0, 0x6f, 0xff, 0xfa, 0x0, 0x0, 0x0, 0x0,
    0x0, 0x0, 0x8f, 0xff, 0xff, 0xff, 0xe2, 0x0,
    0x0, 0x0, 0xbf, 0xff, 0xf5, 0x0, 0x0, 0x0,
    0x0, 0x0, 0x5, 0xff, 0xff, 0xff, 0xff, 0xfd,
    0x0, 0x0, 0x0, 0xff, 0xff, 0xf1, 0x0, 0x0,
    0x0, 0x0, 0x0, 0xd, 0xff, 0xff, 0xac, 0xff,
    0xff, 0x50, 0x0, 0x4, 0xff, 0xff, 0xc0, 0x0,
    0x0, 0x0, 0x0, 0x0, 0x1f, 0xff, 0xf7, 0x0,
    0xef, 0xff, 0xa0, 0x0, 0x9, 0xff, 0xff, 0x70,
    0x0, 0x0, 0x0, 0x0, 0x0, 0x4f, 0xff, 0xf5,
    0x0, 0xcf, 0xff, 0xc0, 0x0, 0xe, 0xff, 0xff,
    0x20, 0x0, 0x0, 0x0, 0x0, 0x0, 0x5f, 0xff,
    0xf5, 0x0, 0xcf, 0xff, 0xd0, 0x0, 0x3f, 0xff,
    0xfd, 0x0, 0x0, 0x0, 0x0, 0x0, 0x0, 0x5f,
    0xff, 0xf5, 0x0, 0xcf, 0xff, 0xe0, 0x0, 0x8f,
    0xff, 0xf8, 0x0, 0x0, 0x0, 0x0, 0x0, 0x0,
    0x5f, 0xff, 0xf5, 0x0, 0xcf, 0xff, 0xe0, 0x0,
    0xdf, 0xff, 0xf3, 0x0, 0x0, 0x0, 0x0, 0x0,
    0x0, 0x5f, 0xff, 0xf5, 0x0, 0xcf, 0xff, 0xe0,
    0x1, 0xff, 0xff, 0xe0, 0x2, 0x9d, 0xff, 0xd9,
    0x20, 0x0, 0x5f, 0xff, 0xf5, 0x0, 0xcf, 0xff,
    0xe0, 0x6, 0xff, 0xff, 0xa0, 0x5f, 0xff, 0xff,
    0xff, 0xf5, 0x0, 0x5f, 0xff, 0xf5, 0x0, 0xcf,
    0xff, 0xe0, 0xb, 0xff, 0xff, 0x52, 0xff, 0xff,
    0xff, 0xff, 0xff, 0x20, 0x5f, 0xff, 0xf5, 0x0,
    0xcf, 0xff, 0xe0, 0xf, 0xff, 0xff, 0x9, 0xff,
    0xff, 0xbb, 0xff, 0xff, 0xa0, 0x4f, 0xff, 0xf5,
    0x0, 0xcf, 0xff, 0xd0, 0x5f, 0xff, 0xfb, 0xd,
    0xff, 0xfb, 0x0, 0xaf, 0xff, 0xe0, 0x1f, 0xff,
    0xfb, 0x14, 0xff, 0xff, 0xa0, 0x9f, 0xff, 0xf6,
    0xf, 0xff, 0xf9, 0x0, 0x8f, 0xff, 0xf1, 0xc,
    0xff, 0xff, 0xff, 0xff, 0xff, 0x50, 0xef, 0xff,
    0xf2, 0x1f, 0xff, 0xf9, 0x0, 0x8f, 0xff, 0xf2,
    0x4, 0xff, 0xff, 0xff, 0xff, 0xfd, 0x3, 0xff,
    0xff, 0xd0, 0x1f, 0xff, 0xf9, 0x0, 0x8f, 0xff,
    0xf2, 0x0, 0x8f, 0xff, 0xff, 0xff, 0xe2, 0x8,
    0xff, 0xff, 0x80, 0x1f, 0xff, 0xf9, 0x0, 0x8f,
    0xff, 0xf2, 0x0, 0x4, 0xcf, 0xff, 0xe9, 0x10,
    0xd, 0xff, 0xff, 0x30, 0x1f, 0xff, 0xf9, 0x0,
    0x8f, 0xff, 0xf2, 0x0, 0x0, 0x0, 0x11, 0x0,
    0x0, 0x2f, 0xff, 0xfe, 0x0, 0x1f, 0xff, 0xf9,
    0x0, 0x8f, 0xff, 0xf2, 0x0, 0x0, 0x0, 0x0,
    0x0, 0x0, 0x6f, 0xff, 0xf9, 0x0, 0x1f, 0xff,
    0xf9, 0x0, 0x8f, 0xff, 0xf2, 0x0, 0x0, 0x0,
    0x0, 0x0, 0x0, 0xbf, 0xff, 0xf5, 0x0, 0x1f,
    0xff, 0xf9, 0x0, 0x8f, 0xff, 0xf2, 0x0, 0x0,
    0x0, 0x0, 0x0, 0x0, 0xff, 0xff, 0xf0, 0x0,
    0xf, 0xff, 0xf9, 0x0, 0x8f, 0xff, 0xf1, 0x0,
    0x0, 0x0, 0x0, 0x0, 0x5, 0xff, 0xff, 0xb0,
    0x0, 0xd, 0xff, 0xff, 0x44, 0xef, 0xff, 0xe0,
    0x0, 0x0, 0x0, 0x0, 0x0, 0xa, 0xff, 0xff,
    0x60, 0x0, 0x7, 0xff, 0xff, 0xff, 0xff, 0xff,
    0x90, 0x0, 0x0, 0x0, 0x0, 0x0, 0xe, 0xff,
    0xff, 0x10, 0x0, 0x1, 0xef, 0xff, 0xff, 0xff,
    0xfe, 0x10, 0x0, 0x0, 0x0, 0x0, 0x0, 0x3f,
    0xff, 0xfc, 0x0, 0x0, 0x0, 0x3e, 0xff, 0xff,
    0xff, 0xf3, 0x0, 0x0, 0x0, 0x0, 0x0, 0x0,
    0x8f, 0xff, 0xf8, 0x0, 0x0, 0x0, 0x1, 0x8d,
    0xff, 0xd9, 0x10, 0x0,

    /* U+0026 "&" */
    0x0, 0x0, 0x19, 0xdf, 0xea, 0x30, 0x0, 0x0,
    0x0, 0x0, 0x3e, 0xff, 0xff, 0xff, 0x60, 0x0,
    0x0, 0x0, 0xe, 0xff, 0xff, 0xff, 0xff, 0x30,
    0x0, 0x0, 0x6, 0xff, 0xff, 0xff, 0xff, 0xfb,
    0x0, 0x0, 0x0, 0x9f, 0xff, 0xf5, 0x2f, 0xff,
    0xf0, 0x0, 0x0, 0xa, 0xff, 0xff, 0x40, 0xef,
    0xff, 0x10, 0x0, 0x0, 0x9f, 0xff, 0xf8, 0xe,
    0xff, 0xf1, 0x0, 0x0, 0x7, 0xff, 0xff, 0xd0,
    0xff, 0xff, 0x0, 0x0, 0x0, 0x2f, 0xff, 0xff,
    0xaf, 0xff, 0xb0, 0x0, 0x0, 0x0, 0xdf, 0xff,
    0xff, 0xff, 0xf5, 0x0, 0x0, 0x0, 0x7, 0xff,
    0xff, 0xff, 0xfb, 0x0, 0x0, 0x0, 0x0, 0x1f,
    0xff, 0xff, 0xfd, 0x10, 0x0, 0x0, 0x0, 0xa,
    0xff, 0xff, 0xff, 0x10, 0x0, 0x0, 0x0, 0x8,
    0xff, 0xff, 0xff, 0xf3, 0x1, 0xc8, 0x0, 0x3,
    0xff, 0xff, 0xff, 0xff, 0xa0, 0xbf, 0xf2, 0x0,
    0xaf, 0xff, 0xff, 0xff, 0xff, 0x5f, 0xff, 0xc0,
    0xf, 0xff, 0xfc, 0xff, 0xff, 0xff, 0xff, 0xfb,
    0x3, 0xff, 0xff, 0x79, 0xff, 0xff, 0xff, 0xfd,
    0x0, 0x5f, 0xff, 0xf6, 0x3f, 0xff, 0xff, 0xff,
    0x30, 0x6, 0xff, 0xff, 0x50, 0xcf, 0xff, 0xff,
    0xa0, 0x0, 0x7f, 0xff, 0xf5, 0x5, 0xff, 0xff,
    0xf4, 0x0, 0x6, 0xff, 0xff, 0x50, 0xe, 0xff,
    0xff, 0x60, 0x0, 0x4f, 0xff, 0xf7, 0x0, 0xaf,
    0xff, 0xfc, 0x0, 0x1, 0xff, 0xff, 0xd2, 0x3f,
    0xff, 0xff, 0xf2, 0x0, 0xc, 0xff, 0xff, 0xff,
    0xff, 0xff, 0xff, 0x80, 0x0, 0x5f, 0xff, 0xff,
    0xff, 0xff, 0xff, 0xfe, 0x0, 0x0, 0x8f, 0xff,
    0xff, 0xfb, 0xff, 0xff, 0xf5, 0x0, 0x0, 0x5c,
    0xff, 0xc6, 0x9, 0xff, 0xff, 0xb0,

    /* U+0027 "'" */
    0x4f, 0xff, 0xff, 0x12, 0xff, 0xff, 0xf0, 0xf,
    0xff, 0xfd, 0x0, 0xdf, 0xff, 0xb0, 0xa, 0xff,
    0xf9, 0x0, 0x8f, 0xff, 0x70, 0x5, 0xff, 0xf5,
    0x0, 0x3f, 0xff, 0x40, 0x0, 0xff, 0xf2, 0x0,
    0xe, 0xff, 0x0, 0x0, 0x1, 0x0, 0x0,

    /* U+0028 "(" */
    0x0, 0x0, 0x3, 0x79, 0x80, 0x0, 0x2b, 0xff,
    0xfc, 0x0, 0x2e, 0xff, 0xff, 0xc0, 0xc, 0xff,
    0xff, 0xfc, 0x5, 0xff, 0xff, 0xfe, 0x60, 0xbf,
    0xff, 0xff, 0x10, 0xf, 0xff, 0xff, 0xb0, 0x1,
    0xff, 0xff, 0xf9, 0x0, 0x2f, 0xff, 0xff, 0x90,
    0x3, 0xff, 0xff, 0xf9, 0x0, 0x3f, 0xff, 0xff,
    0x90, 0x3, 0xff, 0xff, 0xf9, 0x0, 0x3f, 0xff,
    0xff, 0x90, 0x3, 0xff, 0xff, 0xf9, 0x0, 0x3f,
    0xff, 0xff, 0x90, 0x3, 0xff, 0xff, 0xf9, 0x0,
    0x3f, 0xff, 0xff, 0x90, 0x3, 0xff, 0xff, 0xf9,
    0x0, 0x3f, 0xff, 0xff, 0x90, 0x3, 0xff, 0xff,
    0xf9, 0x0, 0x3f, 0xff, 0xff, 0x90, 0x3, 0xff,
    0xff, 0xf9, 0x0, 0x3f, 0xff, 0xff, 0x90, 0x2,
    0xff, 0xff, 0xf9, 0x0, 0x1f, 0xff, 0xff, 0x90,
    0x0, 0xff, 0xff, 0xfb, 0x0, 0xa, 0xff, 0xff,
    0xf3, 0x0, 0x4f, 0xff, 0xff, 0xf7, 0x0, 0xbf,
    0xff, 0xff, 0xc0, 0x1, 0xdf, 0xff, 0xfc, 0x0,
    0x1, 0xcf, 0xff, 0xc0, 0x0, 0x0, 0x5b, 0xeb,

    /* U+0029 ")" */
    0x5b, 0x95, 0x0, 0x0, 0x7, 0xff, 0xfe, 0x50,
    0x0, 0x7f, 0xff, 0xff, 0x60, 0x7, 0xff, 0xff,
    0xff, 0x20, 0x3c, 0xff, 0xff, 0xfa, 0x0, 0xb,
    0xff, 0xff, 0xf1, 0x0, 0x6f, 0xff, 0xff, 0x40,
    0x4, 0xff, 0xff, 0xf6, 0x0, 0x4f, 0xff, 0xff,
    0x70, 0x4, 0xff, 0xff, 0xf8, 0x0, 0x4f, 0xff,
    0xff, 0x80, 0x4, 0xff, 0xff, 0xf8, 0x0, 0x4f,
    0xff, 0xff, 0x80, 0x4, 0xff, 0xff, 0xf8, 0x0,
    0x4f, 0xff, 0xff, 0x80, 0x4, 0xff, 0xff, 0xf8,
    0x0, 0x4f, 0xff, 0xff, 0x80, 0x4, 0xff, 0xff,
    0xf8, 0x0, 0x4f, 0xff, 0xff, 0x80, 0x4, 0xff,
    0xff, 0xf8, 0x0, 0x4f, 0xff, 0xff, 0x80, 0x4,
    0xff, 0xff, 0xf8, 0x0, 0x4f, 0xff, 0xff, 0x80,
    0x4, 0xff, 0xff, 0xf7, 0x0, 0x4f, 0xff, 0xff,
    0x60, 0x6, 0xff, 0xff, 0xf3, 0x1, 0xdf, 0xff,
    0xfe, 0x4, 0xef, 0xff, 0xff, 0x90, 0x7f, 0xff,
    0xff, 0xe1, 0x7, 0xff, 0xff, 0xf4, 0x0, 0x7f,
    0xff, 0xe4, 0x0, 0x6, 0xfc, 0x71, 0x0, 0x0,

    /* U+002A "*" */
    0x0, 0x0, 0x4, 0x77, 0x70, 0x0, 0x0, 0x0,
    0x0, 0x6, 0xff, 0xe0, 0x0, 0x0, 0x0, 0x60,
    0x4, 0xff, 0xc0, 0x4, 0x30, 0x5, 0xfc, 0x22,
    0xff, 0xa0, 0x7f, 0xc0, 0xd, 0xff, 0xf5, 0xff,
    0xab, 0xff, 0xf5, 0x2d, 0xff, 0xff, 0xff, 0xff,
    0xff, 0xf8, 0x0, 0x3a, 0xff, 0xff, 0xff, 0xd6,
    0x10, 0x0, 0x3, 0xbf, 0xff, 0xfe, 0x60, 0x0,
    0x5, 0xcf, 0xff, 0xff, 0xff, 0xff, 0x82, 0x2f,
    0xff, 0xfb, 0xff, 0xcf, 0xff, 0xfa, 0x9, 0xff,
    0x81, 0xff, 0x92, 0xdf, 0xf1, 0x1, 0xe5, 0x3,
    0xff, 0xb0, 0x1b, 0x80, 0x0, 0x0, 0x5, 0xff,
    0xd0, 0x0, 0x0, 0x0, 0x0, 0x8, 0xff, 0xf0,
    0x0, 0x0,

    /* U+002B "+" */
    0x0, 0x0, 0x44, 0x42, 0x0, 0x0, 0x0, 0x2f,
    0xff, 0x80, 0x0, 0x0, 0x2, 0xff, 0xf8, 0x0,
    0x0, 0x0, 0x2f, 0xff, 0x80, 0x0, 0x6f, 0xff,
    0xff, 0xff, 0xff, 0xc6, 0xff, 0xff, 0xff, 0xff,
    0xfc, 0x6f, 0xff, 0xff, 0xff, 0xff, 0xc4, 0xaa,
    0xbf, 0xff, 0xda, 0xa8, 0x0, 0x2, 0xff, 0xf8,
    0x0, 0x0, 0x0, 0x2f, 0xff, 0x80, 0x0, 0x0,
    0x2, 0xff, 0xf8, 0x0, 0x0,

    /* U+002C "," */
    0x1b, 0xbb, 0xbb, 0x82, 0xff, 0xff, 0xfb, 0x2f,
    0xff, 0xff, 0xb2, 0xff, 0xff, 0xfb, 0x2f, 0xff,
    0xff, 0xb0, 0x4, 0xff, 0xf7, 0x0, 0x8f, 0xff,
    0x10, 0xc, 0xff, 0xa0, 0x1, 0xff, 0xf4, 0x0,

    /* U+002D "-" */
    0xa, 0xaa, 0xaa, 0xaa, 0xa1, 0xff, 0xff, 0xff,
    0xff, 0x1f, 0xff, 0xff, 0xff, 0xf1, 0xff, 0xff,
    0xff, 0xff,

    /* U+002E "." */
    0x1b, 0xbb, 0xbb, 0x52, 0xff, 0xff, 0xf7, 0x2f,
    0xff, 0xff, 0x72, 0xff, 0xff, 0xf7, 0x2f, 0xff,
    0xff, 0x70,

    /* U+002F "/" */
    0x0, 0x0, 0x0, 0x4f, 0xff, 0xff, 0x60, 0x0,
    0x0, 0x7, 0xff, 0xff, 0xf3, 0x0, 0x0, 0x0,
    0xbf, 0xff, 0xff, 0x0, 0x0, 0x0, 0xe, 0xff,
    0xff, 0xb0, 0x0, 0x0, 0x2, 0xff, 0xff, 0xf8,
    0x0, 0x0, 0x0, 0x6f, 0xff, 0xff, 0x40, 0x0,
    0x0, 0xa, 0xff, 0xff, 0xf1, 0x0, 0x0, 0x0,
    0xdf, 0xff, 0xfd, 0x0, 0x0, 0x0, 0x1f, 0xff,
    0xff, 0x90, 0x0, 0x0, 0x5, 0xff, 0xff, 0xf5,
    0x0, 0x0, 0x0, 0x8f, 0xff, 0xff, 0x20, 0x0,
    0x0, 0xc, 0xff, 0xff, 0xe0, 0x0, 0x0, 0x0,
    0xff, 0xff, 0xfa, 0x0, 0x0, 0x0, 0x3f, 0xff,
    0xff, 0x70, 0x0, 0x0, 0x7, 0xff, 0xff, 0xf3,
    0x0, 0x0, 0x0, 0xbf, 0xff, 0xff, 0x0, 0x0,
    0x0, 0xe, 0xff, 0xff, 0xc0, 0x0, 0x0, 0x2,
    0xff, 0xff, 0xf8, 0x0, 0x0, 0x0, 0x6f, 0xff,
    0xff, 0x40, 0x0, 0x0, 0x9, 0xff, 0xff, 0xf1,
    0x0, 0x0, 0x0, 0xdf, 0xff, 0xfd, 0x0, 0x0,
    0x0, 0x1f, 0xff, 0xff, 0x90, 0x0, 0x0, 0x4,
    0xff, 0xff, 0xf6, 0x0, 0x0, 0x0, 0x8f, 0xff,
    0xff, 0x20, 0x0, 0x0, 0xb, 0xff, 0xff, 0xe0,
    0x0, 0x0, 0x0, 0xff, 0xff, 0xfb, 0x0, 0x0,
    0x0, 0x3f, 0xff, 0xff, 0x70, 0x0, 0x0, 0x6,
    0xff, 0xff, 0xf3, 0x0, 0x0, 0x0,

    /* U+0030 "0" */
    0x0, 0x0, 0x5b, 0xef, 0xfd, 0xa4, 0x0, 0x0,
    0x0, 0x1c, 0xff, 0xff, 0xff, 0xff, 0xa0, 0x0,
    0x0, 0xdf, 0xff, 0xff, 0xff, 0xff, 0xfa, 0x0,
    0x7, 0xff, 0xff, 0xff, 0xff, 0xff, 0xff, 0x40,
    0xd, 0xff, 0xff, 0xff, 0xff, 0xff, 0xff, 0xa0,
    0x1f, 0xff, 0xff, 0xe3, 0x5f, 0xff, 0xff, 0xe0,
    0x4f, 0xff, 0xff, 0xa0, 0xd, 0xff, 0xff, 0xf1,
    0x5f, 0xff, 0xff, 0x90, 0xc, 0xff, 0xff, 0xf2,
    0x6f, 0xff, 0xff, 0x80, 0xb, 0xff, 0xff, 0xf3,
    0x6f, 0xff, 0xff, 0x80, 0xb, 0xff, 0xff, 0xf3,
    0x6f, 0xff, 0xff, 0x80, 0xb, 0xff, 0xff, 0xf3,
    0x6f, 0xff, 0xff, 0x80, 0xb, 0xff, 0xff, 0xf3,
    0x6f, 0xff, 0xff, 0x80, 0xb, 0xff, 0xff, 0xf3,
    0x6f, 0xff, 0xff, 0x80, 0xb, 0xff, 0xff, 0xf3,
    0x6f, 0xff, 0xff, 0x80, 0xb, 0xff, 0xff, 0xf3,
    0x6f, 0xff, 0xff, 0x80, 0xb, 0xff, 0xff, 0xf3,
    0x6f, 0xff, 0xff, 0x80, 0xb, 0xff, 0xff, 0xf3,
    0x6f, 0xff, 0xff, 0x80, 0xb, 0xff, 0xff, 0xf3,
    0x6f, 0xff, 0xff, 0x80, 0xb, 0xff, 0xff, 0xf3,
    0x6f, 0xff, 0xff, 0x80, 0xb, 0xff, 0xff, 0xf3,
    0x5f, 0xff, 0xff, 0x80, 0xb, 0xff, 0xff, 0xf2,
    0x4f, 0xff, 0xff, 0xa0, 0xd, 0xff, 0xff, 0xf1,
    0x2f, 0xff, 0xff, 0xf4, 0x6f, 0xff, 0xff, 0xf0,
    0xe, 0xff, 0xff, 0xff, 0xff, 0xff, 0xff, 0xb0,
    0x8, 0xff, 0xff, 0xff, 0xff, 0xff, 0xff, 0x50,
    0x0, 0xdf, 0xff, 0xff, 0xff, 0xff, 0xfb, 0x0,
    0x0, 0x1c, 0xff, 0xff, 0xff, 0xff, 0xb0, 0x0,
    0x0, 0x0, 0x5a, 0xef, 0xfd, 0xa4, 0x0, 0x0,

    /* U+0031 "1" */
    0x0, 0x0, 0x1f, 0xff, 0xfa, 0x0, 0x0, 0xcf,
    0xff, 0xfa, 0x0, 0x3d, 0xff, 0xff, 0xfa, 0x5c,
    0xff, 0xff, 0xff, 0xfa, 0x9f, 0xff, 0xff, 0xff,
    0xfa, 0x9f, 0xff, 0xff, 0xff, 0xfa, 0x9f, 0xfd,
    0xff, 0xff, 0xfa, 0x8c, 0x63, 0xff, 0xff, 0xfa,
    0x0, 0x3, 0xff, 0xff, 0xfa, 0x0, 0x3, 0xff,
    0xff, 0xfa, 0x0, 0x3, 0xff, 0xff, 0xfa, 0x0,
    0x3, 0xff, 0xff, 0xfa, 0x0, 0x3, 0xff, 0xff,
    0xfa, 0x0, 0x3, 0xff, 0xff, 0xfa, 0x0, 0x3,
    0xff, 0xff, 0xfa, 0x0, 0x3, 0xff, 0xff, 0xfa,
    0x0, 0x3, 0xff, 0xff, 0xfa, 0x0, 0x3, 0xff,
    0xff, 0xfa, 0x0, 0x3, 0xff, 0xff, 0xfa, 0x0,
    0x3, 0xff, 0xff, 0xfa, 0x0, 0x3, 0xff, 0xff,
    0xfa, 0x0, 0x3, 0xff, 0xff, 0xfa, 0x0, 0x3,
    0xff, 0xff, 0xfa, 0x0, 0x3, 0xff, 0xff, 0xfa,
    0x0, 0x3, 0xff, 0xff, 0xfa, 0x0, 0x3, 0xff,
    0xff, 0xfa, 0x0, 0x3, 0xff, 0xff, 0xfa, 0x0,
    0x3, 0xff, 0xff, 0xfa,

    /* U+0032 "2" */
    0x0, 0x0, 0x4a, 0xdf, 0xfe, 0xb6, 0x0, 0x0,
    0x0, 0xa, 0xff, 0xff, 0xff, 0xff, 0xd2, 0x0,
    0x0, 0x9f, 0xff, 0xff, 0xff, 0xff, 0xfd, 0x10,
    0x2, 0xff, 0xff, 0xff, 0xff, 0xff, 0xff, 0x90,
    0x7, 0xff, 0xff, 0xff, 0xff, 0xff, 0xff, 0xf0,
    0xb, 0xff, 0xff, 0xf8, 0x5e, 0xff, 0xff, 0xf3,
    0xe, 0xff, 0xff, 0xe0, 0x8, 0xff, 0xff, 0xf5,
    0xf, 0xff, 0xff, 0xc0, 0x6, 0xff, 0xff, 0xf6,
    0xf, 0xff, 0xff, 0xc0, 0x7, 0xff, 0xff, 0xf5,
    0x1f, 0xff, 0xff, 0xc0, 0x8, 0xff, 0xff, 0xf4,
    0x1f, 0xff, 0xff, 0xc0, 0xc, 0xff, 0xff, 0xf1,
    0x2, 0x22, 0x22, 0x10, 0x1f, 0xff, 0xff, 0xd0,
    0x0, 0x0, 0x0, 0x0, 0x8f, 0xff, 0xff, 0x80,
    0x0, 0x0, 0x0, 0x2, 0xff, 0xff, 0xff, 0x10,
    0x0, 0x0, 0x0, 0xb, 0xff, 0xff, 0xf8, 0x0,
    0x0, 0x0, 0x0, 0x7f, 0xff, 0xff, 0xd0, 0x0,
    0x0, 0x0, 0x3, 0xff, 0xff, 0xff, 0x20, 0x0,
    0x0, 0x0, 0x1e, 0xff, 0xff, 0xf6, 0x0, 0x0,
    0x0, 0x0, 0xbf, 0xff, 0xff, 0xa0, 0x0, 0x0,
    0x0, 0x7, 0xff, 0xff, 0xfd, 0x0, 0x0, 0x0,
    0x0, 0x2f, 0xff, 0xff, 0xf2, 0x0, 0x0, 0x0,
    0x0, 0xbf, 0xff, 0xff, 0x70, 0x0, 0x0, 0x0,
    0x3, 0xff, 0xff, 0xff, 0x44, 0x44, 0x44, 0x40,
    0x8, 0xff, 0xff, 0xff, 0xff, 0xff, 0xff, 0xf3,
    0xd, 0xff, 0xff, 0xff, 0xff, 0xff, 0xff, 0xf3,
    0xf, 0xff, 0xff, 0xff, 0xff, 0xff, 0xff, 0xf3,
    0xf, 0xff, 0xff, 0xff, 0xff, 0xff, 0xff, 0xf3,
    0xf, 0xff, 0xff, 0xff, 0xff, 0xff, 0xff, 0xf3,

    /* U+0033 "3" */
    0x0, 0x0, 0x7b, 0xef, 0xfd, 0xa4, 0x0, 0x0,
    0x0, 0x3e, 0xff, 0xff, 0xff, 0xff, 0xb1, 0x0,
    0x1, 0xef, 0xff, 0xff, 0xff, 0xff, 0xfb, 0x0,
    0x9, 0xff, 0xff, 0xff, 0xff, 0xff, 0xff, 0x40,
    0xe, 0xff, 0xff, 0xff, 0xff, 0xff, 0xff, 0x90,
    0x1f, 0xff, 0xff, 0xe3, 0x5f, 0xff, 0xff, 0xc0,
    0x3f, 0xff, 0xff, 0x90, 0xc, 0xff, 0xff, 0xe0,
    0x3f, 0xff, 0xff, 0x70, 0xb, 0xff, 0xff, 0xe0,
    0x3, 0x33, 0x33, 0x10, 0xe, 0xff, 0xff, 0xd0,
    0x0, 0x0, 0x0, 0x2, 0xaf, 0xff, 0xff, 0xb0,
    0x0, 0x0, 0x0, 0x9f, 0xff, 0xff, 0xff, 0x60,
    0x0, 0x0, 0x0, 0xaf, 0xff, 0xff, 0xfb, 0x0,
    0x0, 0x0, 0x0, 0xaf, 0xff, 0xff, 0xc0, 0x0,
    0x0, 0x0, 0x0, 0xaf, 0xff, 0xff, 0xfb, 0x0,
    0x0, 0x0, 0x0, 0xaf, 0xff, 0xff, 0xff, 0x60,
    0x0, 0x0, 0x0, 0x1, 0xaf, 0xff, 0xff, 0xb0,
    0x0, 0x0, 0x0, 0x0, 0x1f, 0xff, 0xff, 0xe0,
    0x4c, 0xcc, 0xcc, 0x30, 0xd, 0xff, 0xff, 0xf0,
    0x6f, 0xff, 0xff, 0x40, 0xc, 0xff, 0xff, 0xf0,
    0x6f, 0xff, 0xff, 0x40, 0xc, 0xff, 0xff, 0xf0,
    0x5f, 0xff, 0xff, 0x40, 0xc, 0xff, 0xff, 0xf0,
    0x5f, 0xff, 0xff, 0x60, 0xe, 0xff, 0xff, 0xd0,
    0x3f, 0xff, 0xff, 0xc3, 0x7f, 0xff, 0xff, 0xa0,
    0xf, 0xff, 0xff, 0xff, 0xff, 0xff, 0xff, 0x60,
    0xa, 0xff, 0xff, 0xff, 0xff, 0xff, 0xff, 0x10,
    0x2, 0xff, 0xff, 0xff, 0xff, 0xff, 0xf6, 0x0,
    0x0, 0x4f, 0xff, 0xff, 0xff, 0xff, 0x70, 0x0,
    0x0, 0x1, 0x8c, 0xef, 0xed, 0x92, 0x0, 0x0,

    /* U+0034 "4" */
    0x0, 0x0, 0xa, 0xff, 0xff, 0xff, 0xff, 0x0,
    0x0, 0x0, 0xe, 0xff, 0xff, 0xff, 0xff, 0x0,
    0x0, 0x0, 0x3f, 0xff, 0xff, 0xff, 0xff, 0x0,
    0x0, 0x0, 0x7f, 0xff, 0xff, 0xff, 0xff, 0x0,
    0x0, 0x0, 0xbf, 0xff, 0xff, 0xff, 0xff, 0x0,
    0x0, 0x0, 0xff, 0xff, 0xdf, 0xff, 0xff, 0x0,
    0x0, 0x4, 0xff, 0xff, 0x9f, 0xff, 0xff, 0x0,
    0x0, 0x8, 0xff, 0xfd, 0x9f, 0xff, 0xff, 0x0,
    0x0, 0xc, 0xff, 0xf9, 0x9f, 0xff, 0xff, 0x0,
    0x0, 0x1f, 0xff, 0xf5, 0x9f, 0xff, 0xff, 0x0,
    0x0, 0x5f, 0xff, 0xf2, 0x9f, 0xff, 0xff, 0x0,
    0x0, 0x9f, 0xff, 0xe0, 0x9f, 0xff, 0xff, 0x0,
    0x0, 0xef, 0xff, 0xa0, 0x9f, 0xff, 0xff, 0x0,
    0x2, 0xff, 0xff, 0x70, 0x9f, 0xff, 0xff, 0x0,
    0x6, 0xff, 0xff, 0x30, 0x9f, 0xff, 0xff, 0x0,
    0xb, 0xff, 0xff, 0x0, 0x9f, 0xff, 0xff, 0x0,
    0xf, 0xff, 0xfc, 0x0, 0x9f, 0xff, 0xff, 0x0,
    0x3f, 0xff, 0xf8, 0x0, 0x9f, 0xff, 0xff, 0x0,
    0x8f, 0xff, 0xf4, 0x0, 0x9f, 0xff, 0xff, 0x0,
    0xbf, 0xff, 0xff, 0xff, 0xff, 0xff, 0xff, 0xf8,
    0xbf, 0xff, 0xff, 0xff, 0xff, 0xff, 0xff, 0xf8,
    0xbf, 0xff, 0xff, 0xff, 0xff, 0xff, 0xff, 0xf8,
    0xbf, 0xff, 0xff, 0xff, 0xff, 0xff, 0xff, 0xf8,
    0x7a, 0xaa, 0xaa, 0xaa, 0xdf, 0xff, 0xff, 0xa5,
    0x0, 0x0, 0x0, 0x0, 0x9f, 0xff, 0xff, 0x0,
    0x0, 0x0, 0x0, 0x0, 0x9f, 0xff, 0xff, 0x0,
    0x0, 0x0, 0x0, 0x0, 0x9f, 0xff, 0xff, 0x0,
    0x0, 0x0, 0x0, 0x0, 0x9f, 0xff, 0xff, 0x0,

    /* U+0035 "5" */
    0xa, 0xff, 0xff, 0xff, 0xff, 0xff, 0xff, 0x70,
    0xa, 0xff, 0xff, 0xff, 0xff, 0xff, 0xff, 0x70,
    0xa, 0xff, 0xff, 0xff, 0xff, 0xff, 0xff, 0x70,
    0xa, 0xff, 0xff, 0xff, 0xff, 0xff, 0xff, 0x70,
    0xa, 0xff, 0xff, 0xff, 0xff, 0xff, 0xff, 0x70,
    0xa, 0xff, 0xff, 0xa3, 0x33, 0x33, 0x33, 0x10,
    0xa, 0xff, 0xff, 0x80, 0x0, 0x0, 0x0, 0x0,
    0xa, 0xff, 0xff, 0x82, 0x89, 0x84, 0x0, 0x0,
    0xa, 0xff, 0xff, 0xdf, 0xff, 0xff, 0xb1, 0x0,
    0xa, 0xff, 0xff, 0xff, 0xff, 0xff, 0xfb, 0x0,
    0xa, 0xff, 0xff, 0xff, 0xff, 0xff, 0xff, 0x40,
    0xa, 0xff, 0xff, 0xff, 0xff, 0xff, 0xff, 0xa0,
    0xa, 0xff, 0xff, 0xd1, 0x3f, 0xff, 0xff, 0xd0,
    0xa, 0xff, 0xff, 0x70, 0xc, 0xff, 0xff, 0xf0,
    0x3, 0x55, 0x55, 0x20, 0xa, 0xff, 0xff, 0xf1,
    0x0, 0x0, 0x0, 0x0, 0xa, 0xff, 0xff, 0xf2,
    0x0, 0x0, 0x0, 0x0, 0xa, 0xff, 0xff, 0xf3,
    0x3c, 0xcc, 0xcc, 0x50, 0xa, 0xff, 0xff, 0xf3,
    0x4f, 0xff, 0xff, 0x70, 0xa, 0xff, 0xff, 0xf3,
    0x4f, 0xff, 0xff, 0x70, 0xa, 0xff, 0xff, 0xf2,
    0x4f, 0xff, 0xff, 0x70, 0xa, 0xff, 0xff, 0xf1,
    0x4f, 0xff, 0xff, 0xa0, 0xb, 0xff, 0xff, 0xf0,
    0x3f, 0xff, 0xff, 0xf5, 0x6f, 0xff, 0xff, 0xc0,
    0xf, 0xff, 0xff, 0xff, 0xff, 0xff, 0xff, 0x90,
    0xb, 0xff, 0xff, 0xff, 0xff, 0xff, 0xff, 0x20,
    0x2, 0xff, 0xff, 0xff, 0xff, 0xff, 0xf9, 0x0,
    0x0, 0x3d, 0xff, 0xff, 0xff, 0xff, 0xb0, 0x0,
    0x0, 0x0, 0x6b, 0xef, 0xfd, 0xa5, 0x0, 0x0,

    /* U+0036 "6" */
    0x0, 0x0, 0x4a, 0xdf, 0xfe, 0xb7, 0x0, 0x0,
    0x0, 0x9, 0xff, 0xff, 0xff, 0xff, 0xe4, 0x0,
    0x0, 0x8f, 0xff, 0xff, 0xff, 0xff, 0xff, 0x20,
    0x1, 0xff, 0xff, 0xff, 0xff, 0xff, 0xff, 0xa0,
    0x7, 0xff, 0xff, 0xff, 0xff, 0xff, 0xff, 0xe0,
    0xb, 0xff, 0xff, 0xe1, 0xa, 0xff, 0xff, 0xf0,
    0xe, 0xff, 0xff, 0xb0, 0x6, 0xff, 0xff, 0xf0,
    0xf, 0xff, 0xff, 0xb0, 0x4, 0xff, 0xff, 0xf0,
    0xf, 0xff, 0xff, 0xb0, 0x0, 0x0, 0x0, 0x0,
    0x1f, 0xff, 0xff, 0xb0, 0x0, 0x0, 0x0, 0x0,
    0x2f, 0xff, 0xff, 0xb3, 0xbe, 0xeb, 0x60, 0x0,
    0x2f, 0xff, 0xff, 0xdf, 0xff, 0xff, 0xfa, 0x0,
    0x2f, 0xff, 0xff, 0xff, 0xff, 0xff, 0xff, 0x60,
    0x2f, 0xff, 0xff, 0xff, 0xff, 0xff, 0xff, 0xd0,
    0x2f, 0xff, 0xff, 0xff, 0xff, 0xff, 0xff, 0xf1,
    0x2f, 0xff, 0xff, 0xf3, 0x2e, 0xff, 0xff, 0xf3,
    0x2f, 0xff, 0xff, 0xb0, 0xa, 0xff, 0xff, 0xf5,
    0x2f, 0xff, 0xff, 0xb0, 0x9, 0xff, 0xff, 0xf6,
    0x2f, 0xff, 0xff, 0xb0, 0x9, 0xff, 0xff, 0xf6,
    0x2f, 0xff, 0xff, 0xb0, 0x9, 0xff, 0xff, 0xf6,
    0x1f, 0xff, 0xff, 0xb0, 0x9, 0xff, 0xff, 0xf5,
    0xf, 0xff, 0xff, 0xc0, 0xb, 0xff, 0xff, 0xf3,
    0xd, 0xff, 0xff, 0xf5, 0x4f, 0xff, 0xff, 0xf0,
    0xa, 0xff, 0xff, 0xff, 0xff, 0xff, 0xff, 0xb0,
    0x4, 0xff, 0xff, 0xff, 0xff, 0xff, 0xff, 0x40,
    0x0, 0xbf, 0xff, 0xff, 0xff, 0xff, 0xfb, 0x0,
    0x0, 0x1c, 0xff, 0xff, 0xff, 0xff, 0xc0, 0x0,
    0x0, 0x0, 0x5b, 0xef, 0xfe, 0xb6, 0x0, 0x0,

    /* U+0037 "7" */
    0xef, 0xff, 0xff, 0xff, 0xff, 0xff, 0xff, 0xef,
    0xff, 0xff, 0xff, 0xff, 0xff, 0xff, 0xef, 0xff,
    0xff, 0xff, 0xff, 0xff, 0xff, 0xef, 0xff, 0xff,
    0xff, 0xff, 0xff, 0xfe, 0xef, 0xff, 0xff, 0xff,
    0xff, 0xff, 0xfd, 0x22, 0x22, 0x22, 0x26, 0xff,
    0xff, 0xfa, 0x0, 0x0, 0x0, 0xb, 0xff, 0xff,
    0xf6, 0x0, 0x0, 0x0, 0x1f, 0xff, 0xff, 0xf1,
    0x0, 0x0, 0x0, 0x8f, 0xff, 0xff, 0xb0, 0x0,
    0x0, 0x0, 0xef, 0xff, 0xff, 0x40, 0x0, 0x0,
    0x4, 0xff, 0xff, 0xfd, 0x0, 0x0, 0x0, 0xb,
    0xff, 0xff, 0xf7, 0x0, 0x0, 0x0, 0x1f, 0xff,
    0xff, 0xf1, 0x0, 0x0, 0x0, 0x7f, 0xff, 0xff,
    0xb0, 0x0, 0x0, 0x0, 0xcf, 0xff, 0xff, 0x50,
    0x0, 0x0, 0x2, 0xff, 0xff, 0xff, 0x0, 0x0,
    0x0, 0x7, 0xff, 0xff, 0xfb, 0x0, 0x0, 0x0,
    0xc, 0xff, 0xff, 0xf6, 0x0, 0x0, 0x0, 0x1f,
    0xff, 0xff, 0xf1, 0x0, 0x0, 0x0, 0x5f, 0xff,
    0xff, 0xd0, 0x0, 0x0, 0x0, 0x9f, 0xff, 0xff,
    0x90, 0x0, 0x0, 0x0, 0xdf, 0xff, 0xff, 0x60,
    0x0, 0x0, 0x0, 0xff, 0xff, 0xff, 0x30, 0x0,
    0x0, 0x3, 0xff, 0xff, 0xff, 0x0, 0x0, 0x0,
    0x5, 0xff, 0xff, 0xfd, 0x0, 0x0, 0x0, 0x7,
    0xff, 0xff, 0xfc, 0x0, 0x0, 0x0, 0x9, 0xff,
    0xff, 0xfa, 0x0, 0x0, 0x0, 0xa, 0xff, 0xff,
    0xf8, 0x0, 0x0, 0x0,

    /* U+0038 "8" */
    0x0, 0x1, 0x7b, 0xef, 0xfe, 0xb6, 0x0, 0x0,
    0x0, 0x4e, 0xff, 0xff, 0xff, 0xff, 0xd2, 0x0,
    0x2, 0xff, 0xff, 0xff, 0xff, 0xff, 0xfd, 0x0,
    0xa, 0xff, 0xff, 0xff, 0xff, 0xff, 0xff, 0x60,
    0xf, 0xff, 0xff, 0xff, 0xff, 0xff, 0xff, 0xb0,
    0x2f, 0xff, 0xff, 0xe4, 0x6f, 0xff, 0xff, 0xf0,
    0x3f, 0xff, 0xff, 0x90, 0xc, 0xff, 0xff, 0xf0,
    0x4f, 0xff, 0xff, 0x70, 0xa, 0xff, 0xff, 0xf0,
    0x3f, 0xff, 0xff, 0x90, 0xc, 0xff, 0xff, 0xf0,
    0x1f, 0xff, 0xff, 0xe2, 0x4f, 0xff, 0xff, 0xc0,
    0xb, 0xff, 0xff, 0xff, 0xff, 0xff, 0xff, 0x80,
    0x2, 0xef, 0xff, 0xff, 0xff, 0xff, 0xfc, 0x0,
    0x0, 0x5f, 0xff, 0xff, 0xff, 0xff, 0xf3, 0x0,
    0x4, 0xff, 0xff, 0xff, 0xff, 0xff, 0xff, 0x30,
    0xd, 0xff, 0xff, 0xff, 0xff, 0xff, 0xff, 0xa0,
    0x1f, 0xff, 0xff, 0xd1, 0x3f, 0xff, 0xff, 0xe0,
    0x3f, 0xff, 0xff, 0x80, 0xb, 0xff, 0xff, 0xf0,
    0x4f, 0xff, 0xff, 0x60, 0x9, 0xff, 0xff, 0xf1,
    0x4f, 0xff, 0xff, 0x60, 0x9, 0xff, 0xff, 0xf1,
    0x4f, 0xff, 0xff, 0x60, 0x9, 0xff, 0xff, 0xf1,
    0x3f, 0xff, 0xff, 0x70, 0xa, 0xff, 0xff, 0xf0,
    0x2f, 0xff, 0xff, 0xa0, 0xd, 0xff, 0xff, 0xf0,
    0xf, 0xff, 0xff, 0xf9, 0xbf, 0xff, 0xff, 0xc0,
    0xb, 0xff, 0xff, 0xff, 0xff, 0xff, 0xff, 0x80,
    0x5, 0xff, 0xff, 0xff, 0xff, 0xff, 0xff, 0x20,
    0x0, 0xcf, 0xff, 0xff, 0xff, 0xff, 0xf9, 0x0,
    0x0, 0x1c, 0xff, 0xff, 0xff, 0xff, 0xa0, 0x0,
    0x0, 0x0, 0x6b, 0xef, 0xfd, 0xa4, 0x0, 0x0,

    /* U+0039 "9" */
    0x0, 0x0, 0x4a, 0xef, 0xfe, 0xc7, 0x10, 0x0,
    0x0, 0x9, 0xff, 0xff, 0xff, 0xff, 0xe3, 0x0,
    0x0, 0x8f, 0xff, 0xff, 0xff, 0xff, 0xff, 0x10,
    0x2, 0xff, 0xff, 0xff, 0xff, 0xff, 0xff, 0x80,
    0x8, 0xff, 0xff, 0xff, 0xff, 0xff, 0xff, 0xe0,
    0xc, 0xff, 0xff, 0xf6, 0x3d, 0xff, 0xff, 0xf2,
    0xf, 0xff, 0xff, 0xf0, 0x7, 0xff, 0xff, 0xf4,
    0xf, 0xff, 0xff, 0xe0, 0x6, 0xff, 0xff, 0xf5,
    0x2f, 0xff, 0xff, 0xe0, 0x6, 0xff, 0xff, 0xf6,
    0x2f, 0xff, 0xff, 0xe0, 0x6, 0xff, 0xff, 0xf7,
    0x1f, 0xff, 0xff, 0xe0, 0x7, 0xff, 0xff, 0xf7,
    0xf, 0xff, 0xff, 0xf3, 0xb, 0xff, 0xff, 0xf7,
    0xd, 0xff, 0xff, 0xff, 0xff, 0xff, 0xff, 0xf7,
    0xa, 0xff, 0xff, 0xff, 0xff, 0xff, 0xff, 0xf7,
    0x3, 0xff, 0xff, 0xff, 0xff, 0xff, 0xff, 0xf7,
    0x0, 0x8f, 0xff, 0xff, 0xfd, 0xff, 0xff, 0xf7,
    0x0, 0x6, 0xce, 0xfd, 0x76, 0xff, 0xff, 0xf6,
    0x0, 0x0, 0x0, 0x0, 0x6, 0xff, 0xff, 0xf6,
    0x0, 0x0, 0x0, 0x0, 0x6, 0xff, 0xff, 0xf6,
    0x6, 0x99, 0x99, 0x50, 0x6, 0xff, 0xff, 0xf5,
    0xb, 0xff, 0xff, 0x90, 0x6, 0xff, 0xff, 0xf4,
    0xb, 0xff, 0xff, 0xa0, 0x7, 0xff, 0xff, 0xf2,
    0xb, 0xff, 0xff, 0xf1, 0xc, 0xff, 0xff, 0xf0,
    0x9, 0xff, 0xff, 0xff, 0xff, 0xff, 0xff, 0xb0,
    0x4, 0xff, 0xff, 0xff, 0xff, 0xff, 0xff, 0x50,
    0x0, 0xcf, 0xff, 0xff, 0xff, 0xff, 0xfc, 0x0,
    0x0, 0xb, 0xff, 0xff, 0xff, 0xff, 0xc1, 0x0,
    0x0, 0x0, 0x4a, 0xdf, 0xfe, 0xb6, 0x0, 0x0,

    /* U+003A ":" */
    0xab, 0xbb, 0xb7, 0xff, 0xff, 0xfa, 0xff, 0xff,
    0xfa, 0xff, 0xff, 0xfa, 0xff, 0xff, 0xfa, 0x0,
    0x0, 0x0, 0x0, 0x0, 0x0, 0x0, 0x0, 0x0,
    0x0, 0x0, 0x0, 0x0, 0x0, 0x0, 0x0, 0x0,
    0x0, 0x0, 0x0, 0x0, 0xab, 0xbb, 0xb7, 0xff,
    0xff, 0xfa, 0xff, 0xff, 0xfa, 0xff, 0xff, 0xfa,
    0xff, 0xff, 0xfa,

    /* U+003B ";" */
    0xff, 0xff, 0xfa, 0xff, 0xff, 0xfa, 0xff, 0xff,
    0xfa, 0xff, 0xff, 0xfa, 0xbb, 0xbb, 0xb7, 0x0,
    0x0, 0x0, 0x0, 0x0, 0x0, 0x0, 0x0, 0x0,
    0x0, 0x0, 0x0, 0x0, 0x0, 0x0, 0x0, 0x0,
    0x0, 0xbb, 0xbb, 0xba, 0xff, 0xff, 0xfe, 0xff,
    0xff, 0xfe, 0xff, 0xff, 0xfe, 0xff, 0xff, 0xfd,
    0x1, 0xff, 0xfa, 0x6, 0xff, 0xf3, 0xa, 0xff,
    0xd0, 0xe, 0xff, 0x70,

    /* U+003C "<" */
    0x0, 0x0, 0x0, 0x0, 0x13, 0x0, 0x0, 0x0,
    0x6, 0xe7, 0x0, 0x0, 0x3, 0xcf, 0xf7, 0x0,
    0x1, 0x9f, 0xff, 0xf7, 0x0, 0x5e, 0xff, 0xff,
    0xf7, 0x2c, 0xff, 0xff, 0xff, 0xf7, 0x7f, 0xff,
    0xff, 0xff, 0xa1, 0x7f, 0xff, 0xff, 0xc3, 0x0,
    0x7f, 0xff, 0xe5, 0x0, 0x0, 0x7f, 0xff, 0xa1,
    0x0, 0x0, 0x7f, 0xff, 0xff, 0x80, 0x0, 0x7f,
    0xff, 0xff, 0xfe, 0x50, 0x3e, 0xff, 0xff, 0xff,
    0xf6, 0x0, 0x9f, 0xff, 0xff, 0xf7, 0x0, 0x3,
    0xcf, 0xff, 0xf7, 0x0, 0x0, 0x6, 0xef, 0xf7,
    0x0, 0x0, 0x0, 0x1a, 0xf7, 0x0, 0x0, 0x0,
    0x0, 0x34,

    /* U+003D "=" */
    0x8, 0x88, 0x88, 0x88, 0x80, 0xff, 0xff, 0xff,
    0xff, 0xf, 0xff, 0xff, 0xff, 0xf0, 0xff, 0xff,
    0xff, 0xff, 0x0, 0x0, 0x0, 0x0, 0x0, 0x0,
    0x0, 0x0, 0x0, 0xa, 0xaa, 0xaa, 0xaa, 0xa0,
    0xff, 0xff, 0xff, 0xff, 0xf, 0xff, 0xff, 0xff,
    0xf0, 0xff, 0xff, 0xff, 0xff,

    /* U+003E ">" */
    0x12, 0x0, 0x0, 0x0, 0x0, 0x2f, 0x90, 0x0,
    0x0, 0x0, 0x2f, 0xfe, 0x50, 0x0, 0x0, 0x2f,
    0xff, 0xfb, 0x20, 0x0, 0x2f, 0xff, 0xff, 0xf8,
    0x0, 0x2f, 0xff, 0xff, 0xff, 0xe4, 0x7, 0xff,
    0xff, 0xff, 0xfb, 0x0, 0x1a, 0xff, 0xff, 0xfb,
    0x0, 0x0, 0x3c, 0xff, 0xfb, 0x0, 0x0, 0x7,
    0xff, 0xfb, 0x0, 0x5, 0xef, 0xff, 0xfb, 0x3,
    0xcf, 0xff, 0xff, 0xfb, 0x2f, 0xff, 0xff, 0xff,
    0xf7, 0x2f, 0xff, 0xff, 0xfb, 0x20, 0x2f, 0xff,
    0xfe, 0x50, 0x0, 0x2f, 0xff, 0x90, 0x0, 0x0,
    0x2f, 0xc3, 0x0, 0x0, 0x0, 0x26, 0x0, 0x0,
    0x0, 0x0,

    /* U+003F "?" */
    0x0, 0x0, 0x6b, 0xef, 0xfe, 0xb6, 0x0, 0x0,
    0x0, 0x3e, 0xff, 0xff, 0xff, 0xff, 0xc1, 0x0,
    0x2, 0xff, 0xff, 0xff, 0xff, 0xff, 0xfc, 0x0,
    0xb, 0xff, 0xff, 0xff, 0xff, 0xff, 0xff, 0x50,
    0xf, 0xff, 0xff, 0xff, 0xff, 0xff, 0xff, 0xb0,
    0x2f, 0xff, 0xff, 0xe2, 0x3f, 0xff, 0xff, 0xf0,
    0x3f, 0xff, 0xff, 0x90, 0xb, 0xff, 0xff, 0xf2,
    0x4f, 0xff, 0xff, 0x70, 0xa, 0xff, 0xff, 0xf3,
    0x4f, 0xff, 0xff, 0x70, 0xa, 0xff, 0xff, 0xf4,
    0x4f, 0xff, 0xff, 0x70, 0xb, 0xff, 0xff, 0xf3,
    0x15, 0x55, 0x55, 0x20, 0xe, 0xff, 0xff, 0xf2,
    0x0, 0x0, 0x0, 0x0, 0x2f, 0xff, 0xff, 0xf0,
    0x0, 0x0, 0x0, 0x0, 0xaf, 0xff, 0xff, 0xb0,
    0x0, 0x0, 0x0, 0x1a, 0xff, 0xff, 0xff, 0x60,
    0x0, 0x99, 0xbd, 0xff, 0xff, 0xff, 0xfe, 0x0,
    0x0, 0xff, 0xff, 0xff, 0xff, 0xff, 0xf5, 0x0,
    0x0, 0xff, 0xff, 0xff, 0xff, 0xff, 0x50, 0x0,
    0x0, 0xff, 0xff, 0xff, 0xff, 0xb3, 0x0, 0x0,
    0x0, 0xff, 0xff, 0xf6, 0x30, 0x0, 0x0, 0x0,
    0x0, 0xff, 0xff, 0xf3, 0x0, 0x0, 0x0, 0x0,
    0x0, 0xff, 0xff, 0xf3, 0x0, 0x0, 0x0, 0x0,
    0x0, 0x0, 0x0, 0x0, 0x0, 0x0, 0x0, 0x0,
    0x0, 0x0, 0x0, 0x0, 0x0, 0x0, 0x0, 0x0,
    0x2, 0xbb, 0xbb, 0xb4, 0x0, 0x0, 0x0, 0x0,
    0x3, 0xff, 0xff, 0xf6, 0x0, 0x0, 0x0, 0x0,
    0x3, 0xff, 0xff, 0xf6, 0x0, 0x0, 0x0, 0x0,
    0x3, 0xff, 0xff, 0xf6, 0x0, 0x0, 0x0, 0x0,
    0x3, 0xff, 0xff, 0xf6, 0x0, 0x0, 0x0, 0x0,

    /* U+0040 "@" */
    0x0, 0x0, 0x0, 0x0, 0x27, 0xbd, 0xff, 0xfd,
    0xb7, 0x20, 0x0, 0x0, 0x0, 0x0, 0x0, 0x0,
    0x3c, 0xff, 0xff, 0xff, 0xff, 0xff, 0xfb, 0x20,
    0x0, 0x0, 0x0, 0x0, 0x9, 0xff, 0xff, 0xff,
    0xff, 0xff, 0xff, 0xff, 0xf6, 0x0, 0x0, 0x0,
    0x0, 0xbf, 0xff, 0xff, 0xff, 0xed, 0xde, 0xff,
    0xff, 0xff, 0x60, 0x0, 0x0, 0xa, 0xff, 0xff,
    0xfc, 0x51, 0x0, 0x0, 0x17, 0xef, 0xff, 0xf3,
    0x0, 0x0, 0x5f, 0xff, 0xff, 0x60, 0x0, 0x0,
    0x0, 0x0, 0x1c, 0xff, 0xfd, 0x0, 0x0, 0xef,
    0xff, 0xf4, 0x0, 0x0, 0x0, 0x0, 0x0, 0x1,
    0xef, 0xff, 0x50, 0x7, 0xff, 0xff, 0x80, 0x0,
    0x57, 0x40, 0x6, 0x77, 0x60, 0x5f, 0xff, 0xb0,
    0xd, 0xff, 0xfe, 0x0, 0x2e, 0xff, 0xfa, 0xf,
    0xff, 0xc0, 0xe, 0xff, 0xf0, 0x2f, 0xff, 0xf8,
    0x0, 0xcf, 0xff, 0xff, 0xcf, 0xff, 0xc0, 0xa,
    0xff, 0xf4, 0x6f, 0xff, 0xf2, 0x3, 0xff, 0xff,
    0xff, 0xff, 0xff, 0xc0, 0x7, 0xff, 0xf7, 0xaf,
    0xff, 0xe0, 0x8, 0xff, 0xff, 0xc3, 0xaf, 0xff,
    0xc0, 0x4, 0xff, 0xf9, 0xcf, 0xff, 0xb0, 0xc,
    0xff, 0xff, 0x20, 0xaf, 0xff, 0xc0, 0x3, 0xff,
    0xfa, 0xef, 0xff, 0x90, 0xe, 0xff, 0xff, 0x0,
    0xaf, 0xff, 0xc0, 0x2, 0xff, 0xfb, 0xff, 0xff,
    0x80, 0xf, 0xff, 0xfd, 0x0, 0xaf, 0xff, 0xc0,
    0x1, 0xff, 0xfb, 0xff, 0xff, 0x70, 0xf, 0xff,
    0xfd, 0x0, 0xaf, 0xff, 0xc0, 0x1, 0xff, 0xfb,
    0xff, 0xff, 0x80, 0xf, 0xff, 0xfd, 0x0, 0xaf,
    0xff, 0xc0, 0x2, 0xff, 0xf9, 0xff, 0xff, 0x80,
    0xe, 0xff, 0xff, 0x0, 0xaf, 0xff, 0xc0, 0x4,
    0xff, 0xf7, 0xdf, 0xff, 0xa0, 0xc, 0xff, 0xff,
    0x20, 0xdf, 0xff, 0xe0, 0x7, 0xff, 0xf4, 0xbf,
    0xff, 0xd0, 0x8, 0xff, 0xff, 0xc9, 0xff, 0xff,
    0xf4, 0x1d, 0xff, 0xf0, 0x9f, 0xff, 0xf0, 0x2,
    0xff, 0xff, 0xff, 0xcf, 0xff, 0xff, 0xff, 0xff,
    0xa0, 0x5f, 0xff, 0xf6, 0x0, 0xaf, 0xff, 0xff,
    0x59, 0xff, 0xff, 0xff, 0xff, 0x20, 0xf, 0xff,
    0xfc, 0x0, 0x1d, 0xff, 0xfb, 0x0, 0xbf, 0xff,
    0xff, 0xe4, 0x0, 0xa, 0xff, 0xff, 0x70, 0x0,
    0x69, 0x60, 0x0, 0x4, 0x89, 0x85, 0x0, 0x0,
    0x2, 0xff, 0xff, 0xf4, 0x0, 0x0, 0x0, 0x0,
    0x0, 0x0, 0x0, 0x0, 0x0, 0x0, 0x9f, 0xff,
    0xff, 0x70, 0x0, 0x0, 0x0, 0x0, 0x0, 0x0,
    0x0, 0x0, 0x0, 0xc, 0xff, 0xff, 0xfd, 0x83,
    0x10, 0x1, 0x33, 0x0, 0x0, 0x0, 0x0, 0x0,
    0x1, 0xcf, 0xff, 0xff, 0xff, 0xff, 0xff, 0xfd,
    0x0, 0x0, 0x0, 0x0, 0x0, 0x0, 0x8, 0xff,
    0xff, 0xff, 0xff, 0xff, 0xff, 0x0, 0x0, 0x0,
    0x0, 0x0, 0x0, 0x0, 0x29, 0xff, 0xff, 0xff,
    0xff, 0xff, 0x20, 0x0, 0x0, 0x0, 0x0, 0x0,
    0x0, 0x0, 0x3, 0x79, 0xab, 0xa9, 0x75, 0x0,
    0x0, 0x0, 0x0,

    /* U+0041 "A" */
    0x0, 0xe, 0xff, 0xff, 0xff, 0xff, 0x70, 0x0,
    0x0, 0xf, 0xff, 0xff, 0xff, 0xff, 0x90, 0x0,
    0x0, 0x1f, 0xff, 0xff, 0xff, 0xff, 0xa0, 0x0,
    0x0, 0x3f, 0xff, 0xff, 0xff, 0xff, 0xc0, 0x0,
    0x0, 0x4f, 0xff, 0xfe, 0xff, 0xff, 0xd0, 0x0,
    0x0, 0x6f, 0xff, 0xfa, 0xff, 0xff, 0xf0, 0x0,
    0x0, 0x7f, 0xff, 0xf7, 0xff, 0xff, 0xf0, 0x0,
    0x0, 0x9f, 0xff, 0xf6, 0xef, 0xff, 0xf2, 0x0,
    0x0, 0xaf, 0xff, 0xf5, 0xdf, 0xff, 0xf3, 0x0,
    0x0, 0xcf, 0xff, 0xf3, 0xcf, 0xff, 0xf5, 0x0,
    0x0, 0xdf, 0xff, 0xf2, 0xaf, 0xff, 0xf6, 0x0,
    0x0, 0xff, 0xff, 0xf1, 0x9f, 0xff, 0xf8, 0x0,
    0x1, 0xff, 0xff, 0xf0, 0x8f, 0xff, 0xf9, 0x0,
    0x2, 0xff, 0xff, 0xf0, 0x6f, 0xff, 0xfb, 0x0,
    0x4, 0xff, 0xff, 0xe0, 0x5f, 0xff, 0xfc, 0x0,
    0x5, 0xff, 0xff, 0xc0, 0x4f, 0xff, 0xfe, 0x0,
    0x7, 0xff, 0xff, 0xb0, 0x2f, 0xff, 0xff, 0x0,
    0x8, 0xff, 0xff, 0xa0, 0x1f, 0xff, 0xff, 0x10,
    0xa, 0xff, 0xff, 0x90, 0xf, 0xff, 0xff, 0x20,
    0xb, 0xff, 0xff, 0xff, 0xff, 0xff, 0xff, 0x40,
    0xd, 0xff, 0xff, 0xff, 0xff, 0xff, 0xff, 0x50,
    0xe, 0xff, 0xff, 0xff, 0xff, 0xff, 0xff, 0x70,
    0xf, 0xff, 0xff, 0xff, 0xff, 0xff, 0xff, 0x80,
    0x1f, 0xff, 0xff, 0x87, 0x7b, 0xff, 0xff, 0xa0,
    0x3f, 0xff, 0xff, 0x10, 0x7, 0xff, 0xff, 0xb0,
    0x4f, 0xff, 0xff, 0x0, 0x5, 0xff, 0xff, 0xd0,
    0x6f, 0xff, 0xfe, 0x0, 0x4, 0xff, 0xff, 0xe0,
    0x7f, 0xff, 0xfd, 0x0, 0x2, 0xff, 0xff, 0xf0,

    /* U+0042 "B" */
    0xcf, 0xff, 0xff, 0xff, 0xfc, 0x81, 0x0, 0xcf,
    0xff, 0xff, 0xff, 0xff, 0xfd, 0x10, 0xcf, 0xff,
    0xff, 0xff, 0xff, 0xff, 0xa0, 0xcf, 0xff, 0xff,
    0xff, 0xff, 0xff, 0xf1, 0xcf, 0xff, 0xfb, 0x49,
    0xff, 0xff, 0xf4, 0xcf, 0xff, 0xf9, 0x1, 0xff,
    0xff, 0xf5, 0xcf, 0xff, 0xf9, 0x1, 0xff, 0xff,
    0xf6, 0xcf, 0xff, 0xf9, 0x1, 0xff, 0xff, 0xf6,
    0xcf, 0xff, 0xf9, 0x1, 0xff, 0xff, 0xf5, 0xcf,
    0xff, 0xf9, 0x3, 0xff, 0xff, 0xf3, 0xcf, 0xff,
    0xfb, 0x5b, 0xff, 0xff, 0xd0, 0xcf, 0xff, 0xff,
    0xff, 0xff, 0xff, 0x30, 0xcf, 0xff, 0xff, 0xff,
    0xff, 0xe3, 0x0, 0xcf, 0xff, 0xff, 0xff, 0xff,
    0xff, 0x50, 0xcf, 0xff, 0xff, 0xff, 0xff, 0xff,
    0xe0, 0xcf, 0xff, 0xf9, 0x5, 0xff, 0xff, 0xf4,
    0xcf, 0xff, 0xf9, 0x0, 0xdf, 0xff, 0xf8, 0xcf,
    0xff, 0xf9, 0x0, 0xbf, 0xff, 0xf9, 0xcf, 0xff,
    0xf9, 0x0, 0xbf, 0xff, 0xfa, 0xcf, 0xff, 0xf9,
    0x0, 0xbf, 0xff, 0xfb, 0xcf, 0xff, 0xf9, 0x0,
    0xbf, 0xff, 0xfa, 0xcf, 0xff, 0xf9, 0x0, 0xcf,
    0xff, 0xf9, 0xcf, 0xff, 0xf9, 0x5, 0xff, 0xff,
    0xf6, 0xcf, 0xff, 0xff, 0xff, 0xff, 0xff, 0xf4,
    0xcf, 0xff, 0xff, 0xff, 0xff, 0xff, 0xe0, 0xcf,
    0xff, 0xff, 0xff, 0xff, 0xff, 0x70, 0xcf, 0xff,
    0xff, 0xff, 0xff, 0xfb, 0x0, 0xcf, 0xff, 0xff,
    0xff, 0xfc, 0x60, 0x0,

    /* U+0043 "C" */
    0x0, 0x5, 0xbe, 0xfe, 0xc8, 0x20, 0x0, 0x0,
    0xbf, 0xff, 0xff, 0xff, 0xf6, 0x0, 0xa, 0xff,
    0xff, 0xff, 0xff, 0xff, 0x50, 0x2f, 0xff, 0xff,
    0xff, 0xff, 0xff, 0xd0, 0x8f, 0xff, 0xff, 0xff,
    0xff, 0xff, 0xf3, 0xbf, 0xff, 0xfd, 0x37, 0xff,
    0xff, 0xf6, 0xef, 0xff, 0xf8, 0x0, 0xff, 0xff,
    0xf7, 0xff, 0xff, 0xf7, 0x0, 0xff, 0xff, 0xf8,
    0xff, 0xff, 0xf7, 0x0, 0xff, 0xff, 0xf8, 0xff,
    0xff, 0xf7, 0x0, 0xff, 0xff, 0xf8, 0xff, 0xff,
    0xf7, 0x0, 0xff, 0xff, 0xf8, 0xff, 0xff, 0xf7,
    0x0, 0x33, 0x33, 0x31, 0xff, 0xff, 0xf7, 0x0,
    0x0, 0x0, 0x0, 0xff, 0xff, 0xf7, 0x0, 0x0,
    0x0, 0x0, 0xff, 0xff, 0xf7, 0x0, 0x0, 0x0,
    0x0, 0xff, 0xff, 0xf7, 0x0, 0x11, 0x11, 0x10,
    0xff, 0xff, 0xf7, 0x0, 0xff, 0xff, 0xf9, 0xff,
    0xff, 0xf7, 0x0, 0xff, 0xff, 0xf9, 0xff, 0xff,
    0xf7, 0x0, 0xff, 0xff, 0xf9, 0xff, 0xff, 0xf7,
    0x0, 0xff, 0xff, 0xf9, 0xff, 0xff, 0xf7, 0x0,
    0xff, 0xff, 0xf9, 0xff, 0xff, 0xf8, 0x0, 0xff,
    0xff, 0xf8, 0xdf, 0xff, 0xfd, 0x38, 0xff, 0xff,
    0xf7, 0xaf, 0xff, 0xff, 0xff, 0xff, 0xff, 0xf4,
    0x4f, 0xff, 0xff, 0xff, 0xff, 0xff, 0xe0, 0xa,
    0xff, 0xff, 0xff, 0xff, 0xff, 0x60, 0x0, 0xbf,
    0xff, 0xff, 0xff, 0xf8, 0x0, 0x0, 0x5, 0xbe,
    0xff, 0xd9, 0x20, 0x0,

    /* U+0044 "D" */
    0xcf, 0xff, 0xff, 0xff, 0xfc, 0x71, 0x0, 0xcf,
    0xff, 0xff, 0xff, 0xff, 0xfd, 0x20, 0xcf, 0xff,
    0xff, 0xff, 0xff, 0xff, 0xc0, 0xcf, 0xff, 0xff,
    0xff, 0xff, 0xff, 0xf4, 0xcf, 0xff, 0xff, 0xef,
    0xff, 0xff, 0xf8, 0xcf, 0xff, 0xfc, 0x2, 0xff,
    0xff, 0xfa, 0xcf, 0xff, 0xfc, 0x0, 0xdf, 0xff,
    0xfb, 0xcf, 0xff, 0xfc, 0x0, 0xcf, 0xff, 0xfc,
    0xcf, 0xff, 0xfc, 0x0, 0xcf, 0xff, 0xfc, 0xcf,
    0xff, 0xfc, 0x0, 0xcf, 0xff, 0xfc, 0xcf, 0xff,
    0xfc, 0x0, 0xcf, 0xff, 0xfc, 0xcf, 0xff, 0xfc,
    0x0, 0xcf, 0xff, 0xfc, 0xcf, 0xff, 0xfc, 0x0,
    0xcf, 0xff, 0xfc, 0xcf, 0xff, 0xfc, 0x0, 0xcf,
    0xff, 0xfc, 0xcf, 0xff, 0xfc, 0x0, 0xcf, 0xff,
    0xfc, 0xcf, 0xff, 0xfc, 0x0, 0xcf, 0xff, 0xfc,
    0xcf, 0xff, 0xfc, 0x0, 0xcf, 0xff, 0xfc, 0xcf,
    0xff, 0xfc, 0x0, 0xcf, 0xff, 0xfc, 0xcf, 0xff,
    0xfc, 0x0, 0xcf, 0xff, 0xfc, 0xcf, 0xff, 0xfc,
    0x0, 0xcf, 0xff, 0xfb, 0xcf, 0xff, 0xfc, 0x0,
    0xcf, 0xff, 0xfb, 0xcf, 0xff, 0xfc, 0x0, 0xcf,
    0xff, 0xfa, 0xcf, 0xff, 0xfc, 0x2, 0xff, 0xff,
    0xf8, 0xcf, 0xff, 0xff, 0xef, 0xff, 0xff, 0xf5,
    0xcf, 0xff, 0xff, 0xff, 0xff, 0xff, 0xf0, 0xcf,
    0xff, 0xff, 0xff, 0xff, 0xff, 0x80, 0xcf, 0xff,
    0xff, 0xff, 0xff, 0xfc, 0x0, 0xcf, 0xff, 0xff,
    0xff, 0xec, 0x60, 0x0,

    /* U+0045 "E" */
    0xcf, 0xff, 0xff, 0xff, 0xff, 0xf3, 0xcf, 0xff,
    0xff, 0xff, 0xff, 0xf3, 0xcf, 0xff, 0xff, 0xff,
    0xff, 0xf3, 0xcf, 0xff, 0xff, 0xff, 0xff, 0xf3,
    0xcf, 0xff, 0xff, 0xff, 0xff, 0xf3, 0xcf, 0xff,
    0xfe, 0x66, 0x66, 0x61, 0xcf, 0xff, 0xfd, 0x0,
    0x0, 0x0, 0xcf, 0xff, 0xfd, 0x0, 0x0, 0x0,
    0xcf, 0xff, 0xfd, 0x0, 0x0, 0x0, 0xcf, 0xff,
    0xfd, 0x0, 0x0, 0x0, 0xcf, 0xff, 0xfd, 0x0,
    0x0, 0x0, 0xcf, 0xff, 0xff, 0xff, 0xff, 0xf0,
    0xcf, 0xff, 0xff, 0xff, 0xff, 0xf0, 0xcf, 0xff,
    0xff, 0xff, 0xff, 0xf0, 0xcf, 0xff, 0xff, 0xff,
    0xff, 0xf0, 0xcf, 0xff, 0xff, 0xff, 0xff, 0xf0,
    0xcf, 0xff, 0xfd, 0x33, 0x33, 0x30, 0xcf, 0xff,
    0xfd, 0x0, 0x0, 0x0, 0xcf, 0xff, 0xfd, 0x0,
    0x0, 0x0, 0xcf, 0xff, 0xfd, 0x0, 0x0, 0x0,
    0xcf, 0xff, 0xfd, 0x0, 0x0, 0x0, 0xcf, 0xff,
    0xfd, 0x0, 0x0, 0x0, 0xcf, 0xff, 0xfe, 0x77,
    0x77, 0x74, 0xcf, 0xff, 0xff, 0xff, 0xff, 0xf9,
    0xcf, 0xff, 0xff, 0xff, 0xff, 0xf9, 0xcf, 0xff,
    0xff, 0xff, 0xff, 0xf9, 0xcf, 0xff, 0xff, 0xff,
    0xff, 0xf9, 0xcf, 0xff, 0xff, 0xff, 0xff, 0xf9,

    /* U+0046 "F" */
    0xcf, 0xff, 0xff, 0xff, 0xff, 0xf3, 0xcf, 0xff,
    0xff, 0xff, 0xff, 0xf3, 0xcf, 0xff, 0xff, 0xff,
    0xff, 0xf3, 0xcf, 0xff, 0xff, 0xff, 0xff, 0xf3,
    0xcf, 0xff, 0xff, 0xff, 0xff, 0xf3, 0xcf, 0xff,
    0xfd, 0x66, 0x66, 0x61, 0xcf, 0xff, 0xfc, 0x0,
    0x0, 0x0, 0xcf, 0xff, 0xfc, 0x0, 0x0, 0x0,
    0xcf, 0xff, 0xfc, 0x0, 0x0, 0x0, 0xcf, 0xff,
    0xfc, 0x0, 0x0, 0x0, 0xcf, 0xff, 0xff, 0xff,
    0xff, 0xf0, 0xcf, 0xff, 0xff, 0xff, 0xff, 0xf0,
    0xcf, 0xff, 0xff, 0xff, 0xff, 0xf0, 0xcf, 0xff,
    0xff, 0xff, 0xff, 0xf0, 0xcf, 0xff, 0xff, 0xff,
    0xff, 0xf0, 0xcf, 0xff, 0xfd, 0x55, 0x55, 0x50,
    0xcf, 0xff, 0xfc, 0x0, 0x0, 0x0, 0xcf, 0xff,
    0xfc, 0x0, 0x0, 0x0, 0xcf, 0xff, 0xfc, 0x0,
    0x0, 0x0, 0xcf, 0xff, 0xfc, 0x0, 0x0, 0x0,
    0xcf, 0xff, 0xfc, 0x0, 0x0, 0x0, 0xcf, 0xff,
    0xfc, 0x0, 0x0, 0x0, 0xcf, 0xff, 0xfc, 0x0,
    0x0, 0x0, 0xcf, 0xff, 0xfc, 0x0, 0x0, 0x0,
    0xcf, 0xff, 0xfc, 0x0, 0x0, 0x0, 0xcf, 0xff,
    0xfc, 0x0, 0x0, 0x0, 0xcf, 0xff, 0xfc, 0x0,
    0x0, 0x0, 0xcf, 0xff, 0xfc, 0x0, 0x0, 0x0,

    /* U+0047 "G" */
    0x0, 0x5, 0xbe, 0xff, 0xd9, 0x30, 0x0, 0x1,
    0xcf, 0xff, 0xff, 0xff, 0xf7, 0x0, 0xb, 0xff,
    0xff, 0xff, 0xff, 0xff, 0x40, 0x3f, 0xff, 0xff,
    0xff, 0xff, 0xff, 0xc0, 0x9f, 0xff, 0xff, 0xff,
    0xff, 0xff, 0xf1, 0xdf, 0xff, 0xfe, 0x34, 0xff,
    0xff, 0xf4, 0xef, 0xff, 0xf8, 0x0, 0xcf, 0xff,
    0xf7, 0xff, 0xff, 0xf7, 0x0, 0xcf, 0xff, 0xf8,
    0xff, 0xff, 0xf7, 0x0, 0xcf, 0xff, 0xf9, 0xff,
    0xff, 0xf7, 0x0, 0x34, 0x44, 0x42, 0xff, 0xff,
    0xf7, 0x0, 0x0, 0x0, 0x0, 0xff, 0xff, 0xf7,
    0x2d, 0xdd, 0xdd, 0xd7, 0xff, 0xff, 0xf7, 0x2f,
    0xff, 0xff, 0xf9, 0xff, 0xff, 0xf7, 0x2f, 0xff,
    0xff, 0xf9, 0xff, 0xff, 0xf7, 0x2f, 0xff, 0xff,
    0xf9, 0xff, 0xff, 0xf7, 0x2f, 0xff, 0xff, 0xf9,
    0xff, 0xff, 0xf7, 0x0, 0xbf, 0xff, 0xf9, 0xff,
    0xff, 0xf7, 0x0, 0xbf, 0xff, 0xf9, 0xff, 0xff,
    0xf7, 0x0, 0xbf, 0xff, 0xf9, 0xff, 0xff, 0xf7,
    0x0, 0xbf, 0xff, 0xf9, 0xff, 0xff, 0xf7, 0x0,
    0xbf, 0xff, 0xf9, 0xef, 0xff, 0xf8, 0x0, 0xdf,
    0xff, 0xf9, 0xcf, 0xff, 0xfe, 0x35, 0xff, 0xff,
    0xf9, 0x8f, 0xff, 0xff, 0xff, 0xff, 0xff, 0xf9,
    0x3f, 0xff, 0xff, 0xff, 0xff, 0xff, 0xf9, 0xb,
    0xff, 0xff, 0xff, 0xff, 0xdf, 0xf9, 0x1, 0xdf,
    0xff, 0xff, 0xfa, 0x3f, 0xf9, 0x0, 0x8, 0xdf,
    0xfc, 0x60, 0xd, 0xf9,

    /* U+0048 "H" */
    0xcf, 0xff, 0xfb, 0x0, 0xbf, 0xff, 0xfc, 0xcf,
    0xff, 0xfb, 0x0, 0xbf, 0xff, 0xfc, 0xcf, 0xff,
    0xfb, 0x0, 0xbf, 0xff, 0xfc, 0xcf, 0xff, 0xfb,
    0x0, 0xbf, 0xff, 0xfc, 0xcf, 0xff, 0xfb, 0x0,
    0xbf, 0xff, 0xfc, 0xcf, 0xff, 0xfb, 0x0, 0xbf,
    0xff, 0xfc, 0xcf, 0xff, 0xfb, 0x0, 0xbf, 0xff,
    0xfc, 0xcf, 0xff, 0xfb, 0x0, 0xbf, 0xff, 0xfc,
    0xcf, 0xff, 0xfb, 0x0, 0xbf, 0xff, 0xfc, 0xcf,
    0xff, 0xfb, 0x0, 0xbf, 0xff, 0xfc, 0xcf, 0xff,
    0xff, 0xff, 0xff, 0xff, 0xfc, 0xcf, 0xff, 0xff,
    0xff, 0xff, 0xff, 0xfc, 0xcf, 0xff, 0xff, 0xff,
    0xff, 0xff, 0xfc, 0xcf, 0xff, 0xff, 0xff, 0xff,
    0xff, 0xfc, 0xcf, 0xff, 0xff, 0xff, 0xff, 0xff,
    0xfc, 0xcf, 0xff, 0xfc, 0x44, 0xcf, 0xff, 0xfc,
    0xcf, 0xff, 0xfb, 0x0, 0xbf, 0xff, 0xfc, 0xcf,
    0xff, 0xfb, 0x0, 0xbf, 0xff, 0xfc, 0xcf, 0xff,
    0xfb, 0x0, 0xbf, 0xff, 0xfc, 0xcf, 0xff, 0xfb,
    0x0, 0xbf, 0xff, 0xfc, 0xcf, 0xff, 0xfb, 0x0,
    0xbf, 0xff, 0xfc, 0xcf, 0xff, 0xfb, 0x0, 0xbf,
    0xff, 0xfc, 0xcf, 0xff, 0xfb, 0x0, 0xbf, 0xff,
    0xfc, 0xcf, 0xff, 0xfb, 0x0, 0xbf, 0xff, 0xfc,
    0xcf, 0xff, 0xfb, 0x0, 0xbf, 0xff, 0xfc, 0xcf,
    0xff, 0xfb, 0x0, 0xbf, 0xff, 0xfc, 0xcf, 0xff,
    0xfb, 0x0, 0xbf, 0xff, 0xfc, 0xcf, 0xff, 0xfb,
    0x0, 0xbf, 0xff, 0xfc,

    /* U+0049 "I" */
    0xf, 0xff, 0xff, 0x40, 0xff, 0xff, 0xf4, 0xf,
    0xff, 0xff, 0x40, 0xff, 0xff, 0xf4, 0xf, 0xff,
    0xff, 0x40, 0xff, 0xff, 0xf4, 0xf, 0xff, 0xff,
    0x40, 0xff, 0xff, 0xf4, 0xf, 0xff, 0xff, 0x40,
    0xff, 0xff, 0xf4, 0xf, 0xff, 0xff, 0x40, 0xff,
    0xff, 0xf4, 0xf, 0xff, 0xff, 0x40, 0xff, 0xff,
    0xf4, 0xf, 0xff, 0xff, 0x40, 0xff, 0xff, 0xf4,
    0xf, 0xff, 0xff, 0x40, 0xff, 0xff, 0xf4, 0xf,
    0xff, 0xff, 0x40, 0xff, 0xff, 0xf4, 0xf, 0xff,
    0xff, 0x40, 0xff, 0xff, 0xf4, 0xf, 0xff, 0xff,
    0x40, 0xff, 0xff, 0xf4, 0xf, 0xff, 0xff, 0x40,
    0xff, 0xff, 0xf4, 0xf, 0xff, 0xff, 0x40, 0xff,
    0xff, 0xf4,

    /* U+004A "J" */
    0x0, 0x0, 0x0, 0x0, 0x8f, 0xff, 0xff, 0x0,
    0x0, 0x0, 0x0, 0x8, 0xff, 0xff, 0xf0, 0x0,
    0x0, 0x0, 0x0, 0x8f, 0xff, 0xff, 0x0, 0x0,
    0x0, 0x0, 0x8, 0xff, 0xff, 0xf0, 0x0, 0x0,
    0x0, 0x0, 0x8f, 0xff, 0xff, 0x0, 0x0, 0x0,
    0x0, 0x8, 0xff, 0xff, 0xf0, 0x0, 0x0, 0x0,
    0x0, 0x8f, 0xff, 0xff, 0x0, 0x0, 0x0, 0x0,
    0x8, 0xff, 0xff, 0xf0, 0x0, 0x0, 0x0, 0x0,
    0x8f, 0xff, 0xff, 0x0, 0x0, 0x0, 0x0, 0x8,
    0xff, 0xff, 0xf0, 0x0, 0x0, 0x0, 0x0, 0x8f,
    0xff, 0xff, 0x0, 0x0, 0x0, 0x0, 0x8, 0xff,
    0xff, 0xf0, 0x0, 0x0, 0x0, 0x0, 0x8f, 0xff,
    0xff, 0x0, 0x0, 0x0, 0x0, 0x8, 0xff, 0xff,
    0xf0, 0x25, 0x55, 0x55, 0x0, 0x8f, 0xff, 0xff,
    0x6, 0xff, 0xff, 0xf0, 0x8, 0xff, 0xff, 0xf0,
    0x6f, 0xff, 0xff, 0x0, 0x8f, 0xff, 0xff, 0x6,
    0xff, 0xff, 0xf0, 0x8, 0xff, 0xff, 0xf0, 0x6f,
    0xff, 0xff, 0x0, 0x8f, 0xff, 0xff, 0x6, 0xff,
    0xff, 0xf0, 0x8, 0xff, 0xff, 0xf0, 0x6f, 0xff,
    0xff, 0x0, 0x8f, 0xff, 0xff, 0x6, 0xff, 0xff,
    0xf0, 0x8, 0xff, 0xff, 0xf0, 0x4f, 0xff, 0xff,
    0x73, 0xdf, 0xff, 0xfd, 0x2, 0xff, 0xff, 0xff,
    0xff, 0xff, 0xff, 0x90, 0xc, 0xff, 0xff, 0xff,
    0xff, 0xff, 0xf3, 0x0, 0x3f, 0xff, 0xff, 0xff,
    0xff, 0xf8, 0x0, 0x0, 0x4e, 0xff, 0xff, 0xff,
    0xf9, 0x0, 0x0, 0x0, 0x17, 0xce, 0xfd, 0xa3,
    0x0, 0x0,

    /* U+004B "K" */
    0xcf, 0xff, 0xfa, 0x0, 0xef, 0xff, 0xfa, 0xc,
    0xff, 0xff, 0xa0, 0x2f, 0xff, 0xff, 0x60, 0xcf,
    0xff, 0xfa, 0x5, 0xff, 0xff, 0xf2, 0xc, 0xff,
    0xff, 0xa0, 0x9f, 0xff, 0xfe, 0x0, 0xcf, 0xff,
    0xfa, 0xc, 0xff, 0xff, 0xa0, 0xc, 0xff, 0xff,
    0xa0, 0xff, 0xff, 0xf6, 0x0, 0xcf, 0xff, 0xfa,
    0x4f, 0xff, 0xff, 0x30, 0xc, 0xff, 0xff, 0xa7,
    0xff, 0xff, 0xf0, 0x0, 0xcf, 0xff, 0xfa, 0xbf,
    0xff, 0xfb, 0x0, 0xc, 0xff, 0xff, 0xaf, 0xff,
    0xff, 0x70, 0x0, 0xcf, 0xff, 0xfd, 0xff, 0xff,
    0xf3, 0x0, 0xc, 0xff, 0xff, 0xff, 0xff, 0xff,
    0x0, 0x0, 0xcf, 0xff, 0xff, 0xff, 0xff, 0xc0,
    0x0, 0xc, 0xff, 0xff, 0xff, 0xff, 0xfd, 0x0,
    0x0, 0xcf, 0xff, 0xff, 0xff, 0xff, 0xf1, 0x0,
    0xc, 0xff, 0xff, 0xcf, 0xff, 0xff, 0x50, 0x0,
    0xcf, 0xff, 0xfb, 0xdf, 0xff, 0xf9, 0x0, 0xc,
    0xff, 0xff, 0xba, 0xff, 0xff, 0xd0, 0x0, 0xcf,
    0xff, 0xfb, 0x6f, 0xff, 0xff, 0x10, 0xc, 0xff,
    0xff, 0xb3, 0xff, 0xff, 0xf4, 0x0, 0xcf, 0xff,
    0xfb, 0xf, 0xff, 0xff, 0x80, 0xc, 0xff, 0xff,
    0xb0, 0xcf, 0xff, 0xfc, 0x0, 0xcf, 0xff, 0xfb,
    0x8, 0xff, 0xff, 0xf0, 0xc, 0xff, 0xff, 0xb0,
    0x4f, 0xff, 0xff, 0x40, 0xcf, 0xff, 0xfb, 0x1,
    0xff, 0xff, 0xf8, 0xc, 0xff, 0xff, 0xb0, 0xd,
    0xff, 0xff, 0xc0, 0xcf, 0xff, 0xfb, 0x0, 0xaf,
    0xff, 0xff, 0xc, 0xff, 0xff, 0xb0, 0x6, 0xff,
    0xff, 0xf4,

    /* U+004C "L" */
    0xcf, 0xff, 0xfb, 0x0, 0x0, 0x0, 0xcf, 0xff,
    0xfb, 0x0, 0x0, 0x0, 0xcf, 0xff, 0xfb, 0x0,
    0x0, 0x0, 0xcf, 0xff, 0xfb, 0x0, 0x0, 0x0,
    0xcf, 0xff, 0xfb, 0x0, 0x0, 0x0, 0xcf, 0xff,
    0xfb, 0x0, 0x0, 0x0, 0xcf, 0xff, 0xfb, 0x0,
    0x0, 0x0, 0xcf, 0xff, 0xfb, 0x0, 0x0, 0x0,
    0xcf, 0xff, 0xfb, 0x0, 0x0, 0x0, 0xcf, 0xff,
    0xfb, 0x0, 0x0, 0x0, 0xcf, 0xff, 0xfb, 0x0,
    0x0, 0x0, 0xcf, 0xff, 0xfb, 0x0, 0x0, 0x0,
    0xcf, 0xff, 0xfb, 0x0, 0x0, 0x0, 0xcf, 0xff,
    0xfb, 0x0, 0x0, 0x0, 0xcf, 0xff, 0xfb, 0x0,
    0x0, 0x0, 0xcf, 0xff, 0xfb, 0x0, 0x0, 0x0,
    0xcf, 0xff, 0xfb, 0x0, 0x0, 0x0, 0xcf, 0xff,
    0xfb, 0x0, 0x0, 0x0, 0xcf, 0xff, 0xfb, 0x0,
    0x0, 0x0, 0xcf, 0xff, 0xfb, 0x0, 0x0, 0x0,
    0xcf, 0xff, 0xfb, 0x0, 0x0, 0x0, 0xcf, 0xff,
    0xfb, 0x0, 0x0, 0x0, 0xcf, 0xff, 0xfb, 0x0,
    0x0, 0x0, 0xcf, 0xff, 0xfe, 0xcc, 0xcc, 0xc4,
    0xcf, 0xff, 0xff, 0xff, 0xff, 0xf6, 0xcf, 0xff,
    0xff, 0xff, 0xff, 0xf6, 0xcf, 0xff, 0xff, 0xff,
    0xff, 0xf6, 0xcf, 0xff, 0xff, 0xff, 0xff, 0xf6,

    /* U+004D "M" */
    0xcf, 0xff, 0xff, 0xff, 0xa0, 0x0, 0xd, 0xff,
    0xff, 0xff, 0xfa, 0xcf, 0xff, 0xff, 0xff, 0xc0,
    0x0, 0xf, 0xff, 0xff, 0xff, 0xfa, 0xcf, 0xff,
    0xff, 0xff, 0xe0, 0x0, 0x2f, 0xff, 0xff, 0xff,
    0xfa, 0xcf, 0xff, 0xff, 0xff, 0xf1, 0x0, 0x4f,
    0xff, 0xff, 0xff, 0xfa, 0xcf, 0xff, 0xff, 0xff,
    0xf3, 0x0, 0x6f, 0xff, 0xff, 0xff, 0xfa, 0xcf,
    0xff, 0xff, 0xff, 0xf5, 0x0, 0x8f, 0xff, 0xff,
    0xff, 0xfa, 0xcf, 0xff, 0xff, 0xff, 0xf7, 0x0,
    0xaf, 0xff, 0xff, 0xff, 0xfa, 0xcf, 0xff, 0xff,
    0xff, 0xf9, 0x0, 0xcf, 0xff, 0xff, 0xff, 0xfa,
    0xcf, 0xff, 0xfe, 0xff, 0xfb, 0x0, 0xff, 0xff,
    0xef, 0xff, 0xfa, 0xcf, 0xff, 0xfb, 0xff, 0xfe,
    0x1, 0xff, 0xff, 0xbf, 0xff, 0xfa, 0xcf, 0xff,
    0xf8, 0xff, 0xff, 0x3, 0xff, 0xff, 0x9f, 0xff,
    0xfa, 0xcf, 0xff, 0xf6, 0xff, 0xff, 0x25, 0xff,
    0xff, 0x6f, 0xff, 0xfa, 0xcf, 0xff, 0xf3, 0xff,
    0xff, 0x47, 0xff, 0xfe, 0x6f, 0xff, 0xfa, 0xcf,
    0xff, 0xf3, 0xef, 0xff, 0x69, 0xff, 0xfb, 0x6f,
    0xff, 0xfa, 0xcf, 0xff, 0xf3, 0xbf, 0xff, 0x8c,
    0xff, 0xf9, 0x6f, 0xff, 0xfa, 0xcf, 0xff, 0xf3,
    0x8f, 0xff, 0xbe, 0xff, 0xf6, 0x6f, 0xff, 0xfa,
    0xcf, 0xff, 0xf3, 0x6f, 0xff, 0xdf, 0xff, 0xf4,
    0x6f, 0xff, 0xfa, 0xcf, 0xff, 0xf3, 0x3f, 0xff,
    0xff, 0xff, 0xf1, 0x6f, 0xff, 0xfa, 0xcf, 0xff,
    0xf3, 0xf, 0xff, 0xff, 0xff, 0xf0, 0x6f, 0xff,
    0xfa, 0xcf, 0xff, 0xf3, 0xe, 0xff, 0xff, 0xff,
    0xc0, 0x6f, 0xff, 0xfa, 0xcf, 0xff, 0xf3, 0xb,
    0xff, 0xff, 0xff, 0xa0, 0x6f, 0xff, 0xfa, 0xcf,
    0xff, 0xf3, 0x8, 0xff, 0xff, 0xff, 0x70, 0x6f,
    0xff, 0xfa, 0xcf, 0xff, 0xf3, 0x6, 0xff, 0xff,
    0xff, 0x50, 0x6f, 0xff, 0xfa, 0xcf, 0xff, 0xf3,
    0x3, 0xff, 0xff, 0xff, 0x20, 0x6f, 0xff, 0xfa,
    0xcf, 0xff, 0xf3, 0x0, 0xff, 0xff, 0xff, 0x0,
    0x6f, 0xff, 0xfa, 0xcf, 0xff, 0xf3, 0x0, 0xef,
    0xff, 0xfd, 0x0, 0x6f, 0xff, 0xfa, 0xcf, 0xff,
    0xf3, 0x0, 0xbf, 0xff, 0xfb, 0x0, 0x6f, 0xff,
    0xfa, 0xcf, 0xff, 0xf3, 0x0, 0x8f, 0xff, 0xf8,
    0x0, 0x6f, 0xff, 0xfa,

    /* U+004E "N" */
    0xcf, 0xff, 0xff, 0x0, 0x9f, 0xff, 0xfb, 0xcf,
    0xff, 0xff, 0x20, 0x9f, 0xff, 0xfb, 0xcf, 0xff,
    0xff, 0x50, 0x9f, 0xff, 0xfb, 0xcf, 0xff, 0xff,
    0x80, 0x9f, 0xff, 0xfb, 0xcf, 0xff, 0xff, 0xb0,
    0x9f, 0xff, 0xfb, 0xcf, 0xff, 0xff, 0xe0, 0x9f,
    0xff, 0xfb, 0xcf, 0xff, 0xff, 0xf1, 0x9f, 0xff,
    0xfb, 0xcf, 0xff, 0xff, 0xf4, 0x9f, 0xff, 0xfb,
    0xcf, 0xff, 0xff, 0xf7, 0x9f, 0xff, 0xfb, 0xcf,
    0xff, 0xff, 0xfa, 0x9f, 0xff, 0xfb, 0xcf, 0xff,
    0xff, 0xfd, 0x9f, 0xff, 0xfb, 0xcf, 0xff, 0xff,
    0xff, 0xaf, 0xff, 0xfb, 0xcf, 0xff, 0xff, 0xff,
    0xdf, 0xff, 0xfb, 0xcf, 0xff, 0xff, 0xff, 0xff,
    0xff, 0xfb, 0xcf, 0xff, 0xfe, 0xff, 0xff, 0xff,
    0xfb, 0xcf, 0xff, 0xfb, 0xff, 0xff, 0xff, 0xfb,
    0xcf, 0xff, 0xf9, 0xef, 0xff, 0xff, 0xfb, 0xcf,
    0xff, 0xf9, 0xbf, 0xff, 0xff, 0xfb, 0xcf, 0xff,
    0xf9, 0x8f, 0xff, 0xff, 0xfb, 0xcf, 0xff, 0xf9,
    0x5f, 0xff, 0xff, 0xfb, 0xcf, 0xff, 0xf9, 0x2f,
    0xff, 0xff, 0xfb, 0xcf, 0xff, 0xf9, 0xe, 0xff,
    0xff, 0xfb, 0xcf, 0xff, 0xf9, 0xb, 0xff, 0xff,
    0xfb, 0xcf, 0xff, 0xf9, 0x8, 0xff, 0xff, 0xfb,
    0xcf, 0xff, 0xf9, 0x5, 0xff, 0xff, 0xfb, 0xcf,
    0xff, 0xf9, 0x2, 0xff, 0xff, 0xfb, 0xcf, 0xff,
    0xf9, 0x0, 0xff, 0xff, 0xfb, 0xcf, 0xff, 0xf9,
    0x0, 0xcf, 0xff, 0xfb,

    /* U+004F "O" */
    0x0, 0x5, 0xbe, 0xff, 0xd9, 0x20, 0x0, 0x1,
    0xcf, 0xff, 0xff, 0xff, 0xf6, 0x0, 0xc, 0xff,
    0xff, 0xff, 0xff, 0xff, 0x50, 0x5f, 0xff, 0xff,
    0xff, 0xff, 0xff, 0xd0, 0xaf, 0xff, 0xff, 0xff,
    0xff, 0xff, 0xf3, 0xdf, 0xff, 0xfe, 0x37, 0xff,
    0xff, 0xf6, 0xff, 0xff, 0xf8, 0x0, 0xff, 0xff,
    0xf8, 0xff, 0xff, 0xf7, 0x0, 0xef, 0xff, 0xf8,
    0xff, 0xff, 0xf7, 0x0, 0xef, 0xff, 0xf9, 0xff,
    0xff, 0xf7, 0x0, 0xef, 0xff, 0xf9, 0xff, 0xff,
    0xf7, 0x0, 0xef, 0xff, 0xf9, 0xff, 0xff, 0xf7,
    0x0, 0xef, 0xff, 0xf9, 0xff, 0xff, 0xf7, 0x0,
    0xef, 0xff, 0xf9, 0xff, 0xff, 0xf7, 0x0, 0xef,
    0xff, 0xf9, 0xff, 0xff, 0xf7, 0x0, 0xef, 0xff,
    0xf9, 0xff, 0xff, 0xf7, 0x0, 0xef, 0xff, 0xf9,
    0xff, 0xff, 0xf7, 0x0, 0xef, 0xff, 0xf9, 0xff,
    0xff, 0xf7, 0x0, 0xef, 0xff, 0xf9, 0xff, 0xff,
    0xf7, 0x0, 0xef, 0xff, 0xf9, 0xff, 0xff, 0xf7,
    0x0, 0xef, 0xff, 0xf9, 0xff, 0xff, 0xf7, 0x0,
    0xef, 0xff, 0xf8, 0xef, 0xff, 0xf9, 0x0, 0xff,
    0xff, 0xf7, 0xcf, 0xff, 0xfe, 0x38, 0xff, 0xff,
    0xf5, 0x9f, 0xff, 0xff, 0xff, 0xff, 0xff, 0xf2,
    0x3f, 0xff, 0xff, 0xff, 0xff, 0xff, 0xb0, 0x9,
    0xff, 0xff, 0xff, 0xff, 0xff, 0x30, 0x0, 0xaf,
    0xff, 0xff, 0xff, 0xf4, 0x0, 0x0, 0x4, 0xae,
    0xff, 0xd8, 0x10, 0x0,

    /* U+0050 "P" */
    0xcf, 0xff, 0xff, 0xff, 0xeb, 0x50, 0x0, 0xcf,
    0xff, 0xff, 0xff, 0xff, 0xf8, 0x0, 0xcf, 0xff,
    0xff, 0xff, 0xff, 0xff, 0x50, 0xcf, 0xff, 0xff,
    0xff, 0xff, 0xff, 0xc0, 0xcf, 0xff, 0xff, 0xff,
    0xff, 0xff, 0xf1, 0xcf, 0xff, 0xfa, 0x29, 0xff,
    0xff, 0xf5, 0xcf, 0xff, 0xfa, 0x1, 0xff, 0xff,
    0xf7, 0xcf, 0xff, 0xfa, 0x0, 0xef, 0xff, 0xf8,
    0xcf, 0xff, 0xfa, 0x0, 0xdf, 0xff, 0xf9, 0xcf,
    0xff, 0xfa, 0x0, 0xef, 0xff, 0xf8, 0xcf, 0xff,
    0xfa, 0x0, 0xff, 0xff, 0xf7, 0xcf, 0xff, 0xfa,
    0x8, 0xff, 0xff, 0xf6, 0xcf, 0xff, 0xff, 0xff,
    0xff, 0xff, 0xf3, 0xcf, 0xff, 0xff, 0xff, 0xff,
    0xff, 0xe0, 0xcf, 0xff, 0xff, 0xff, 0xff, 0xff,
    0x70, 0xcf, 0xff, 0xff, 0xff, 0xff, 0xfb, 0x0,
    0xcf, 0xff, 0xff, 0xff, 0xfd, 0x70, 0x0, 0xcf,
    0xff, 0xfa, 0x0, 0x0, 0x0, 0x0, 0xcf, 0xff,
    0xfa, 0x0, 0x0, 0x0, 0x0, 0xcf, 0xff, 0xfa,
    0x0, 0x0, 0x0, 0x0, 0xcf, 0xff, 0xfa, 0x0,
    0x0, 0x0, 0x0, 0xcf, 0xff, 0xfa, 0x0, 0x0,
    0x0, 0x0, 0xcf, 0xff, 0xfa, 0x0, 0x0, 0x0,
    0x0, 0xcf, 0xff, 0xfa, 0x0, 0x0, 0x0, 0x0,
    0xcf, 0xff, 0xfa, 0x0, 0x0, 0x0, 0x0, 0xcf,
    0xff, 0xfa, 0x0, 0x0, 0x0, 0x0, 0xcf, 0xff,
    0xfa, 0x0, 0x0, 0x0, 0x0, 0xcf, 0xff, 0xfa,
    0x0, 0x0, 0x0, 0x0,

    /* U+0051 "Q" */
    0x0, 0x0, 0x6b, 0xef, 0xec, 0x81, 0x0, 0x0,
    0x0, 0x2d, 0xff, 0xff, 0xff, 0xff, 0x40, 0x0,
    0x0, 0xdf, 0xff, 0xff, 0xff, 0xff, 0xf2, 0x0,
    0x7, 0xff, 0xff, 0xff, 0xff, 0xff, 0xfb, 0x0,
    0xc, 0xff, 0xff, 0xff, 0xff, 0xff, 0xff, 0x10,
    0xf, 0xff, 0xff, 0xc3, 0xaf, 0xff, 0xff, 0x40,
    0x1f, 0xff, 0xff, 0x60, 0x4f, 0xff, 0xff, 0x50,
    0x2f, 0xff, 0xff, 0x40, 0x2f, 0xff, 0xff, 0x60,
    0x2f, 0xff, 0xff, 0x40, 0x2f, 0xff, 0xff, 0x60,
    0x2f, 0xff, 0xff, 0x40, 0x2f, 0xff, 0xff, 0x60,
    0x2f, 0xff, 0xff, 0x40, 0x2f, 0xff, 0xff, 0x60,
    0x2f, 0xff, 0xff, 0x40, 0x2f, 0xff, 0xff, 0x60,
    0x2f, 0xff, 0xff, 0x40, 0x2f, 0xff, 0xff, 0x60,
    0x2f, 0xff, 0xff, 0x40, 0x2f, 0xff, 0xff, 0x60,
    0x2f, 0xff, 0xff, 0x40, 0x2f, 0xff, 0xff, 0x60,
    0x2f, 0xff, 0xff, 0x40, 0x2f, 0xff, 0xff, 0x60,
    0x2f, 0xff, 0xff, 0x40, 0x2f, 0xff, 0xff, 0x60,
    0x2f, 0xff, 0xff, 0x40, 0x2f, 0xff, 0xff, 0x60,
    0x2f, 0xff, 0xff, 0x40, 0x2f, 0xff, 0xff, 0x60,
    0x2f, 0xff, 0xff, 0x40, 0x2f, 0xff, 0xff, 0x60,
    0x2f, 0xff, 0xff, 0x40, 0x2f, 0xff, 0xff, 0x60,
    0x1f, 0xff, 0xff, 0x60, 0x4f, 0xff, 0xff, 0x50,
    0xf, 0xff, 0xff, 0xc2, 0xaf, 0xff, 0xff, 0x30,
    0xc, 0xff, 0xff, 0xff, 0xff, 0xff, 0xff, 0x0,
    0x6, 0xff, 0xff, 0xff, 0xff, 0xff, 0xfa, 0x0,
    0x0, 0xdf, 0xff, 0xff, 0xff, 0xff, 0xf2, 0x0,
    0x0, 0x2d, 0xff, 0xff, 0xff, 0xff, 0xfb, 0x20,
    0x0, 0x0, 0x7c, 0xef, 0xdf, 0xff, 0xff, 0xf1,
    0x0, 0x0, 0x0, 0x0, 0x2, 0xcf, 0xff, 0x90,
    0x0, 0x0, 0x0, 0x0, 0x0, 0x7, 0xff, 0x10,
    0x0, 0x0, 0x0, 0x0, 0x0, 0x0, 0x25, 0x0,

    /* U+0052 "R" */
    0xcf, 0xff, 0xff, 0xff, 0xfe, 0xb4, 0x0, 0xcf,
    0xff, 0xff, 0xff, 0xff, 0xff, 0x40, 0xcf, 0xff,
    0xff, 0xff, 0xff, 0xff, 0xd0, 0xcf, 0xff, 0xff,
    0xff, 0xff, 0xff, 0xf3, 0xcf, 0xff, 0xff, 0xff,
    0xff, 0xff, 0xf6, 0xcf, 0xff, 0xfd, 0x24, 0xff,
    0xff, 0xf8, 0xcf, 0xff, 0xfd, 0x0, 0xcf, 0xff,
    0xf9, 0xcf, 0xff, 0xfd, 0x0, 0xbf, 0xff, 0xfa,
    0xcf, 0xff, 0xfd, 0x0, 0xcf, 0xff, 0xf9, 0xcf,
    0xff, 0xfd, 0x1, 0xff, 0xff, 0xf8, 0xcf, 0xff,
    0xff, 0xde, 0xff, 0xff, 0xf4, 0xcf, 0xff, 0xff,
    0xff, 0xff, 0xff, 0xe0, 0xcf, 0xff, 0xff, 0xff,
    0xff, 0xfe, 0x30, 0xcf, 0xff, 0xff, 0xff, 0xff,
    0xf9, 0x10, 0xcf, 0xff, 0xff, 0xff, 0xff, 0xff,
    0xa0, 0xcf, 0xff, 0xfc, 0x19, 0xff, 0xff, 0xf1,
    0xcf, 0xff, 0xfc, 0x3, 0xff, 0xff, 0xf3, 0xcf,
    0xff, 0xfc, 0x2, 0xff, 0xff, 0xf4, 0xcf, 0xff,
    0xfc, 0x2, 0xff, 0xff, 0xf4, 0xcf, 0xff, 0xfc,
    0x2, 0xff, 0xff, 0xf4, 0xcf, 0xff, 0xfc, 0x2,
    0xff, 0xff, 0xf4, 0xcf, 0xff, 0xfc, 0x2, 0xff,
    0xff, 0xf4, 0xcf, 0xff, 0xfc, 0x2, 0xff, 0xff,
    0xf4, 0xcf, 0xff, 0xfc, 0x2, 0xff, 0xff, 0xf4,
    0xcf, 0xff, 0xfc, 0x2, 0xff, 0xff, 0xf4, 0xcf,
    0xff, 0xfc, 0x2, 0xff, 0xff, 0xf4, 0xcf, 0xff,
    0xfc, 0x2, 0xff, 0xff, 0xf4, 0xcf, 0xff, 0xfc,
    0x2, 0xff, 0xff, 0xf4,

    /* U+0053 "S" */
    0x0, 0x2, 0x9d, 0xff, 0xea, 0x50, 0x0, 0x0,
    0x5, 0xff, 0xff, 0xff, 0xff, 0xc0, 0x0, 0x3,
    0xff, 0xff, 0xff, 0xff, 0xff, 0xa0, 0x0, 0xbf,
    0xff, 0xff, 0xff, 0xff, 0xff, 0x20, 0xf, 0xff,
    0xff, 0xff, 0xff, 0xff, 0xf8, 0x3, 0xff, 0xff,
    0xf5, 0x3e, 0xff, 0xff, 0xb0, 0x4f, 0xff, 0xff,
    0x0, 0xaf, 0xff, 0xfe, 0x4, 0xff, 0xff, 0xf2,
    0xa, 0xff, 0xff, 0xe0, 0x3f, 0xff, 0xff, 0xc0,
    0x12, 0x22, 0x22, 0x0, 0xef, 0xff, 0xff, 0xb0,
    0x0, 0x0, 0x0, 0x8, 0xff, 0xff, 0xff, 0xc0,
    0x0, 0x0, 0x0, 0xe, 0xff, 0xff, 0xff, 0xc1,
    0x0, 0x0, 0x0, 0x3f, 0xff, 0xff, 0xff, 0xc0,
    0x0, 0x0, 0x0, 0x3f, 0xff, 0xff, 0xff, 0xb0,
    0x0, 0x0, 0x0, 0x3e, 0xff, 0xff, 0xff, 0x90,
    0x0, 0x0, 0x0, 0x2e, 0xff, 0xff, 0xff, 0x30,
    0x0, 0x0, 0x0, 0x2e, 0xff, 0xff, 0xfa, 0x3,
    0x99, 0x99, 0x90, 0x4f, 0xff, 0xff, 0xe0, 0x5f,
    0xff, 0xff, 0x10, 0xbf, 0xff, 0xff, 0x15, 0xff,
    0xff, 0xf1, 0x6, 0xff, 0xff, 0xf2, 0x5f, 0xff,
    0xff, 0x10, 0x4f, 0xff, 0xff, 0x14, 0xff, 0xff,
    0xf2, 0x5, 0xff, 0xff, 0xf0, 0x2f, 0xff, 0xff,
    0x92, 0xbf, 0xff, 0xfe, 0x0, 0xff, 0xff, 0xff,
    0xff, 0xff, 0xff, 0xb0, 0x9, 0xff, 0xff, 0xff,
    0xff, 0xff, 0xf5, 0x0, 0x2f, 0xff, 0xff, 0xff,
    0xff, 0xfd, 0x0, 0x0, 0x4f, 0xff, 0xff, 0xff,
    0xfe, 0x20, 0x0, 0x0, 0x17, 0xce, 0xff, 0xd8,
    0x10, 0x0,

    /* U+0054 "T" */
    0xbf, 0xff, 0xff, 0xff, 0xff, 0xff, 0x5b, 0xff,
    0xff, 0xff, 0xff, 0xff, 0xf5, 0xbf, 0xff, 0xff,
    0xff, 0xff, 0xff, 0x5b, 0xff, 0xff, 0xff, 0xff,
    0xff, 0xf5, 0xbf, 0xff, 0xff, 0xff, 0xff, 0xff,
    0x53, 0x55, 0x9f, 0xff, 0xff, 0x65, 0x51, 0x0,
    0x6, 0xff, 0xff, 0xf1, 0x0, 0x0, 0x0, 0x6f,
    0xff, 0xff, 0x10, 0x0, 0x0, 0x6, 0xff, 0xff,
    0xf1, 0x0, 0x0, 0x0, 0x6f, 0xff, 0xff, 0x10,
    0x0, 0x0, 0x6, 0xff, 0xff, 0xf1, 0x0, 0x0,
    0x0, 0x6f, 0xff, 0xff, 0x10, 0x0, 0x0, 0x6,
    0xff, 0xff, 0xf1, 0x0, 0x0, 0x0, 0x6f, 0xff,
    0xff, 0x10, 0x0, 0x0, 0x6, 0xff, 0xff, 0xf1,
    0x0, 0x0, 0x0, 0x6f, 0xff, 0xff, 0x10, 0x0,
    0x0, 0x6, 0xff, 0xff, 0xf1, 0x0, 0x0, 0x0,
    0x6f, 0xff, 0xff, 0x10, 0x0, 0x0, 0x6, 0xff,
    0xff, 0xf1, 0x0, 0x0, 0x0, 0x6f, 0xff, 0xff,
    0x10, 0x0, 0x0, 0x6, 0xff, 0xff, 0xf1, 0x0,
    0x0, 0x0, 0x6f, 0xff, 0xff, 0x10, 0x0, 0x0,
    0x6, 0xff, 0xff, 0xf1, 0x0, 0x0, 0x0, 0x6f,
    0xff, 0xff, 0x10, 0x0, 0x0, 0x6, 0xff, 0xff,
    0xf1, 0x0, 0x0, 0x0, 0x6f, 0xff, 0xff, 0x10,
    0x0, 0x0, 0x6, 0xff, 0xff, 0xf1, 0x0, 0x0,
    0x0, 0x6f, 0xff, 0xff, 0x10, 0x0,

    /* U+0055 "U" */
    0x1f, 0xff, 0xff, 0x30, 0x1f, 0xff, 0xff, 0x41,
    0xff, 0xff, 0xf3, 0x1, 0xff, 0xff, 0xf4, 0x1f,
    0xff, 0xff, 0x30, 0x1f, 0xff, 0xff, 0x41, 0xff,
    0xff, 0xf3, 0x1, 0xff, 0xff, 0xf4, 0x1f, 0xff,
    0xff, 0x30, 0x1f, 0xff, 0xff, 0x41, 0xff, 0xff,
    0xf3, 0x1, 0xff, 0xff, 0xf4, 0x1f, 0xff, 0xff,
    0x30, 0x1f, 0xff, 0xff, 0x41, 0xff, 0xff, 0xf3,
    0x1, 0xff, 0xff, 0xf4, 0x1f, 0xff, 0xff, 0x30,
    0x1f, 0xff, 0xff, 0x41, 0xff, 0xff, 0xf3, 0x1,
    0xff, 0xff, 0xf4, 0x1f, 0xff, 0xff, 0x30, 0x1f,
    0xff, 0xff, 0x41, 0xff, 0xff, 0xf3, 0x1, 0xff,
    0xff, 0xf4, 0x1f, 0xff, 0xff, 0x30, 0x1f, 0xff,
    0xff, 0x41, 0xff, 0xff, 0xf3, 0x1, 0xff, 0xff,
    0xf4, 0x1f, 0xff, 0xff, 0x30, 0x1f, 0xff, 0xff,
    0x41, 0xff, 0xff, 0xf3, 0x1, 0xff, 0xff, 0xf4,
    0x1f, 0xff, 0xff, 0x30, 0x1f, 0xff, 0xff, 0x41,
    0xff, 0xff, 0xf3, 0x1, 0xff, 0xff, 0xf4, 0x1f,
    0xff, 0xff, 0x30, 0x1f, 0xff, 0xff, 0x41, 0xff,
    0xff, 0xf3, 0x1, 0xff, 0xff, 0xf4, 0x1f, 0xff,
    0xff, 0x40, 0x1f, 0xff, 0xff, 0x40, 0xff, 0xff,
    0xf5, 0x3, 0xff, 0xff, 0xf3, 0xe, 0xff, 0xff,
    0xc2, 0xaf, 0xff, 0xff, 0x10, 0xbf, 0xff, 0xff,
    0xff, 0xff, 0xff, 0xe0, 0x6, 0xff, 0xff, 0xff,
    0xff, 0xff, 0xf8, 0x0, 0xd, 0xff, 0xff, 0xff,
    0xff, 0xfe, 0x10, 0x0, 0x2d, 0xff, 0xff, 0xff,
    0xfe, 0x30, 0x0, 0x0, 0x7, 0xce, 0xfe, 0xc8,
    0x10, 0x0,

    /* U+0056 "V" */
    0x9f, 0xff, 0xfa, 0x0, 0xa, 0xff, 0xff, 0x97,
    0xff, 0xff, 0xc0, 0x0, 0xbf, 0xff, 0xf7, 0x5f,
    0xff, 0xfd, 0x0, 0xd, 0xff, 0xff, 0x53, 0xff,
    0xff, 0xf0, 0x0, 0xef, 0xff, 0xf3, 0x1f, 0xff,
    0xff, 0x10, 0xf, 0xff, 0xff, 0x10, 0xff, 0xff,
    0xf2, 0x1, 0xff, 0xff, 0xf0, 0xd, 0xff, 0xff,
    0x40, 0x3f, 0xff, 0xfd, 0x0, 0xbf, 0xff, 0xf6,
    0x4, 0xff, 0xff, 0xb0, 0x9, 0xff, 0xff, 0x70,
    0x6f, 0xff, 0xf9, 0x0, 0x7f, 0xff, 0xf9, 0x7,
    0xff, 0xff, 0x70, 0x5, 0xff, 0xff, 0xb0, 0x9f,
    0xff, 0xf5, 0x0, 0x4f, 0xff, 0xfc, 0xa, 0xff,
    0xff, 0x30, 0x2, 0xff, 0xff, 0xe0, 0xcf, 0xff,
    0xf1, 0x0, 0xf, 0xff, 0xff, 0xd, 0xff, 0xff,
    0x0, 0x0, 0xef, 0xff, 0xf2, 0xff, 0xff, 0xe0,
    0x0, 0xc, 0xff, 0xff, 0x4f, 0xff, 0xfc, 0x0,
    0x0, 0xaf, 0xff, 0xf7, 0xff, 0xff, 0xa0, 0x0,
    0x8, 0xff, 0xff, 0xbf, 0xff, 0xf8, 0x0, 0x0,
    0x6f, 0xff, 0xfe, 0xff, 0xff, 0x60, 0x0, 0x4,
    0xff, 0xff, 0xff, 0xff, 0xf4, 0x0, 0x0, 0x2f,
    0xff, 0xff, 0xff, 0xff, 0x20, 0x0, 0x0, 0xff,
    0xff, 0xff, 0xff, 0xf0, 0x0, 0x0, 0xe, 0xff,
    0xff, 0xff, 0xfe, 0x0, 0x0, 0x0, 0xcf, 0xff,
    0xff, 0xff, 0xc0, 0x0, 0x0, 0xa, 0xff, 0xff,
    0xff, 0xfa, 0x0, 0x0, 0x0, 0x8f, 0xff, 0xff,
    0xff, 0x80, 0x0, 0x0, 0x6, 0xff, 0xff, 0xff,
    0xf6, 0x0, 0x0, 0x0, 0x5f, 0xff, 0xff, 0xff,
    0x40, 0x0,

    /* U+0057 "W" */
    0x8f, 0xff, 0xfd, 0x0, 0x3f, 0xff, 0xff, 0x0,
    0x1f, 0xff, 0xff, 0x46, 0xff, 0xff, 0xe0, 0x4,
    0xff, 0xff, 0xf1, 0x3, 0xff, 0xff, 0xf3, 0x5f,
    0xff, 0xff, 0x0, 0x5f, 0xff, 0xff, 0x30, 0x4f,
    0xff, 0xff, 0x13, 0xff, 0xff, 0xf1, 0x7, 0xff,
    0xff, 0xf4, 0x5, 0xff, 0xff, 0xf0, 0x1f, 0xff,
    0xff, 0x20, 0x8f, 0xff, 0xff, 0x50, 0x7f, 0xff,
    0xfe, 0x0, 0xff, 0xff, 0xf4, 0xa, 0xff, 0xff,
    0xf7, 0x8, 0xff, 0xff, 0xc0, 0xe, 0xff, 0xff,
    0x50, 0xbf, 0xff, 0xff, 0x80, 0x9f, 0xff, 0xfa,
    0x0, 0xcf, 0xff, 0xf7, 0xc, 0xff, 0xff, 0xf9,
    0xb, 0xff, 0xff, 0x80, 0xa, 0xff, 0xff, 0x80,
    0xef, 0xff, 0xff, 0xb0, 0xcf, 0xff, 0xf7, 0x0,
    0x9f, 0xff, 0xf9, 0xf, 0xff, 0xff, 0xfc, 0xd,
    0xff, 0xff, 0x50, 0x7, 0xff, 0xff, 0xb1, 0xff,
    0xff, 0xff, 0xd0, 0xff, 0xff, 0xf3, 0x0, 0x5f,
    0xff, 0xfc, 0x2f, 0xff, 0xff, 0xff, 0xf, 0xff,
    0xff, 0x20, 0x4, 0xff, 0xff, 0xd3, 0xff, 0xff,
    0xff, 0xf2, 0xff, 0xff, 0xf0, 0x0, 0x2f, 0xff,
    0xff, 0x5f, 0xff, 0xff, 0xff, 0x4f, 0xff, 0xfe,
    0x0, 0x0, 0xff, 0xff, 0xf7, 0xff, 0xff, 0xff,
    0xf7, 0xff, 0xff, 0xc0, 0x0, 0xf, 0xff, 0xff,
    0xaf, 0xff, 0xcf, 0xff, 0xaf, 0xff, 0xfb, 0x0,
    0x0, 0xdf, 0xff, 0xfc, 0xff, 0xf9, 0xff, 0xfc,
    0xff, 0xff, 0x90, 0x0, 0xb, 0xff, 0xff, 0xff,
    0xff, 0x6f, 0xff, 0xff, 0xff, 0xf7, 0x0, 0x0,
    0xaf, 0xff, 0xff, 0xff, 0xf3, 0xff, 0xff, 0xff,
    0xff, 0x60, 0x0, 0x8, 0xff, 0xff, 0xff, 0xfe,
    0x1f, 0xff, 0xff, 0xff, 0xf4, 0x0, 0x0, 0x6f,
    0xff, 0xff, 0xff, 0xc0, 0xff, 0xff, 0xff, 0xff,
    0x20, 0x0, 0x5, 0xff, 0xff, 0xff, 0xfb, 0xe,
    0xff, 0xff, 0xff, 0xf0, 0x0, 0x0, 0x3f, 0xff,
    0xff, 0xff, 0x90, 0xcf, 0xff, 0xff, 0xff, 0x0,
    0x0, 0x1, 0xff, 0xff, 0xff, 0xf8, 0xb, 0xff,
    0xff, 0xff, 0xd0, 0x0, 0x0, 0xf, 0xff, 0xff,
    0xff, 0x60, 0x9f, 0xff, 0xff, 0xfb, 0x0, 0x0,
    0x0, 0xef, 0xff, 0xff, 0xf5, 0x7, 0xff, 0xff,
    0xff, 0xa0, 0x0, 0x0, 0xc, 0xff, 0xff, 0xff,
    0x30, 0x6f, 0xff, 0xff, 0xf8, 0x0, 0x0, 0x0,
    0xaf, 0xff, 0xff, 0xf2, 0x4, 0xff, 0xff, 0xff,
    0x60, 0x0,

    /* U+0058 "X" */
    0xe, 0xff, 0xff, 0x70, 0xf, 0xff, 0xff, 0x60,
    0xb, 0xff, 0xff, 0xa0, 0x1f, 0xff, 0xff, 0x30,
    0x8, 0xff, 0xff, 0xc0, 0x3f, 0xff, 0xff, 0x0,
    0x5, 0xff, 0xff, 0xe0, 0x5f, 0xff, 0xfd, 0x0,
    0x2, 0xff, 0xff, 0xf1, 0x8f, 0xff, 0xfa, 0x0,
    0x0, 0xff, 0xff, 0xf3, 0xaf, 0xff, 0xf8, 0x0,
    0x0, 0xdf, 0xff, 0xf5, 0xcf, 0xff, 0xf5, 0x0,
    0x0, 0xaf, 0xff, 0xf8, 0xef, 0xff, 0xf2, 0x0,
    0x0, 0x7f, 0xff, 0xfb, 0xff, 0xff, 0xf0, 0x0,
    0x0, 0x4f, 0xff, 0xff, 0xff, 0xff, 0xc0, 0x0,
    0x0, 0x1f, 0xff, 0xff, 0xff, 0xff, 0x90, 0x0,
    0x0, 0xe, 0xff, 0xff, 0xff, 0xff, 0x60, 0x0,
    0x0, 0xb, 0xff, 0xff, 0xff, 0xff, 0x40, 0x0,
    0x0, 0xb, 0xff, 0xff, 0xff, 0xff, 0x30, 0x0,
    0x0, 0xe, 0xff, 0xff, 0xff, 0xff, 0x60, 0x0,
    0x0, 0x1f, 0xff, 0xff, 0xff, 0xff, 0x90, 0x0,
    0x0, 0x4f, 0xff, 0xff, 0xff, 0xff, 0xc0, 0x0,
    0x0, 0x7f, 0xff, 0xfd, 0xff, 0xff, 0xf0, 0x0,
    0x0, 0xbf, 0xff, 0xf8, 0xff, 0xff, 0xf3, 0x0,
    0x0, 0xef, 0xff, 0xf6, 0xdf, 0xff, 0xf6, 0x0,
    0x1, 0xff, 0xff, 0xf3, 0xaf, 0xff, 0xf9, 0x0,
    0x4, 0xff, 0xff, 0xf0, 0x8f, 0xff, 0xfc, 0x0,
    0x7, 0xff, 0xff, 0xe0, 0x5f, 0xff, 0xff, 0x0,
    0xa, 0xff, 0xff, 0xb0, 0x3f, 0xff, 0xff, 0x20,
    0xe, 0xff, 0xff, 0x90, 0xf, 0xff, 0xff, 0x60,
    0x1f, 0xff, 0xff, 0x60, 0xe, 0xff, 0xff, 0x90,
    0x4f, 0xff, 0xff, 0x30, 0xb, 0xff, 0xff, 0xc0,
    0x7f, 0xff, 0xff, 0x10, 0x9, 0xff, 0xff, 0xf0,

    /* U+0059 "Y" */
    0xbf, 0xff, 0xfb, 0x0, 0x6f, 0xff, 0xff, 0x7,
    0xff, 0xff, 0xd0, 0x9, 0xff, 0xff, 0xc0, 0x4f,
    0xff, 0xff, 0x0, 0xbf, 0xff, 0xf8, 0x0, 0xff,
    0xff, 0xf2, 0xe, 0xff, 0xff, 0x40, 0xc, 0xff,
    0xff, 0x50, 0xff, 0xff, 0xf1, 0x0, 0x8f, 0xff,
    0xf7, 0x3f, 0xff, 0xfd, 0x0, 0x5, 0xff, 0xff,
    0xa6, 0xff, 0xff, 0x90, 0x0, 0x1f, 0xff, 0xfd,
    0x8f, 0xff, 0xf5, 0x0, 0x0, 0xdf, 0xff, 0xfb,
    0xff, 0xff, 0x20, 0x0, 0xa, 0xff, 0xff, 0xff,
    0xff, 0xe0, 0x0, 0x0, 0x6f, 0xff, 0xff, 0xff,
    0xfa, 0x0, 0x0, 0x2, 0xff, 0xff, 0xff, 0xff,
    0x60, 0x0, 0x0, 0xe, 0xff, 0xff, 0xff, 0xf3,
    0x0, 0x0, 0x0, 0xbf, 0xff, 0xff, 0xff, 0x0,
    0x0, 0x0, 0x7, 0xff, 0xff, 0xff, 0xb0, 0x0,
    0x0, 0x0, 0x3f, 0xff, 0xff, 0xf7, 0x0, 0x0,
    0x0, 0x0, 0xff, 0xff, 0xff, 0x40, 0x0, 0x0,
    0x0, 0xc, 0xff, 0xff, 0xf0, 0x0, 0x0, 0x0,
    0x0, 0x8f, 0xff, 0xfc, 0x0, 0x0, 0x0, 0x0,
    0x7, 0xff, 0xff, 0xb0, 0x0, 0x0, 0x0, 0x0,
    0x7f, 0xff, 0xfb, 0x0, 0x0, 0x0, 0x0, 0x7,
    0xff, 0xff, 0xb0, 0x0, 0x0, 0x0, 0x0, 0x7f,
    0xff, 0xfb, 0x0, 0x0, 0x0, 0x0, 0x7, 0xff,
    0xff, 0xb0, 0x0, 0x0, 0x0, 0x0, 0x7f, 0xff,
    0xfb, 0x0, 0x0, 0x0, 0x0, 0x7, 0xff, 0xff,
    0xb0, 0x0, 0x0, 0x0, 0x0, 0x7f, 0xff, 0xfb,
    0x0, 0x0, 0x0, 0x0, 0x7, 0xff, 0xff, 0xb0,
    0x0, 0x0,

    /* U+005A "Z" */
    0xe, 0xff, 0xff, 0xff, 0xff, 0xff, 0x90, 0xef,
    0xff, 0xff, 0xff, 0xff, 0xf9, 0xe, 0xff, 0xff,
    0xff, 0xff, 0xff, 0x90, 0xef, 0xff, 0xff, 0xff,
    0xff, 0xf9, 0xe, 0xff, 0xff, 0xff, 0xff, 0xff,
    0x90, 0x12, 0x22, 0x27, 0xff, 0xff, 0xf5, 0x0,
    0x0, 0x0, 0xbf, 0xff, 0xff, 0x0, 0x0, 0x0,
    0x1f, 0xff, 0xff, 0xa0, 0x0, 0x0, 0x6, 0xff,
    0xff, 0xf4, 0x0, 0x0, 0x0, 0xcf, 0xff, 0xfe,
    0x0, 0x0, 0x0, 0x1f, 0xff, 0xff, 0x90, 0x0,
    0x0, 0x7, 0xff, 0xff, 0xf3, 0x0, 0x0, 0x0,
    0xdf, 0xff, 0xfd, 0x0, 0x0, 0x0, 0x2f, 0xff,
    0xff, 0x80, 0x0, 0x0, 0x8, 0xff, 0xff, 0xf2,
    0x0, 0x0, 0x0, 0xdf, 0xff, 0xfc, 0x0, 0x0,
    0x0, 0x3f, 0xff, 0xff, 0x70, 0x0, 0x0, 0x9,
    0xff, 0xff, 0xf1, 0x0, 0x0, 0x0, 0xef, 0xff,
    0xfb, 0x0, 0x0, 0x0, 0x4f, 0xff, 0xff, 0x60,
    0x0, 0x0, 0xa, 0xff, 0xff, 0xf0, 0x0, 0x0,
    0x0, 0xff, 0xff, 0xfa, 0x0, 0x0, 0x0, 0x5f,
    0xff, 0xff, 0x62, 0x22, 0x22, 0x8, 0xff, 0xff,
    0xff, 0xff, 0xff, 0xf5, 0x8f, 0xff, 0xff, 0xff,
    0xff, 0xff, 0x58, 0xff, 0xff, 0xff, 0xff, 0xff,
    0xf5, 0x8f, 0xff, 0xff, 0xff, 0xff, 0xff, 0x58,
    0xff, 0xff, 0xff, 0xff, 0xff, 0xf5,

    /* U+005B "[" */
    0xf, 0xff, 0xff, 0xff, 0xfa, 0xf, 0xff, 0xff,
    0xff, 0xfa, 0xf, 0xff, 0xff, 0xff, 0xfa, 0xf,
    0xff, 0xff, 0xff, 0xfa, 0xf, 0xff, 0xff, 0xb7,
    0x74, 0xf, 0xff, 0xff, 0x70, 0x0, 0xf, 0xff,
    0xff, 0x70, 0x0, 0xf, 0xff, 0xff, 0x70, 0x0,
    0xf, 0xff, 0xff, 0x70, 0x0, 0xf, 0xff, 0xff,
    0x70, 0x0, 0xf, 0xff, 0xff, 0x70, 0x0, 0xf,
    0xff, 0xff, 0x70, 0x0, 0xf, 0xff, 0xff, 0x70,
    0x0, 0xf, 0xff, 0xff, 0x70, 0x0, 0xf, 0xff,
    0xff, 0x70, 0x0, 0xf, 0xff, 0xff, 0x70, 0x0,
    0xf, 0xff, 0xff, 0x70, 0x0, 0xf, 0xff, 0xff,
    0x70, 0x0, 0xf, 0xff, 0xff, 0x70, 0x0, 0xf,
    0xff, 0xff, 0x70, 0x0, 0xf, 0xff, 0xff, 0x70,
    0x0, 0xf, 0xff, 0xff, 0x70, 0x0, 0xf, 0xff,
    0xff, 0x70, 0x0, 0xf, 0xff, 0xff, 0x70, 0x0,
    0xf, 0xff, 0xff, 0x70, 0x0, 0xf, 0xff, 0xff,
    0x70, 0x0, 0xf, 0xff, 0xff, 0x70, 0x0, 0xf,
    0xff, 0xff, 0xb7, 0x74, 0xf, 0xff, 0xff, 0xff,
    0xfa, 0xf, 0xff, 0xff, 0xff, 0xfa, 0xf, 0xff,
    0xff, 0xff, 0xfa, 0xf, 0xff, 0xff, 0xff, 0xfa,

    /* U+005C "\\" */
    0x7f, 0xff, 0xff, 0x30, 0x0, 0x0, 0x3, 0xff,
    0xff, 0xf7, 0x0, 0x0, 0x0, 0xf, 0xff, 0xff,
    0xa0, 0x0, 0x0, 0x0, 0xcf, 0xff, 0xfe, 0x0,
    0x0, 0x0, 0x8, 0xff, 0xff, 0xf2, 0x0, 0x0,
    0x0, 0x5f, 0xff, 0xff, 0x50, 0x0, 0x0, 0x1,
    0xff, 0xff, 0xf9, 0x0, 0x0, 0x0, 0xd, 0xff,
    0xff, 0xd0, 0x0, 0x0, 0x0, 0xaf, 0xff, 0xff,
    0x0, 0x0, 0x0, 0x6, 0xff, 0xff, 0xf4, 0x0,
    0x0, 0x0, 0x2f, 0xff, 0xff, 0x80, 0x0, 0x0,
    0x0, 0xef, 0xff, 0xfb, 0x0, 0x0, 0x0, 0xb,
    0xff, 0xff, 0xf0, 0x0, 0x0, 0x0, 0x7f, 0xff,
    0xff, 0x30, 0x0, 0x0, 0x4, 0xff, 0xff, 0xf6,
    0x0, 0x0, 0x0, 0xf, 0xff, 0xff, 0xa0, 0x0,
    0x0, 0x0, 0xcf, 0xff, 0xfe, 0x0, 0x0, 0x0,
    0x9, 0xff, 0xff, 0xf1, 0x0, 0x0, 0x0, 0x5f,
    0xff, 0xff, 0x50, 0x0, 0x0, 0x1, 0xff, 0xff,
    0xf9, 0x0, 0x0, 0x0, 0xe, 0xff, 0xff, 0xc0,
    0x0, 0x0, 0x0, 0xaf, 0xff, 0xff, 0x0, 0x0,
    0x0, 0x6, 0xff, 0xff, 0xf4, 0x0, 0x0, 0x0,
    0x3f, 0xff, 0xff, 0x70, 0x0, 0x0, 0x0, 0xff,
    0xff, 0xfb, 0x0, 0x0, 0x0, 0xb, 0xff, 0xff,
    0xe0, 0x0, 0x0, 0x0, 0x8f, 0xff, 0xff, 0x20,
    0x0, 0x0, 0x4, 0xff, 0xff, 0xf6,

    /* U+005D "]" */
    0x7f, 0xff, 0xff, 0xff, 0xf3, 0x7f, 0xff, 0xff,
    0xff, 0xf3, 0x7f, 0xff, 0xff, 0xff, 0xf3, 0x7f,
    0xff, 0xff, 0xff, 0xf3, 0x37, 0x79, 0xff, 0xff,
    0xf3, 0x0, 0x4, 0xff, 0xff, 0xf3, 0x0, 0x4,
    0xff, 0xff, 0xf3, 0x0, 0x4, 0xff, 0xff, 0xf3,
    0x0, 0x4, 0xff, 0xff, 0xf3, 0x0, 0x4, 0xff,
    0xff, 0xf3, 0x0, 0x4, 0xff, 0xff, 0xf3, 0x0,
    0x4, 0xff, 0xff, 0xf3, 0x0, 0x4, 0xff, 0xff,
    0xf3, 0x0, 0x4, 0xff, 0xff, 0xf3, 0x0, 0x4,
    0xff, 0xff, 0xf3, 0x0, 0x4, 0xff, 0xff, 0xf3,
    0x0, 0x4, 0xff, 0xff, 0xf3, 0x0, 0x4, 0xff,
    0xff, 0xf3, 0x0, 0x4, 0xff, 0xff, 0xf3, 0x0,
    0x4, 0xff, 0xff, 0xf3, 0x0, 0x4, 0xff, 0xff,
    0xf3, 0x0, 0x4, 0xff, 0xff, 0xf3, 0x0, 0x4,
    0xff, 0xff, 0xf3, 0x0, 0x4, 0xff, 0xff, 0xf3,
    0x0, 0x4, 0xff, 0xff, 0xf3, 0x0, 0x4, 0xff,
    0xff, 0xf3, 0x0, 0x4, 0xff, 0xff, 0xf3, 0x37,
    0x79, 0xff, 0xff, 0xf3, 0x7f, 0xff, 0xff, 0xff,
    0xf3, 0x7f, 0xff, 0xff, 0xff, 0xf3, 0x7f, 0xff,
    0xff, 0xff, 0xf3, 0x7f, 0xff, 0xff, 0xff, 0xf3,

    /* U+005E "^" */
    0x0, 0x0, 0x69, 0x99, 0x99, 0x80, 0x0, 0x0,
    0x0, 0xe, 0xff, 0xff, 0xff, 0x10, 0x0, 0x0,
    0x2, 0xff, 0xff, 0xff, 0xf4, 0x0, 0x0, 0x0,
    0x6f, 0xff, 0xff, 0xff, 0x90, 0x0, 0x0, 0xa,
    0xff, 0xff, 0xff, 0xfd, 0x0, 0x0, 0x0, 0xef,
    0xff, 0xff, 0xff, 0xf1, 0x0, 0x0, 0x3f, 0xff,
    0xfb, 0xff, 0xff, 0x50, 0x0, 0x7, 0xff, 0xff,
    0x7f, 0xff, 0xf9, 0x0, 0x0, 0xbf, 0xff, 0xf2,
    0xff, 0xff, 0xd0, 0x0, 0xf, 0xff, 0xff, 0xd,
    0xff, 0xff, 0x10, 0x3, 0xff, 0xff, 0xe0, 0xbf,
    0xff, 0xf5, 0x0, 0x7f, 0xff, 0xfb, 0x9, 0xff,
    0xff, 0xa0, 0xb, 0xff, 0xff, 0x90, 0x7f, 0xff,
    0xfe, 0x0, 0xff, 0xff, 0xf7, 0x4, 0xff, 0xff,
    0xf2, 0x3f, 0xff, 0xff, 0x40, 0x2f, 0xff, 0xff,
    0x60,

    /* U+005F "_" */
    0x2a, 0xaa, 0xaa, 0xaa, 0xaa, 0xa4, 0xff, 0xff,
    0xff, 0xff, 0xff, 0x4f, 0xff, 0xff, 0xff, 0xff,
    0xf4, 0xff, 0xff, 0xff, 0xff, 0xff,

    /* U+0060 "`" */
    0x4, 0x0, 0x0, 0x0, 0x0, 0xfd, 0x60, 0x0,
    0x0, 0xf, 0xff, 0xe7, 0x0, 0x0, 0xff, 0xff,
    0xfe, 0x81, 0xf, 0xff, 0xff, 0xff, 0x60, 0xff,
    0xff, 0xff, 0xf6, 0x0, 0x37, 0xad, 0xff, 0x60,
    0x0, 0x0, 0x0, 0x32,

    /* U+0061 "a" */
    0x0, 0x2, 0x8c, 0xef, 0xfd, 0x82, 0x0, 0x0,
    0x5, 0xff, 0xff, 0xff, 0xff, 0xf7, 0x0, 0x2,
    0xff, 0xff, 0xff, 0xff, 0xff, 0xf6, 0x0, 0x9f,
    0xff, 0xff, 0xff, 0xff, 0xff, 0xe0, 0xd, 0xff,
    0xff, 0xd5, 0xcf, 0xff, 0xff, 0x40, 0xff, 0xff,
    0xf7, 0x4, 0xff, 0xff, 0xf6, 0xf, 0xff, 0xff,
    0x70, 0x3f, 0xff, 0xff, 0x70, 0x33, 0x33, 0x31,
    0x3, 0xff, 0xff, 0xf7, 0x0, 0x0, 0x0, 0x0,
    0x6f, 0xff, 0xff, 0x70, 0x0, 0x0, 0x49, 0xef,
    0xff, 0xff, 0xf7, 0x0, 0x5, 0xdf, 0xff, 0xff,
    0xff, 0xff, 0x70, 0xa, 0xff, 0xff, 0xe9, 0xff,
    0xff, 0xf7, 0x7, 0xff, 0xff, 0xe1, 0x3f, 0xff,
    0xff, 0x70, 0xef, 0xff, 0xf8, 0x3, 0xff, 0xff,
    0xf7, 0x2f, 0xff, 0xff, 0x50, 0x3f, 0xff, 0xff,
    0x74, 0xff, 0xff, 0xf5, 0x3, 0xff, 0xff, 0xf7,
    0x5f, 0xff, 0xff, 0x50, 0x3f, 0xff, 0xff, 0x75,
    0xff, 0xff, 0xf5, 0x3, 0xff, 0xff, 0xf7, 0x4f,
    0xff, 0xff, 0x70, 0x5f, 0xff, 0xff, 0x72, 0xff,
    0xff, 0xfe, 0x7d, 0xff, 0xff, 0xf7, 0xf, 0xff,
    0xff, 0xff, 0xff, 0xff, 0xff, 0x70, 0xaf, 0xff,
    0xff, 0xfc, 0xff, 0xff, 0xf7, 0x2, 0xef, 0xff,
    0xff, 0x4f, 0xff, 0xff, 0x70, 0x2, 0xae, 0xfc,
    0x32, 0xff, 0xff, 0xf7,

    /* U+0062 "b" */
    0xdf, 0xff, 0xfe, 0x0, 0x0, 0x0, 0x0, 0xd,
    0xff, 0xff, 0xe0, 0x0, 0x0, 0x0, 0x0, 0xdf,
    0xff, 0xfe, 0x0, 0x0, 0x0, 0x0, 0xd, 0xff,
    0xff, 0xe0, 0x0, 0x0, 0x0, 0x0, 0xdf, 0xff,
    0xfe, 0x5, 0xcf, 0xfb, 0x20, 0xd, 0xff, 0xff,
    0xe5, 0xff, 0xff, 0xfe, 0x10, 0xdf, 0xff, 0xfe,
    0xef, 0xff, 0xff, 0xf8, 0xd, 0xff, 0xff, 0xff,
    0xff, 0xff, 0xff, 0xd0, 0xdf, 0xff, 0xff, 0xb8,
    0xff, 0xff, 0xff, 0xd, 0xff, 0xff, 0xf1, 0xb,
    0xff, 0xff, 0xf1, 0xdf, 0xff, 0xfe, 0x0, 0x9f,
    0xff, 0xff, 0x1d, 0xff, 0xff, 0xe0, 0x9, 0xff,
    0xff, 0xf1, 0xdf, 0xff, 0xfe, 0x0, 0x9f, 0xff,
    0xff, 0x1d, 0xff, 0xff, 0xe0, 0x9, 0xff, 0xff,
    0xf1, 0xdf, 0xff, 0xfe, 0x0, 0x9f, 0xff, 0xff,
    0x1d, 0xff, 0xff, 0xe0, 0x9, 0xff, 0xff, 0xf1,
    0xdf, 0xff, 0xfe, 0x0, 0x9f, 0xff, 0xff, 0x1d,
    0xff, 0xff, 0xe0, 0x9, 0xff, 0xff, 0xf1, 0xdf,
    0xff, 0xfe, 0x0, 0x9f, 0xff, 0xff, 0x1d, 0xff,
    0xff, 0xe0, 0x9, 0xff, 0xff, 0xf1, 0xdf, 0xff,
    0xfe, 0x0, 0x9f, 0xff, 0xff, 0x1d, 0xff, 0xff,
    0xe0, 0x9, 0xff, 0xff, 0xf1, 0xdf, 0xff, 0xff,
    0x0, 0xaf, 0xff, 0xff, 0xd, 0xff, 0xff, 0xf8,
    0x4f, 0xff, 0xff, 0xe0, 0xdf, 0xff, 0xff, 0xff,
    0xff, 0xff, 0xfb, 0xd, 0xff, 0xff, 0xff, 0xff,
    0xff, 0xff, 0x40, 0xdf, 0xff, 0xfe, 0x8f, 0xff,
    0xff, 0xa0, 0xd, 0xff, 0xff, 0xe0, 0x7d, 0xfd,
    0x70, 0x0,

    /* U+0063 "c" */
    0x0, 0x0, 0x6b, 0xef, 0xfd, 0xa4, 0x0, 0x0,
    0x0, 0xcf, 0xff, 0xff, 0xff, 0xfb, 0x10, 0x0,
    0xbf, 0xff, 0xff, 0xff, 0xff, 0xfc, 0x0, 0x3f,
    0xff, 0xff, 0xff, 0xff, 0xff, 0xf5, 0x9, 0xff,
    0xff, 0xf8, 0x9f, 0xff, 0xff, 0xb0, 0xcf, 0xff,
    0xfa, 0x0, 0xff, 0xff, 0xfd, 0xe, 0xff, 0xff,
    0x90, 0xd, 0xff, 0xff, 0xe0, 0xff, 0xff, 0xf9,
    0x0, 0xdf, 0xff, 0xfe, 0xf, 0xff, 0xff, 0x90,
    0xd, 0xff, 0xff, 0xe1, 0xff, 0xff, 0xf9, 0x0,
    0x79, 0x99, 0x98, 0x1f, 0xff, 0xff, 0x90, 0x0,
    0x0, 0x0, 0x1, 0xff, 0xff, 0xf9, 0x0, 0x0,
    0x0, 0x0, 0x1f, 0xff, 0xff, 0x90, 0x0, 0x0,
    0x0, 0x1, 0xff, 0xff, 0xf9, 0x0, 0x34, 0x44,
    0x44, 0x1f, 0xff, 0xff, 0x90, 0xc, 0xff, 0xff,
    0xe1, 0xff, 0xff, 0xf9, 0x0, 0xcf, 0xff, 0xfe,
    0xf, 0xff, 0xff, 0x90, 0xc, 0xff, 0xff, 0xe0,
    0xff, 0xff, 0xf9, 0x0, 0xcf, 0xff, 0xfe, 0xd,
    0xff, 0xff, 0xb0, 0xe, 0xff, 0xff, 0xc0, 0xaf,
    0xff, 0xff, 0x8a, 0xff, 0xff, 0xfa, 0x4, 0xff,
    0xff, 0xff, 0xff, 0xff, 0xff, 0x40, 0xb, 0xff,
    0xff, 0xff, 0xff, 0xff, 0xb0, 0x0, 0x1c, 0xff,
    0xff, 0xff, 0xff, 0xb0, 0x0, 0x0, 0x5, 0xae,
    0xff, 0xda, 0x40, 0x0,

    /* U+0064 "d" */
    0x0, 0x0, 0x0, 0x0, 0xc, 0xff, 0xff, 0xe0,
    0x0, 0x0, 0x0, 0x0, 0xcf, 0xff, 0xfe, 0x0,
    0x0, 0x0, 0x0, 0xc, 0xff, 0xff, 0xe0, 0x0,
    0x0, 0x0, 0x0, 0xcf, 0xff, 0xfe, 0x0, 0x1a,
    0xef, 0xd6, 0xc, 0xff, 0xff, 0xe0, 0xd, 0xff,
    0xff, 0xf7, 0xcf, 0xff, 0xfe, 0x7, 0xff, 0xff,
    0xff, 0xfe, 0xff, 0xff, 0xe0, 0xcf, 0xff, 0xff,
    0xff, 0xff, 0xff, 0xfe, 0xe, 0xff, 0xff, 0xf7,
    0x9f, 0xff, 0xff, 0xe0, 0xff, 0xff, 0xfb, 0x0,
    0xff, 0xff, 0xfe, 0xf, 0xff, 0xff, 0x90, 0xd,
    0xff, 0xff, 0xe0, 0xff, 0xff, 0xf8, 0x0, 0xcf,
    0xff, 0xfe, 0xf, 0xff, 0xff, 0x80, 0xc, 0xff,
    0xff, 0xe0, 0xff, 0xff, 0xf8, 0x0, 0xcf, 0xff,
    0xfe, 0xf, 0xff, 0xff, 0x80, 0xc, 0xff, 0xff,
    0xe0, 0xff, 0xff, 0xf8, 0x0, 0xcf, 0xff, 0xfe,
    0xf, 0xff, 0xff, 0x80, 0xc, 0xff, 0xff, 0xe0,
    0xff, 0xff, 0xf8, 0x0, 0xcf, 0xff, 0xfe, 0xf,
    0xff, 0xff, 0x80, 0xc, 0xff, 0xff, 0xe0, 0xff,
    0xff, 0xf8, 0x0, 0xcf, 0xff, 0xfe, 0xf, 0xff,
    0xff, 0x80, 0xc, 0xff, 0xff, 0xe0, 0xff, 0xff,
    0xf9, 0x0, 0xdf, 0xff, 0xfe, 0xe, 0xff, 0xff,
    0xc0, 0xf, 0xff, 0xff, 0xe0, 0xdf, 0xff, 0xff,
    0x9a, 0xff, 0xff, 0xfe, 0xa, 0xff, 0xff, 0xff,
    0xff, 0xff, 0xff, 0xe0, 0x5f, 0xff, 0xff, 0xff,
    0xef, 0xff, 0xfe, 0x0, 0xcf, 0xff, 0xff, 0x9c,
    0xff, 0xff, 0xe0, 0x0, 0x8d, 0xfe, 0x80, 0xcf,
    0xff, 0xfe,

    /* U+0065 "e" */
    0x0, 0x0, 0x5a, 0xef, 0xfe, 0xb5, 0x0, 0x0,
    0x1, 0xcf, 0xff, 0xff, 0xff, 0xfc, 0x10, 0x0,
    0xdf, 0xff, 0xff, 0xff, 0xff, 0xfb, 0x0, 0x7f,
    0xff, 0xff, 0xff, 0xff, 0xff, 0xf3, 0xc, 0xff,
    0xff, 0xe5, 0x7f, 0xff, 0xff, 0x80, 0xff, 0xff,
    0xf9, 0x0, 0xef, 0xff, 0xfa, 0xf, 0xff, 0xff,
    0x80, 0xd, 0xff, 0xff, 0xb1, 0xff, 0xff, 0xf8,
    0x0, 0xdf, 0xff, 0xfb, 0x1f, 0xff, 0xff, 0x80,
    0xd, 0xff, 0xff, 0xb1, 0xff, 0xff, 0xfe, 0xdd,
    0xff, 0xff, 0xfb, 0x1f, 0xff, 0xff, 0xff, 0xff,
    0xff, 0xff, 0xb1, 0xff, 0xff, 0xff, 0xff, 0xff,
    0xff, 0xfa, 0x1f, 0xff, 0xff, 0x80, 0x0, 0x0,
    0x0, 0x1, 0xff, 0xff, 0xf8, 0x0, 0x0, 0x0,
    0x0, 0x1f, 0xff, 0xff, 0x80, 0x9, 0xbb, 0xbb,
    0x81, 0xff, 0xff, 0xf8, 0x0, 0xdf, 0xff, 0xfb,
    0xf, 0xff, 0xff, 0x80, 0xd, 0xff, 0xff, 0xa0,
    0xff, 0xff, 0xf9, 0x0, 0xef, 0xff, 0xf9, 0xd,
    0xff, 0xff, 0xb0, 0xf, 0xff, 0xff, 0x70, 0xaf,
    0xff, 0xff, 0x7a, 0xff, 0xff, 0xf3, 0x5, 0xff,
    0xff, 0xff, 0xff, 0xff, 0xfe, 0x0, 0xc, 0xff,
    0xff, 0xff, 0xff, 0xff, 0x60, 0x0, 0x1d, 0xff,
    0xff, 0xff, 0xff, 0x80, 0x0, 0x0, 0x7, 0xce,
    0xff, 0xda, 0x40, 0x0,

    /* U+0066 "f" */
    0x0, 0x19, 0xef, 0xec, 0x20, 0xc, 0xff, 0xff,
    0xf4, 0x3, 0xff, 0xff, 0xff, 0x40, 0x5f, 0xff,
    0xff, 0xb2, 0x5, 0xff, 0xff, 0xf1, 0x6, 0xff,
    0xff, 0xff, 0xf4, 0x6f, 0xff, 0xff, 0xff, 0x46,
    0xff, 0xff, 0xff, 0xf4, 0x6f, 0xff, 0xff, 0xff,
    0x41, 0x9f, 0xff, 0xff, 0x71, 0x5, 0xff, 0xff,
    0xf3, 0x0, 0x5f, 0xff, 0xff, 0x30, 0x5, 0xff,
    0xff, 0xf3, 0x0, 0x5f, 0xff, 0xff, 0x30, 0x5,
    0xff, 0xff, 0xf3, 0x0, 0x5f, 0xff, 0xff, 0x30,
    0x5, 0xff, 0xff, 0xf3, 0x0, 0x5f, 0xff, 0xff,
    0x30, 0x5, 0xff, 0xff, 0xf3, 0x0, 0x5f, 0xff,
    0xff, 0x30, 0x5, 0xff, 0xff, 0xf3, 0x0, 0x5f,
    0xff, 0xff, 0x30, 0x5, 0xff, 0xff, 0xf3, 0x0,
    0x5f, 0xff, 0xff, 0x30, 0x5, 0xff, 0xff, 0xf3,
    0x0, 0x5f, 0xff, 0xff, 0x30, 0x5, 0xff, 0xff,
    0xf3, 0x0, 0x5f, 0xff, 0xff, 0x30,

    /* U+0067 "g" */
    0x0, 0x7, 0xdf, 0xe9, 0x1a, 0xff, 0xff, 0xf1,
    0x0, 0xaf, 0xff, 0xff, 0xca, 0xff, 0xff, 0xf1,
    0x3, 0xff, 0xff, 0xff, 0xfd, 0xff, 0xff, 0xf1,
    0x8, 0xff, 0xff, 0xff, 0xff, 0xff, 0xff, 0xf1,
    0xb, 0xff, 0xff, 0xf7, 0x9f, 0xff, 0xff, 0xf1,
    0xd, 0xff, 0xff, 0xe0, 0xd, 0xff, 0xff, 0xf1,
    0xe, 0xff, 0xff, 0xc0, 0xa, 0xff, 0xff, 0xf1,
    0xe, 0xff, 0xff, 0xc0, 0xa, 0xff, 0xff, 0xf1,
    0xe, 0xff, 0xff, 0xc0, 0xa, 0xff, 0xff, 0xf1,
    0xe, 0xff, 0xff, 0xc0, 0xa, 0xff, 0xff, 0xf1,
    0xe, 0xff, 0xff, 0xc0, 0xa, 0xff, 0xff, 0xf1,
    0xe, 0xff, 0xff, 0xc0, 0xa, 0xff, 0xff, 0xf1,
    0xe, 0xff, 0xff, 0xc0, 0xa, 0xff, 0xff, 0xf1,
    0xe, 0xff, 0xff, 0xc0, 0xa, 0xff, 0xff, 0xf1,
    0xe, 0xff, 0xff, 0xc0, 0xa, 0xff, 0xff, 0xf1,
    0xd, 0xff, 0xff, 0xe0, 0xc, 0xff, 0xff, 0xf1,
    0xc, 0xff, 0xff, 0xf8, 0x7f, 0xff, 0xff, 0xf1,
    0x8, 0xff, 0xff, 0xff, 0xff, 0xff, 0xff, 0xf1,
    0x2, 0xff, 0xff, 0xff, 0xff, 0xff, 0xff, 0xf1,
    0x0, 0x8f, 0xff, 0xff, 0xda, 0xff, 0xff, 0xf1,
    0x0, 0x6, 0xdf, 0xea, 0x2a, 0xff, 0xff, 0xf0,
    0x0, 0x0, 0x0, 0x0, 0xb, 0xff, 0xff, 0xf0,
    0x0, 0x0, 0x0, 0x0, 0xe, 0xff, 0xff, 0xe0,
    0x0, 0xcc, 0x51, 0x2, 0xbf, 0xff, 0xff, 0xb0,
    0x6, 0xff, 0xff, 0xff, 0xff, 0xff, 0xff, 0x50,
    0xe, 0xff, 0xff, 0xff, 0xff, 0xff, 0xfc, 0x0,
    0x9, 0xff, 0xff, 0xff, 0xff, 0xff, 0xc1, 0x0,
    0x0, 0x38, 0xce, 0xff, 0xfd, 0xa4, 0x0, 0x0,

    /* U+0068 "h" */
    0xef, 0xff, 0xfe, 0x0, 0x0, 0x0, 0x0, 0xe,
    0xff, 0xff, 0xe0, 0x0, 0x0, 0x0, 0x0, 0xef,
    0xff, 0xfe, 0x0, 0x0, 0x0, 0x0, 0xe, 0xff,
    0xff, 0xe0, 0x0, 0x0, 0x0, 0x0, 0xef, 0xff,
    0xfe, 0x7, 0xdf, 0xe9, 0x10, 0xe, 0xff, 0xff,
    0xe8, 0xff, 0xff, 0xfd, 0x0, 0xef, 0xff, 0xff,
    0xff, 0xff, 0xff, 0xf8, 0xe, 0xff, 0xff, 0xff,
    0xff, 0xff, 0xff, 0xd0, 0xef, 0xff, 0xff, 0x96,
    0xff, 0xff, 0xff, 0xe, 0xff, 0xff, 0xf0, 0xa,
    0xff, 0xff, 0xf1, 0xef, 0xff, 0xfe, 0x0, 0x8f,
    0xff, 0xff, 0x1e, 0xff, 0xff, 0xe0, 0x8, 0xff,
    0xff, 0xf1, 0xef, 0xff, 0xfe, 0x0, 0x8f, 0xff,
    0xff, 0x1e, 0xff, 0xff, 0xe0, 0x8, 0xff, 0xff,
    0xf1, 0xef, 0xff, 0xfe, 0x0, 0x8f, 0xff, 0xff,
    0x1e, 0xff, 0xff, 0xe0, 0x8, 0xff, 0xff, 0xf1,
    0xef, 0xff, 0xfe, 0x0, 0x8f, 0xff, 0xff, 0x1e,
    0xff, 0xff, 0xe0, 0x8, 0xff, 0xff, 0xf1, 0xef,
    0xff, 0xfe, 0x0, 0x8f, 0xff, 0xff, 0x1e, 0xff,
    0xff, 0xe0, 0x8, 0xff, 0xff, 0xf1, 0xef, 0xff,
    0xfe, 0x0, 0x8f, 0xff, 0xff, 0x1e, 0xff, 0xff,
    0xe0, 0x8, 0xff, 0xff, 0xf1, 0xef, 0xff, 0xfe,
    0x0, 0x8f, 0xff, 0xff, 0x1e, 0xff, 0xff, 0xe0,
    0x8, 0xff, 0xff, 0xf1, 0xef, 0xff, 0xfe, 0x0,
    0x8f, 0xff, 0xff, 0x1e, 0xff, 0xff, 0xe0, 0x8,
    0xff, 0xff, 0xf1, 0xef, 0xff, 0xfe, 0x0, 0x8f,
    0xff, 0xff, 0x1e, 0xff, 0xff, 0xe0, 0x8, 0xff,
    0xff, 0xf1,

    /* U+0069 "i" */
    0xef, 0xff, 0xfb, 0xef, 0xff, 0xfb, 0xef, 0xff,
    0xfb, 0xef, 0xff, 0xfb, 0xab, 0xbb, 0xb7, 0x0,
    0x0, 0x0, 0xef, 0xff, 0xfb, 0xef, 0xff, 0xfb,
    0xef, 0xff, 0xfb, 0xef, 0xff, 0xfb, 0xef, 0xff,
    0xfb, 0xef, 0xff, 0xfb, 0xef, 0xff, 0xfb, 0xef,
    0xff, 0xfb, 0xef, 0xff, 0xfb, 0xef, 0xff, 0xfb,
    0xef, 0xff, 0xfb, 0xef, 0xff, 0xfb, 0xef, 0xff,
    0xfb, 0xef, 0xff, 0xfb, 0xef, 0xff, 0xfb, 0xef,
    0xff, 0xfb, 0xef, 0xff, 0xfb, 0xef, 0xff, 0xfb,
    0xef, 0xff, 0xfb, 0xef, 0xff, 0xfb, 0xef, 0xff,
    0xfb, 0xef, 0xff, 0xfb, 0xef, 0xff, 0xfb, 0xef,
    0xff, 0xfb,

    /* U+006A "j" */
    0x4, 0xff, 0xff, 0xf5, 0x4, 0xff, 0xff, 0xf5,
    0x4, 0xff, 0xff, 0xf5, 0x4, 0xff, 0xff, 0xf5,
    0x3, 0xbb, 0xbb, 0xb3, 0x0, 0x0, 0x0, 0x0,
    0x4, 0xff, 0xff, 0xf5, 0x4, 0xff, 0xff, 0xf5,
    0x4, 0xff, 0xff, 0xf5, 0x4, 0xff, 0xff, 0xf5,
    0x4, 0xff, 0xff, 0xf5, 0x4, 0xff, 0xff, 0xf5,
    0x4, 0xff, 0xff, 0xf5, 0x4, 0xff, 0xff, 0xf5,
    0x4, 0xff, 0xff, 0xf5, 0x4, 0xff, 0xff, 0xf5,
    0x4, 0xff, 0xff, 0xf5, 0x4, 0xff, 0xff, 0xf5,
    0x4, 0xff, 0xff, 0xf5, 0x4, 0xff, 0xff, 0xf5,
    0x4, 0xff, 0xff, 0xf5, 0x4, 0xff, 0xff, 0xf5,
    0x4, 0xff, 0xff, 0xf5, 0x4, 0xff, 0xff, 0xf5,
    0x4, 0xff, 0xff, 0xf5, 0x4, 0xff, 0xff, 0xf5,
    0x4, 0xff, 0xff, 0xf5, 0x4, 0xff, 0xff, 0xf5,
    0x4, 0xff, 0xff, 0xf4, 0x17, 0xff, 0xff, 0xf4,
    0x7f, 0xff, 0xff, 0xf1, 0x7f, 0xff, 0xff, 0xd0,
    0x7f, 0xff, 0xff, 0x50, 0x5e, 0xff, 0xc5, 0x0,

    /* U+006B "k" */
    0xef, 0xff, 0xfa, 0x0, 0x0, 0x0, 0x0, 0x0,
    0xef, 0xff, 0xfa, 0x0, 0x0, 0x0, 0x0, 0x0,
    0xef, 0xff, 0xfa, 0x0, 0x0, 0x0, 0x0, 0x0,
    0xef, 0xff, 0xfa, 0x0, 0x0, 0x0, 0x0, 0x0,
    0xef, 0xff, 0xfa, 0x0, 0xdf, 0xff, 0xff, 0x0,
    0xef, 0xff, 0xfa, 0x2, 0xff, 0xff, 0xfa, 0x0,
    0xef, 0xff, 0xfa, 0x7, 0xff, 0xff, 0xf4, 0x0,
    0xef, 0xff, 0xfa, 0xc, 0xff, 0xff, 0xe0, 0x0,
    0xef, 0xff, 0xfa, 0x1f, 0xff, 0xff, 0x90, 0x0,
    0xef, 0xff, 0xfa, 0x7f, 0xff, 0xff, 0x40, 0x0,
    0xef, 0xff, 0xfa, 0xcf, 0xff, 0xfe, 0x0, 0x0,
    0xef, 0xff, 0xfc, 0xff, 0xff, 0xf9, 0x0, 0x0,
    0xef, 0xff, 0xff, 0xff, 0xff, 0xf4, 0x0, 0x0,
    0xef, 0xff, 0xff, 0xff, 0xff, 0xe0, 0x0, 0x0,
    0xef, 0xff, 0xff, 0xff, 0xff, 0xb0, 0x0, 0x0,
    0xef, 0xff, 0xff, 0xff, 0xff, 0xf0, 0x0, 0x0,
    0xef, 0xff, 0xff, 0xff, 0xff, 0xf4, 0x0, 0x0,
    0xef, 0xff, 0xfc, 0xff, 0xff, 0xfa, 0x0, 0x0,
    0xef, 0xff, 0xfa, 0xcf, 0xff, 0xff, 0x0, 0x0,
    0xef, 0xff, 0xfa, 0x7f, 0xff, 0xff, 0x40, 0x0,
    0xef, 0xff, 0xfa, 0x2f, 0xff, 0xff, 0x90, 0x0,
    0xef, 0xff, 0xfa, 0xd, 0xff, 0xff, 0xe0, 0x0,
    0xef, 0xff, 0xfa, 0x8, 0xff, 0xff, 0xf4, 0x0,
    0xef, 0xff, 0xfa, 0x3, 0xff, 0xff, 0xf9, 0x0,
    0xef, 0xff, 0xfa, 0x0, 0xef, 0xff, 0xfe, 0x0,
    0xef, 0xff, 0xfa, 0x0, 0xaf, 0xff, 0xff, 0x40,
    0xef, 0xff, 0xfa, 0x0, 0x5f, 0xff, 0xff, 0x90,
    0xef, 0xff, 0xfa, 0x0, 0xf, 0xff, 0xff, 0xe0,

    /* U+006C "l" */
    0xef, 0xff, 0xfd, 0xef, 0xff, 0xfd, 0xef, 0xff,
    0xfd, 0xef, 0xff, 0xfd, 0xef, 0xff, 0xfd, 0xef,
    0xff, 0xfd, 0xef, 0xff, 0xfd, 0xef, 0xff, 0xfd,
    0xef, 0xff, 0xfd, 0xef, 0xff, 0xfd, 0xef, 0xff,
    0xfd, 0xef, 0xff, 0xfd, 0xef, 0xff, 0xfd, 0xef,
    0xff, 0xfd, 0xef, 0xff, 0xfd, 0xef, 0xff, 0xfd,
    0xef, 0xff, 0xfd, 0xef, 0xff, 0xfd, 0xef, 0xff,
    0xfd, 0xef, 0xff, 0xfd, 0xef, 0xff, 0xfd, 0xef,
    0xff, 0xfd, 0xef, 0xff, 0xfd, 0xef, 0xff, 0xfd,
    0xef, 0xff, 0xfd, 0xef, 0xff, 0xfd, 0xef, 0xff,
    0xfd, 0xef, 0xff, 0xfd,

    /* U+006D "m" */
    0xef, 0xff, 0xf9, 0x8, 0xdf, 0xe8, 0x0, 0x2b,
    0xef, 0xd8, 0x10, 0xe, 0xff, 0xff, 0x9b, 0xff,
    0xff, 0xfc, 0x2f, 0xff, 0xff, 0xfd, 0x0, 0xef,
    0xff, 0xfd, 0xff, 0xff, 0xff, 0xff, 0xff, 0xff,
    0xff, 0xf7, 0xe, 0xff, 0xff, 0xff, 0xff, 0xff,
    0xff, 0xff, 0xff, 0xff, 0xff, 0xd0, 0xef, 0xff,
    0xff, 0x95, 0xff, 0xff, 0xff, 0xb5, 0xef, 0xff,
    0xff, 0xe, 0xff, 0xff, 0xf0, 0xc, 0xff, 0xff,
    0xf2, 0x7, 0xff, 0xff, 0xf2, 0xef, 0xff, 0xfc,
    0x0, 0xaf, 0xff, 0xff, 0x0, 0x6f, 0xff, 0xff,
    0x3e, 0xff, 0xff, 0xb0, 0xa, 0xff, 0xff, 0xf0,
    0x6, 0xff, 0xff, 0xf3, 0xef, 0xff, 0xfb, 0x0,
    0xaf, 0xff, 0xff, 0x0, 0x6f, 0xff, 0xff, 0x3e,
    0xff, 0xff, 0xb0, 0xa, 0xff, 0xff, 0xf0, 0x6,
    0xff, 0xff, 0xf3, 0xef, 0xff, 0xfb, 0x0, 0xaf,
    0xff, 0xff, 0x0, 0x6f, 0xff, 0xff, 0x3e, 0xff,
    0xff, 0xb0, 0xa, 0xff, 0xff, 0xf0, 0x6, 0xff,
    0xff, 0xf3, 0xef, 0xff, 0xfb, 0x0, 0xaf, 0xff,
    0xff, 0x0, 0x6f, 0xff, 0xff, 0x3e, 0xff, 0xff,
    0xb0, 0xa, 0xff, 0xff, 0xf0, 0x6, 0xff, 0xff,
    0xf3, 0xef, 0xff, 0xfb, 0x0, 0xaf, 0xff, 0xff,
    0x0, 0x6f, 0xff, 0xff, 0x3e, 0xff, 0xff, 0xb0,
    0xa, 0xff, 0xff, 0xf0, 0x6, 0xff, 0xff, 0xf3,
    0xef, 0xff, 0xfb, 0x0, 0xaf, 0xff, 0xff, 0x0,
    0x6f, 0xff, 0xff, 0x3e, 0xff, 0xff, 0xb0, 0xa,
    0xff, 0xff, 0xf0, 0x6, 0xff, 0xff, 0xf3, 0xef,
    0xff, 0xfb, 0x0, 0xaf, 0xff, 0xff, 0x0, 0x6f,
    0xff, 0xff, 0x3e, 0xff, 0xff, 0xb0, 0xa, 0xff,
    0xff, 0xf0, 0x6, 0xff, 0xff, 0xf3, 0xef, 0xff,
    0xfb, 0x0, 0xaf, 0xff, 0xff, 0x0, 0x6f, 0xff,
    0xff, 0x3e, 0xff, 0xff, 0xb0, 0xa, 0xff, 0xff,
    0xf0, 0x6, 0xff, 0xff, 0xf3, 0xef, 0xff, 0xfb,
    0x0, 0xaf, 0xff, 0xff, 0x0, 0x6f, 0xff, 0xff,
    0x3e, 0xff, 0xff, 0xb0, 0xa, 0xff, 0xff, 0xf0,
    0x6, 0xff, 0xff, 0xf3,

    /* U+006E "n" */
    0xef, 0xff, 0xfb, 0x8, 0xdf, 0xd8, 0x0, 0xef,
    0xff, 0xfb, 0x8f, 0xff, 0xff, 0xb0, 0xef, 0xff,
    0xfc, 0xff, 0xff, 0xff, 0xf4, 0xef, 0xff, 0xff,
    0xff, 0xff, 0xff, 0xfa, 0xef, 0xff, 0xff, 0x75,
    0xff, 0xff, 0xfc, 0xef, 0xff, 0xfe, 0x0, 0xbf,
    0xff, 0xfe, 0xef, 0xff, 0xfc, 0x0, 0xaf, 0xff,
    0xfe, 0xef, 0xff, 0xfb, 0x0, 0xaf, 0xff, 0xfe,
    0xef, 0xff, 0xfb, 0x0, 0xaf, 0xff, 0xfe, 0xef,
    0xff, 0xfb, 0x0, 0xaf, 0xff, 0xfe, 0xef, 0xff,
    0xfb, 0x0, 0xaf, 0xff, 0xfe, 0xef, 0xff, 0xfb,
    0x0, 0xaf, 0xff, 0xfe, 0xef, 0xff, 0xfb, 0x0,
    0xaf, 0xff, 0xfe, 0xef, 0xff, 0xfb, 0x0, 0xaf,
    0xff, 0xfe, 0xef, 0xff, 0xfb, 0x0, 0xaf, 0xff,
    0xfe, 0xef, 0xff, 0xfb, 0x0, 0xaf, 0xff, 0xfe,
    0xef, 0xff, 0xfb, 0x0, 0xaf, 0xff, 0xfe, 0xef,
    0xff, 0xfb, 0x0, 0xaf, 0xff, 0xfe, 0xef, 0xff,
    0xfb, 0x0, 0xaf, 0xff, 0xfe, 0xef, 0xff, 0xfb,
    0x0, 0xaf, 0xff, 0xfe, 0xef, 0xff, 0xfb, 0x0,
    0xaf, 0xff, 0xfe, 0xef, 0xff, 0xfb, 0x0, 0xaf,
    0xff, 0xfe, 0xef, 0xff, 0xfb, 0x0, 0xaf, 0xff,
    0xfe, 0xef, 0xff, 0xfb, 0x0, 0xaf, 0xff, 0xfe,

    /* U+006F "o" */
    0x0, 0x0, 0x3a, 0xdf, 0xfd, 0x92, 0x0, 0x0,
    0x0, 0x9f, 0xff, 0xff, 0xff, 0xf8, 0x0, 0x0,
    0x9f, 0xff, 0xff, 0xff, 0xff, 0xf7, 0x0, 0x3f,
    0xff, 0xff, 0xff, 0xff, 0xff, 0xf2, 0xa, 0xff,
    0xff, 0xf8, 0x9f, 0xff, 0xff, 0x80, 0xef, 0xff,
    0xfc, 0x0, 0xef, 0xff, 0xfc, 0xf, 0xff, 0xff,
    0xa0, 0xc, 0xff, 0xff, 0xe0, 0xff, 0xff, 0xfa,
    0x0, 0xcf, 0xff, 0xff, 0x1f, 0xff, 0xff, 0xa0,
    0xc, 0xff, 0xff, 0xf1, 0xff, 0xff, 0xfa, 0x0,
    0xcf, 0xff, 0xff, 0x1f, 0xff, 0xff, 0xa0, 0xc,
    0xff, 0xff, 0xf1, 0xff, 0xff, 0xfa, 0x0, 0xcf,
    0xff, 0xff, 0x1f, 0xff, 0xff, 0xa0, 0xc, 0xff,
    0xff, 0xf1, 0xff, 0xff, 0xfa, 0x0, 0xcf, 0xff,
    0xff, 0x1f, 0xff, 0xff, 0xa0, 0xc, 0xff, 0xff,
    0xf1, 0xff, 0xff, 0xfa, 0x0, 0xcf, 0xff, 0xff,
    0xf, 0xff, 0xff, 0xa0, 0xc, 0xff, 0xff, 0xf0,
    0xff, 0xff, 0xfa, 0x0, 0xcf, 0xff, 0xfe, 0xe,
    0xff, 0xff, 0xb0, 0xd, 0xff, 0xff, 0xc0, 0xbf,
    0xff, 0xff, 0x78, 0xff, 0xff, 0xf9, 0x5, 0xff,
    0xff, 0xff, 0xff, 0xff, 0xff, 0x40, 0xc, 0xff,
    0xff, 0xff, 0xff, 0xff, 0xb0, 0x0, 0x1c, 0xff,
    0xff, 0xff, 0xff, 0xb1, 0x0, 0x0, 0x5, 0xbe,
    0xff, 0xea, 0x50, 0x0,

    /* U+0070 "p" */
    0xef, 0xff, 0xfd, 0x6, 0xdf, 0xea, 0x20, 0xe,
    0xff, 0xff, 0xd8, 0xff, 0xff, 0xfe, 0x0, 0xef,
    0xff, 0xfe, 0xff, 0xff, 0xff, 0xf7, 0xe, 0xff,
    0xff, 0xff, 0xff, 0xff, 0xff, 0xc0, 0xef, 0xff,
    0xff, 0x74, 0xff, 0xff, 0xff, 0xe, 0xff, 0xff,
    0xf0, 0xb, 0xff, 0xff, 0xf0, 0xef, 0xff, 0xfd,
    0x0, 0xaf, 0xff, 0xff, 0xe, 0xff, 0xff, 0xd0,
    0xa, 0xff, 0xff, 0xf0, 0xef, 0xff, 0xfd, 0x0,
    0xaf, 0xff, 0xff, 0xe, 0xff, 0xff, 0xd0, 0xa,
    0xff, 0xff, 0xf0, 0xef, 0xff, 0xfd, 0x0, 0xaf,
    0xff, 0xff, 0xe, 0xff, 0xff, 0xd0, 0xa, 0xff,
    0xff, 0xf0, 0xef, 0xff, 0xfd, 0x0, 0xaf, 0xff,
    0xff, 0xe, 0xff, 0xff, 0xd0, 0xa, 0xff, 0xff,
    0xf0, 0xef, 0xff, 0xfd, 0x0, 0xaf, 0xff, 0xff,
    0xe, 0xff, 0xff, 0xd0, 0xa, 0xff, 0xff, 0xf0,
    0xef, 0xff, 0xfd, 0x0, 0xaf, 0xff, 0xff, 0xe,
    0xff, 0xff, 0xd0, 0xa, 0xff, 0xff, 0xf0, 0xef,
    0xff, 0xff, 0x0, 0xcf, 0xff, 0xff, 0xe, 0xff,
    0xff, 0xfa, 0x8f, 0xff, 0xff, 0xd0, 0xef, 0xff,
    0xff, 0xff, 0xff, 0xff, 0xf9, 0xe, 0xff, 0xff,
    0xef, 0xff, 0xff, 0xff, 0x30, 0xef, 0xff, 0xfd,
    0x8f, 0xff, 0xff, 0x90, 0xe, 0xff, 0xff, 0xd0,
    0x8e, 0xfc, 0x60, 0x0, 0xef, 0xff, 0xfd, 0x0,
    0x0, 0x0, 0x0, 0xe, 0xff, 0xff, 0xd0, 0x0,
    0x0, 0x0, 0x0, 0xef, 0xff, 0xfd, 0x0, 0x0,
    0x0, 0x0, 0xe, 0xff, 0xff, 0xd0, 0x0, 0x0,
    0x0, 0x0,

    /* U+0071 "q" */
    0x0, 0x1a, 0xef, 0xd7, 0xc, 0xff, 0xff, 0xe0,
    0xd, 0xff, 0xff, 0xf9, 0xcf, 0xff, 0xfe, 0x7,
    0xff, 0xff, 0xff, 0xfe, 0xff, 0xff, 0xe0, 0xcf,
    0xff, 0xff, 0xff, 0xff, 0xff, 0xfe, 0xe, 0xff,
    0xff, 0xf4, 0x6f, 0xff, 0xff, 0xe0, 0xff, 0xff,
    0xfa, 0x0, 0xff, 0xff, 0xfe, 0xf, 0xff, 0xff,
    0x80, 0xc, 0xff, 0xff, 0xe0, 0xff, 0xff, 0xf8,
    0x0, 0xcf, 0xff, 0xfe, 0xf, 0xff, 0xff, 0x80,
    0xc, 0xff, 0xff, 0xe0, 0xff, 0xff, 0xf8, 0x0,
    0xcf, 0xff, 0xfe, 0xf, 0xff, 0xff, 0x80, 0xc,
    0xff, 0xff, 0xe0, 0xff, 0xff, 0xf8, 0x0, 0xcf,
    0xff, 0xfe, 0xf, 0xff, 0xff, 0x80, 0xc, 0xff,
    0xff, 0xe0, 0xff, 0xff, 0xf8, 0x0, 0xcf, 0xff,
    0xfe, 0xf, 0xff, 0xff, 0x80, 0xc, 0xff, 0xff,
    0xe0, 0xff, 0xff, 0xf8, 0x0, 0xcf, 0xff, 0xfe,
    0xf, 0xff, 0xff, 0x80, 0xc, 0xff, 0xff, 0xe0,
    0xff, 0xff, 0xf9, 0x0, 0xdf, 0xff, 0xfe, 0xe,
    0xff, 0xff, 0xc0, 0xf, 0xff, 0xff, 0xe0, 0xdf,
    0xff, 0xff, 0x9b, 0xff, 0xff, 0xfe, 0xa, 0xff,
    0xff, 0xff, 0xff, 0xff, 0xff, 0xe0, 0x5f, 0xff,
    0xff, 0xff, 0xef, 0xff, 0xfe, 0x0, 0xcf, 0xff,
    0xff, 0x8c, 0xff, 0xff, 0xe0, 0x0, 0x8d, 0xfe,
    0x80, 0xcf, 0xff, 0xfe, 0x0, 0x0, 0x0, 0x0,
    0xc, 0xff, 0xff, 0xe0, 0x0, 0x0, 0x0, 0x0,
    0xcf, 0xff, 0xfe, 0x0, 0x0, 0x0, 0x0, 0xc,
    0xff, 0xff, 0xe0, 0x0, 0x0, 0x0, 0x0, 0xcf,
    0xff, 0xfe,

    /* U+0072 "r" */
    0xef, 0xff, 0xfd, 0x5, 0xcc, 0xef, 0xff, 0xfd,
    0x7f, 0xfd, 0xef, 0xff, 0xfe, 0xff, 0xfd, 0xef,
    0xff, 0xff, 0xff, 0xfd, 0xef, 0xff, 0xff, 0xff,
    0xda, 0xef, 0xff, 0xff, 0x51, 0x0, 0xef, 0xff,
    0xfd, 0x0, 0x0, 0xef, 0xff, 0xfd, 0x0, 0x0,
    0xef, 0xff, 0xfd, 0x0, 0x0, 0xef, 0xff, 0xfd,
    0x0, 0x0, 0xef, 0xff, 0xfd, 0x0, 0x0, 0xef,
    0xff, 0xfd, 0x0, 0x0, 0xef, 0xff, 0xfd, 0x0,
    0x0, 0xef, 0xff, 0xfd, 0x0, 0x0, 0xef, 0xff,
    0xfd, 0x0, 0x0, 0xef, 0xff, 0xfd, 0x0, 0x0,
    0xef, 0xff, 0xfd, 0x0, 0x0, 0xef, 0xff, 0xfd,
    0x0, 0x0, 0xef, 0xff, 0xfd, 0x0, 0x0, 0xef,
    0xff, 0xfd, 0x0, 0x0, 0xef, 0xff, 0xfd, 0x0,
    0x0, 0xef, 0xff, 0xfd, 0x0, 0x0, 0xef, 0xff,
    0xfd, 0x0, 0x0, 0xef, 0xff, 0xfd, 0x0, 0x0,

    /* U+0073 "s" */
    0x0, 0x0, 0x7b, 0xef, 0xfd, 0x92, 0x0, 0x0,
    0x4, 0xef, 0xff, 0xff, 0xff, 0xf7, 0x0, 0x3,
    0xff, 0xff, 0xff, 0xff, 0xff, 0xf5, 0x0, 0xcf,
    0xff, 0xff, 0xff, 0xff, 0xff, 0xd0, 0x1f, 0xff,
    0xff, 0xc7, 0xef, 0xff, 0xff, 0x23, 0xff, 0xff,
    0xf5, 0x7, 0xff, 0xff, 0xf5, 0x3f, 0xff, 0xff,
    0x80, 0x5f, 0xff, 0xff, 0x62, 0xff, 0xff, 0xff,
    0x41, 0x44, 0x44, 0x42, 0xd, 0xff, 0xff, 0xff,
    0x80, 0x0, 0x0, 0x0, 0x6f, 0xff, 0xff, 0xff,
    0xc1, 0x0, 0x0, 0x0, 0x9f, 0xff, 0xff, 0xff,
    0xe3, 0x0, 0x0, 0x0, 0x8f, 0xff, 0xff, 0xff,
    0xf4, 0x0, 0x0, 0x0, 0x5f, 0xff, 0xff, 0xff,
    0xf2, 0x0, 0x0, 0x0, 0x2d, 0xff, 0xff, 0xff,
    0xc0, 0x0, 0x0, 0x0, 0xb, 0xff, 0xff, 0xff,
    0x35, 0xee, 0xee, 0xe3, 0xd, 0xff, 0xff, 0xf7,
    0x6f, 0xff, 0xff, 0x30, 0x6f, 0xff, 0xff, 0x85,
    0xff, 0xff, 0xf3, 0x4, 0xff, 0xff, 0xf9, 0x4f,
    0xff, 0xff, 0x50, 0x5f, 0xff, 0xff, 0x71, 0xff,
    0xff, 0xfe, 0x8e, 0xff, 0xff, 0xf4, 0xb, 0xff,
    0xff, 0xff, 0xff, 0xff, 0xfe, 0x0, 0x3f, 0xff,
    0xff, 0xff, 0xff, 0xff, 0x50, 0x0, 0x5f, 0xff,
    0xff, 0xff, 0xff, 0x60, 0x0, 0x0, 0x18, 0xce,
    0xff, 0xc8, 0x10, 0x0,

    /* U+0074 "t" */
    0x0, 0xef, 0xff, 0xf8, 0x0, 0x0, 0xef, 0xff,
    0xf8, 0x0, 0x0, 0xef, 0xff, 0xf8, 0x0, 0x0,
    0xef, 0xff, 0xf8, 0x0, 0x0, 0xef, 0xff, 0xf8,
    0x0, 0x7f, 0xff, 0xff, 0xff, 0xf1, 0x7f, 0xff,
    0xff, 0xff, 0xf1, 0x7f, 0xff, 0xff, 0xff, 0xf1,
    0x7f, 0xff, 0xff, 0xff, 0xf1, 0x25, 0xef, 0xff,
    0xfa, 0x50, 0x0, 0xef, 0xff, 0xf8, 0x0, 0x0,
    0xef, 0xff, 0xf8, 0x0, 0x0, 0xef, 0xff, 0xf8,
    0x0, 0x0, 0xef, 0xff, 0xf8, 0x0, 0x0, 0xef,
    0xff, 0xf8, 0x0, 0x0, 0xef, 0xff, 0xf8, 0x0,
    0x0, 0xef, 0xff, 0xf8, 0x0, 0x0, 0xef, 0xff,
    0xf8, 0x0, 0x0, 0xef, 0xff, 0xf8, 0x0, 0x0,
    0xef, 0xff, 0xf8, 0x0, 0x0, 0xef, 0xff, 0xf8,
    0x0, 0x0, 0xef, 0xff, 0xf8, 0x0, 0x0, 0xef,
    0xff, 0xf8, 0x0, 0x0, 0xef, 0xff, 0xfc, 0x30,
    0x0, 0xef, 0xff, 0xff, 0xf1, 0x0, 0xcf, 0xff,
    0xff, 0xf1, 0x0, 0x6f, 0xff, 0xff, 0xf1, 0x0,
    0x7, 0xdf, 0xfd, 0xb1,

    /* U+0075 "u" */
    0xff, 0xff, 0xfb, 0x0, 0xbf, 0xff, 0xfd, 0xff,
    0xff, 0xfb, 0x0, 0xbf, 0xff, 0xfd, 0xff, 0xff,
    0xfb, 0x0, 0xbf, 0xff, 0xfd, 0xff, 0xff, 0xfb,
    0x0, 0xbf, 0xff, 0xfd, 0xff, 0xff, 0xfb, 0x0,
    0xbf, 0xff, 0xfd, 0xff, 0xff, 0xfb, 0x0, 0xbf,
    0xff, 0xfd, 0xff, 0xff, 0xfb, 0x0, 0xbf, 0xff,
    0xfd, 0xff, 0xff, 0xfb, 0x0, 0xbf, 0xff, 0xfd,
    0xff, 0xff, 0xfb, 0x0, 0xbf, 0xff, 0xfd, 0xff,
    0xff, 0xfb, 0x0, 0xbf, 0xff, 0xfd, 0xff, 0xff,
    0xfb, 0x0, 0xbf, 0xff, 0xfd, 0xff, 0xff, 0xfb,
    0x0, 0xbf, 0xff, 0xfd, 0xff, 0xff, 0xfb, 0x0,
    0xbf, 0xff, 0xfd, 0xff, 0xff, 0xfb, 0x0, 0xbf,
    0xff, 0xfd, 0xff, 0xff, 0xfb, 0x0, 0xbf, 0xff,
    0xfd, 0xff, 0xff, 0xfb, 0x0, 0xbf, 0xff, 0xfd,
    0xff, 0xff, 0xfb, 0x0, 0xbf, 0xff, 0xfd, 0xef,
    0xff, 0xfb, 0x0, 0xcf, 0xff, 0xfd, 0xef, 0xff,
    0xfc, 0x0, 0xef, 0xff, 0xfd, 0xdf, 0xff, 0xff,
    0x57, 0xff, 0xff, 0xfd, 0xaf, 0xff, 0xff, 0xff,
    0xff, 0xff, 0xfd, 0x6f, 0xff, 0xff, 0xff, 0xef,
    0xff, 0xfd, 0xc, 0xff, 0xff, 0xfa, 0xcf, 0xff,
    0xfd, 0x1, 0x9d, 0xfe, 0x90, 0xcf, 0xff, 0xfd,

    /* U+0076 "v" */
    0x9f, 0xff, 0xff, 0x0, 0x3f, 0xff, 0xff, 0x56,
    0xff, 0xff, 0xf1, 0x5, 0xff, 0xff, 0xf2, 0x4f,
    0xff, 0xff, 0x20, 0x6f, 0xff, 0xff, 0x1, 0xff,
    0xff, 0xf3, 0x8, 0xff, 0xff, 0xd0, 0xf, 0xff,
    0xff, 0x50, 0x9f, 0xff, 0xfa, 0x0, 0xcf, 0xff,
    0xf6, 0xb, 0xff, 0xff, 0x80, 0xa, 0xff, 0xff,
    0x70, 0xcf, 0xff, 0xf5, 0x0, 0x7f, 0xff, 0xf9,
    0xe, 0xff, 0xff, 0x30, 0x5, 0xff, 0xff, 0xa0,
    0xff, 0xff, 0xf0, 0x0, 0x2f, 0xff, 0xfb, 0x1f,
    0xff, 0xfe, 0x0, 0x0, 0xff, 0xff, 0xd2, 0xff,
    0xff, 0xb0, 0x0, 0xd, 0xff, 0xfe, 0x4f, 0xff,
    0xf9, 0x0, 0x0, 0xbf, 0xff, 0xf6, 0xff, 0xff,
    0x60, 0x0, 0x8, 0xff, 0xff, 0x8f, 0xff, 0xf4,
    0x0, 0x0, 0x6f, 0xff, 0xfb, 0xff, 0xff, 0x10,
    0x0, 0x3, 0xff, 0xff, 0xef, 0xff, 0xe0, 0x0,
    0x0, 0x1f, 0xff, 0xff, 0xff, 0xfc, 0x0, 0x0,
    0x0, 0xef, 0xff, 0xff, 0xff, 0x90, 0x0, 0x0,
    0xc, 0xff, 0xff, 0xff, 0xf7, 0x0, 0x0, 0x0,
    0x9f, 0xff, 0xff, 0xff, 0x40, 0x0, 0x0, 0x7,
    0xff, 0xff, 0xff, 0xf2, 0x0, 0x0, 0x0, 0x4f,
    0xff, 0xff, 0xff, 0x0, 0x0, 0x0, 0x2, 0xff,
    0xff, 0xff, 0xd0, 0x0, 0x0, 0x0, 0xf, 0xff,
    0xff, 0xfa, 0x0, 0x0,

    /* U+0077 "w" */
    0x3f, 0xff, 0xf9, 0x0, 0x9f, 0xff, 0xfd, 0x0,
    0x5f, 0xff, 0xf7, 0x1f, 0xff, 0xfb, 0x0, 0xbf,
    0xff, 0xff, 0x0, 0x6f, 0xff, 0xf5, 0xf, 0xff,
    0xfd, 0x0, 0xcf, 0xff, 0xff, 0x10, 0x8f, 0xff,
    0xf3, 0xd, 0xff, 0xff, 0x0, 0xef, 0xff, 0xff,
    0x30, 0xaf, 0xff, 0xf1, 0xb, 0xff, 0xff, 0x10,
    0xff, 0xff, 0xff, 0x50, 0xbf, 0xff, 0xf0, 0x9,
    0xff, 0xff, 0x32, 0xff, 0xff, 0xff, 0x70, 0xdf,
    0xff, 0xd0, 0x7, 0xff, 0xff, 0x53, 0xff, 0xff,
    0xff, 0x90, 0xff, 0xff, 0xc0, 0x5, 0xff, 0xff,
    0x75, 0xff, 0xff, 0xff, 0xb0, 0xff, 0xff, 0xa0,
    0x4, 0xff, 0xff, 0x97, 0xff, 0xff, 0xff, 0xd2,
    0xff, 0xff, 0x80, 0x2, 0xff, 0xff, 0xa8, 0xff,
    0xff, 0xff, 0xf4, 0xff, 0xff, 0x60, 0x0, 0xff,
    0xff, 0xca, 0xff, 0xff, 0xff, 0xf7, 0xff, 0xff,
    0x40, 0x0, 0xef, 0xff, 0xec, 0xff, 0xfc, 0xff,
    0xfb, 0xff, 0xff, 0x20, 0x0, 0xcf, 0xff, 0xfe,
    0xff, 0xda, 0xff, 0xfe, 0xff, 0xff, 0x0, 0x0,
    0xaf, 0xff, 0xff, 0xff, 0xc8, 0xff, 0xff, 0xff,
    0xfe, 0x0, 0x0, 0x8f, 0xff, 0xff, 0xff, 0xa6,
    0xff, 0xff, 0xff, 0xfc, 0x0, 0x0, 0x6f, 0xff,
    0xff, 0xff, 0x84, 0xff, 0xff, 0xff, 0xfa, 0x0,
    0x0, 0x4f, 0xff, 0xff, 0xff, 0x62, 0xff, 0xff,
    0xff, 0xf9, 0x0, 0x0, 0x3f, 0xff, 0xff, 0xff,
    0x50, 0xff, 0xff, 0xff, 0xf7, 0x0, 0x0, 0x1f,
    0xff, 0xff, 0xff, 0x30, 0xef, 0xff, 0xff, 0xf5,
    0x0, 0x0, 0xf, 0xff, 0xff, 0xff, 0x10, 0xcf,
    0xff, 0xff, 0xf3, 0x0, 0x0, 0xd, 0xff, 0xff,
    0xff, 0x0, 0xaf, 0xff, 0xff, 0xf1, 0x0, 0x0,
    0xb, 0xff, 0xff, 0xfe, 0x0, 0x8f, 0xff, 0xff,
    0xf0, 0x0, 0x0, 0x9, 0xff, 0xff, 0xfc, 0x0,
    0x6f, 0xff, 0xff, 0xd0, 0x0, 0x0, 0x7, 0xff,
    0xff, 0xfa, 0x0, 0x4f, 0xff, 0xff, 0xb0, 0x0,

    /* U+0078 "x" */
    0x4f, 0xff, 0xff, 0x60, 0x0, 0xef, 0xff, 0x30,
    0xef, 0xff, 0xfb, 0x0, 0x4f, 0xff, 0xd0, 0x9,
    0xff, 0xff, 0xf1, 0xa, 0xff, 0xf8, 0x0, 0x4f,
    0xff, 0xff, 0x60, 0xff, 0xff, 0x20, 0x0, 0xef,
    0xff, 0xfc, 0x5f, 0xff, 0xd0, 0x0, 0x8, 0xff,
    0xff, 0xfc, 0xff, 0xf8, 0x0, 0x0, 0x3f, 0xff,
    0xff, 0xff, 0xff, 0x20, 0x0, 0x0, 0xdf, 0xff,
    0xff, 0xff, 0xd0, 0x0, 0x0, 0x7, 0xff, 0xff,
    0xff, 0xf7, 0x0, 0x0, 0x0, 0x2f, 0xff, 0xff,
    0xff, 0x20, 0x0, 0x0, 0x0, 0xcf, 0xff, 0xff,
    0xc0, 0x0, 0x0, 0x0, 0xb, 0xff, 0xff, 0xf7,
    0x0, 0x0, 0x0, 0x1, 0xff, 0xff, 0xff, 0x90,
    0x0, 0x0, 0x0, 0x6f, 0xff, 0xff, 0xfe, 0x0,
    0x0, 0x0, 0xb, 0xff, 0xff, 0xff, 0xf4, 0x0,
    0x0, 0x1, 0xff, 0xff, 0xff, 0xff, 0x90, 0x0,
    0x0, 0x6f, 0xff, 0xff, 0xff, 0xfe, 0x0, 0x0,
    0xb, 0xff, 0xfc, 0xff, 0xff, 0xf4, 0x0, 0x1,
    0xff, 0xff, 0x3f, 0xff, 0xff, 0xa0, 0x0, 0x6f,
    0xff, 0xd0, 0xaf, 0xff, 0xff, 0x0, 0xb, 0xff,
    0xf8, 0x4, 0xff, 0xff, 0xf5, 0x1, 0xff, 0xff,
    0x20, 0xe, 0xff, 0xff, 0xb0, 0x6f, 0xff, 0xd0,
    0x0, 0x9f, 0xff, 0xff, 0x1b, 0xff, 0xf8, 0x0,
    0x3, 0xff, 0xff, 0xf6,

    /* U+0079 "y" */
    0xaf, 0xff, 0xfa, 0x0, 0xf, 0xff, 0xff, 0x58,
    0xff, 0xff, 0xb0, 0x2, 0xff, 0xff, 0xf2, 0x5f,
    0xff, 0xfd, 0x0, 0x3f, 0xff, 0xff, 0x3, 0xff,
    0xff, 0xe0, 0x5, 0xff, 0xff, 0xc0, 0xf, 0xff,
    0xff, 0x0, 0x7f, 0xff, 0xfa, 0x0, 0xef, 0xff,
    0xf1, 0x8, 0xff, 0xff, 0x70, 0xb, 0xff, 0xff,
    0x20, 0xaf, 0xff, 0xf4, 0x0, 0x9f, 0xff, 0xf4,
    0xc, 0xff, 0xff, 0x10, 0x6, 0xff, 0xff, 0x50,
    0xdf, 0xff, 0xf0, 0x0, 0x4f, 0xff, 0xf7, 0xf,
    0xff, 0xfc, 0x0, 0x1, 0xff, 0xff, 0x81, 0xff,
    0xff, 0x90, 0x0, 0xf, 0xff, 0xf9, 0x2f, 0xff,
    0xf6, 0x0, 0x0, 0xcf, 0xff, 0xb4, 0xff, 0xff,
    0x40, 0x0, 0xa, 0xff, 0xfc, 0x6f, 0xff, 0xf1,
    0x0, 0x0, 0x7f, 0xff, 0xe7, 0xff, 0xfe, 0x0,
    0x0, 0x5, 0xff, 0xff, 0x9f, 0xff, 0xb0, 0x0,
    0x0, 0x2f, 0xff, 0xfc, 0xff, 0xf9, 0x0, 0x0,
    0x0, 0xff, 0xff, 0xff, 0xff, 0x60, 0x0, 0x0,
    0xd, 0xff, 0xff, 0xff, 0xf3, 0x0, 0x0, 0x0,
    0xbf, 0xff, 0xff, 0xff, 0x0, 0x0, 0x0, 0x8,
    0xff, 0xff, 0xff, 0xe0, 0x0, 0x0, 0x0, 0x6f,
    0xff, 0xff, 0xfb, 0x0, 0x0, 0x0, 0x3, 0xff,
    0xff, 0xff, 0x80, 0x0, 0x0, 0x0, 0x1f, 0xff,
    0xff, 0xf5, 0x0, 0x0, 0x39, 0x9a, 0xff, 0xff,
    0xff, 0x30, 0x0, 0x5, 0xff, 0xff, 0xff, 0xff,
    0xf0, 0x0, 0x0, 0x5f, 0xff, 0xff, 0xff, 0xfa,
    0x0, 0x0, 0x5, 0xff, 0xff, 0xff, 0xea, 0x10,
    0x0, 0x0,

    /* U+007A "z" */
    0x4f, 0xff, 0xff, 0xff, 0xff, 0xff, 0x14, 0xff,
    0xff, 0xff, 0xff, 0xff, 0xf1, 0x4f, 0xff, 0xff,
    0xff, 0xff, 0xff, 0x14, 0xff, 0xff, 0xff, 0xff,
    0xff, 0xf1, 0x28, 0x88, 0x88, 0xef, 0xff, 0xfd,
    0x0, 0x0, 0x0, 0x1f, 0xff, 0xff, 0x80, 0x0,
    0x0, 0x7, 0xff, 0xff, 0xf2, 0x0, 0x0, 0x0,
    0xdf, 0xff, 0xfd, 0x0, 0x0, 0x0, 0x2f, 0xff,
    0xff, 0x70, 0x0, 0x0, 0x8, 0xff, 0xff, 0xf1,
    0x0, 0x0, 0x0, 0xef, 0xff, 0xfc, 0x0, 0x0,
    0x0, 0x4f, 0xff, 0xff, 0x60, 0x0, 0x0, 0xa,
    0xff, 0xff, 0xf1, 0x0, 0x0, 0x0, 0xff, 0xff,
    0xfb, 0x0, 0x0, 0x0, 0x5f, 0xff, 0xff, 0x60,
    0x0, 0x0, 0xb, 0xff, 0xff, 0xf1, 0x0, 0x0,
    0x1, 0xff, 0xff, 0xfb, 0x0, 0x0, 0x0, 0x7f,
    0xff, 0xff, 0x50, 0x0, 0x0, 0xd, 0xff, 0xff,
    0xf0, 0x0, 0x0, 0x3, 0xff, 0xff, 0xfc, 0x44,
    0x44, 0x40, 0x8f, 0xff, 0xff, 0xff, 0xff, 0xff,
    0x29, 0xff, 0xff, 0xff, 0xff, 0xff, 0xf2, 0x9f,
    0xff, 0xff, 0xff, 0xff, 0xff, 0x29, 0xff, 0xff,
    0xff, 0xff, 0xff, 0xf2,

    /* U+007B "{" */
    0x0, 0x0, 0x2, 0x69, 0xbb, 0x30, 0x0, 0x9,
    0xff, 0xff, 0xf5, 0x0, 0x9, 0xff, 0xff, 0xff,
    0x50, 0x0, 0xff, 0xff, 0xff, 0xf5, 0x0, 0x3f,
    0xff, 0xff, 0xe9, 0x20, 0x4, 0xff, 0xff, 0xf3,
    0x0, 0x0, 0x5f, 0xff, 0xff, 0x20, 0x0, 0x5,
    0xff, 0xff, 0xf2, 0x0, 0x0, 0x5f, 0xff, 0xff,
    0x20, 0x0, 0x5, 0xff, 0xff, 0xf2, 0x0, 0x0,
    0x5f, 0xff, 0xff, 0x20, 0x0, 0x5, 0xff, 0xff,
    0xf2, 0x0, 0x0, 0x6f, 0xff, 0xff, 0x10, 0x0,
    0xb, 0xff, 0xff, 0xe0, 0x0, 0x3b, 0xff, 0xff,
    0xf6, 0x0, 0x8, 0xff, 0xff, 0xd5, 0x0, 0x0,
    0x8f, 0xff, 0xf9, 0x20, 0x0, 0x5, 0xef, 0xff,
    0xff, 0x30, 0x0, 0x0, 0xcf, 0xff, 0xfc, 0x0,
    0x0, 0x7, 0xff, 0xff, 0xf0, 0x0, 0x0, 0x5f,
    0xff, 0xff, 0x20, 0x0, 0x5, 0xff, 0xff, 0xf2,
    0x0, 0x0, 0x5f, 0xff, 0xff, 0x20, 0x0, 0x5,
    0xff, 0xff, 0xf2, 0x0, 0x0, 0x5f, 0xff, 0xff,
    0x20, 0x0, 0x5, 0xff, 0xff, 0xf2, 0x0, 0x0,
    0x5f, 0xff, 0xff, 0x20, 0x0, 0x3, 0xff, 0xff,
    0xfb, 0x51, 0x0, 0x1f, 0xff, 0xff, 0xff, 0x50,
    0x0, 0xbf, 0xff, 0xff, 0xf5, 0x0, 0x1, 0xdf,
    0xff, 0xff, 0x50, 0x0, 0x0, 0x6a, 0xde, 0xf5,

    /* U+007C "|" */
    0x4, 0x44, 0x43, 0xf, 0xff, 0xff, 0xf, 0xff,
    0xff, 0xf, 0xff, 0xff, 0xf, 0xff, 0xff, 0xf,
    0xff, 0xff, 0xf, 0xff, 0xff, 0xf, 0xff, 0xff,
    0xf, 0xff, 0xff, 0xf, 0xff, 0xff, 0xf, 0xff,
    0xff, 0xf, 0xff, 0xff, 0xf, 0xff, 0xff, 0xf,
    0xff, 0xff, 0xf, 0xff, 0xff, 0xf, 0xff, 0xff,
    0xf, 0xff, 0xff, 0xf, 0xff, 0xff, 0xf, 0xff,
    0xff, 0xf, 0xff, 0xff, 0xf, 0xff, 0xff, 0xf,
    0xff, 0xff, 0xf, 0xff, 0xff, 0xf, 0xff, 0xff,
    0xf, 0xff, 0xff, 0xf, 0xff, 0xff, 0xf, 0xff,
    0xff, 0xf, 0xff, 0xff, 0xf, 0xff, 0xff, 0xf,
    0xff, 0xff, 0xf, 0xff, 0xff, 0xf, 0xff, 0xff,
    0xf, 0xff, 0xff,

    /* U+007D "}" */
    0x4b, 0xb9, 0x62, 0x0, 0x0, 0x6, 0xff, 0xff,
    0xf9, 0x0, 0x0, 0x6f, 0xff, 0xff, 0xf8, 0x0,
    0x6, 0xff, 0xff, 0xff, 0xe0, 0x0, 0x29, 0xef,
    0xff, 0xff, 0x20, 0x0, 0x4, 0xff, 0xff, 0xf4,
    0x0, 0x0, 0x3f, 0xff, 0xff, 0x40, 0x0, 0x3,
    0xff, 0xff, 0xf4, 0x0, 0x0, 0x3f, 0xff, 0xff,
    0x40, 0x0, 0x3, 0xff, 0xff, 0xf4, 0x0, 0x0,
    0x3f, 0xff, 0xff, 0x40, 0x0, 0x3, 0xff, 0xff,
    0xf4, 0x0, 0x0, 0x2f, 0xff, 0xff, 0x60, 0x0,
    0x0, 0xef, 0xff, 0xfa, 0x0, 0x0, 0x7, 0xff,
    0xff, 0xfb, 0x30, 0x0, 0x6, 0xdf, 0xff, 0xf7,
    0x0, 0x0, 0x29, 0xff, 0xff, 0x70, 0x0, 0x4f,
    0xff, 0xff, 0xe5, 0x0, 0xd, 0xff, 0xff, 0xc0,
    0x0, 0x1, 0xff, 0xff, 0xf6, 0x0, 0x0, 0x3f,
    0xff, 0xff, 0x50, 0x0, 0x3, 0xff, 0xff, 0xf4,
    0x0, 0x0, 0x3f, 0xff, 0xff, 0x40, 0x0, 0x3,
    0xff, 0xff, 0xf4, 0x0, 0x0, 0x3f, 0xff, 0xff,
    0x40, 0x0, 0x3, 0xff, 0xff, 0xf4, 0x0, 0x0,
    0x3f, 0xff, 0xff, 0x40, 0x1, 0x5b, 0xff, 0xff,
    0xf2, 0x0, 0x6f, 0xff, 0xff, 0xff, 0x0, 0x6,
    0xff, 0xff, 0xff, 0xa0, 0x0, 0x6f, 0xff, 0xff,
    0xd1, 0x0, 0x5, 0xfe, 0xda, 0x50, 0x0, 0x0,

    /* U+007E "~" */
    0x0, 0x1b, 0xff, 0xd9, 0x30, 0x0, 0x48, 0x10,
    0x1, 0xef, 0xff, 0xff, 0xfb, 0x53, 0xdf, 0xf7,
    0x8, 0xff, 0xff, 0xff, 0xff, 0xff, 0xff, 0xf3,
    0x1f, 0xff, 0xff, 0xff, 0xff, 0xff, 0xff, 0xc0,
    0x5, 0xed, 0x22, 0x7e, 0xff, 0xff, 0xff, 0x30,
    0x0, 0x12, 0x0, 0x0, 0x5b, 0xef, 0xd4, 0x0,

    /* U+2026 "…" */
    0x1b, 0xbb, 0xbb, 0x50, 0x5b, 0xbb, 0xbb, 0x10,
    0x9b, 0xbb, 0xb9, 0x2f, 0xff, 0xff, 0x70, 0x7f,
    0xff, 0xff, 0x20, 0xcf, 0xff, 0xfc, 0x2f, 0xff,
    0xff, 0x70, 0x7f, 0xff, 0xff, 0x20, 0xcf, 0xff,
    0xfc, 0x2f, 0xff, 0xff, 0x70, 0x7f, 0xff, 0xff,
    0x20, 0xcf, 0xff, 0xfc, 0x2f, 0xff, 0xff, 0x70,
    0x7f, 0xff, 0xff, 0x20, 0xcf, 0xff, 0xfc
};


/*---------------------
 *  GLYPH DESCRIPTION
 *--------------------*/

static const lv_font_fmt_txt_glyph_dsc_t glyph_dsc[] = {
    {.bitmap_index = 0, .adv_w = 0, .box_w = 0, .box_h = 0, .ofs_x = 0, .ofs_y = 0} /* id = 0 reserved */,
    {.bitmap_index = 0, .adv_w = 120, .box_w = 0, .box_h = 0, .ofs_x = 0, .ofs_y = 0},
    {.bitmap_index = 0, .adv_w = 117, .box_w = 7, .box_h = 28, .ofs_x = 0, .ofs_y = 0},
    {.bitmap_index = 98, .adv_w = 220, .box_w = 14, .box_h = 11, .ofs_x = 0, .ofs_y = 17},
    {.bitmap_index = 175, .adv_w = 280, .box_w = 17, .box_h = 25, .ofs_x = 0, .ofs_y = 0},
    {.bitmap_index = 388, .adv_w = 237, .box_w = 15, .box_h = 29, .ofs_x = 0, .ofs_y = -2},
    {.bitmap_index = 606, .adv_w = 541, .box_w = 34, .box_h = 28, .ofs_x = 0, .ofs_y = 0},
    {.bitmap_index = 1082, .adv_w = 266, .box_w = 17, .box_h = 28, .ofs_x = 0, .ofs_y = 0},
    {.bitmap_index = 1320, .adv_w = 110, .box_w = 7, .box_h = 11, .ofs_x = 0, .ofs_y = 17},
    {.bitmap_index = 1359, .adv_w = 149, .box_w = 9, .box_h = 32, .ofs_x = 0, .ofs_y = -3},
    {.bitmap_index = 1503, .adv_w = 149, .box_w = 9, .box_h = 32, .ofs_x = 0, .ofs_y = -3},
    {.bitmap_index = 1647, .adv_w = 232, .box_w = 14, .box_h = 14, .ofs_x = 0, .ofs_y = 12},
    {.bitmap_index = 1745, .adv_w = 182, .box_w = 11, .box_h = 11, .ofs_x = 0, .ofs_y = 5},
    {.bitmap_index = 1806, .adv_w = 121, .box_w = 7, .box_h = 9, .ofs_x = 0, .ofs_y = -4},
    {.bitmap_index = 1838, .adv_w = 159, .box_w = 9, .box_h = 4, .ofs_x = 0, .ofs_y = 8},
    {.bitmap_index = 1856, .adv_w = 117, .box_w = 7, .box_h = 5, .ofs_x = 0, .ofs_y = 0},
    {.bitmap_index = 1874, .adv_w = 208, .box_w = 13, .box_h = 28, .ofs_x = 0, .ofs_y = 0},
    {.bitmap_index = 2056, .adv_w = 253, .box_w = 16, .box_h = 28, .ofs_x = 0, .ofs_y = 0},
    {.bitmap_index = 2280, .adv_w = 169, .box_w = 10, .box_h = 28, .ofs_x = 0, .ofs_y = 0},
    {.bitmap_index = 2420, .adv_w = 253, .box_w = 16, .box_h = 28, .ofs_x = 0, .ofs_y = 0},
    {.bitmap_index = 2644, .adv_w = 253, .box_w = 16, .box_h = 28, .ofs_x = 0, .ofs_y = 0},
    {.bitmap_index = 2868, .adv_w = 253, .box_w = 16, .box_h = 28, .ofs_x = 0, .ofs_y = 0},
    {.bitmap_index = 3092, .adv_w = 253, .box_w = 16, .box_h = 28, .ofs_x = 0, .ofs_y = 0},
    {.bitmap_index = 3316, .adv_w = 253, .box_w = 16, .box_h = 28, .ofs_x = 0, .ofs_y = 0},
    {.bitmap_index = 3540, .adv_w = 253, .box_w = 14, .box_h = 28, .ofs_x = 1, .ofs_y = 0},
    {.bitmap_index = 3736, .adv_w = 253, .box_w = 16, .box_h = 28, .ofs_x = 0, .ofs_y = 0},
    {.bitmap_index = 3960, .adv_w = 253, .box_w = 16, .box_h = 28, .ofs_x = 0, .ofs_y = 0},
    {.bitmap_index = 4184, .adv_w = 124, .box_w = 6, .box_h = 17, .ofs_x = 1, .ofs_y = 4},
    {.bitmap_index = 4235, .adv_w = 126, .box_w = 6, .box_h = 20, .ofs_x = 1, .ofs_y = 0},
    {.bitmap_index = 4295, .adv_w = 165, .box_w = 10, .box_h = 18, .ofs_x = 0, .ofs_y = 3},
    {.bitmap_index = 4385, .adv_w = 159, .box_w = 9, .box_h = 10, .ofs_x = 0, .ofs_y = 8},
    {.bitmap_index = 4430, .adv_w = 165, .box_w = 10, .box_h = 18, .ofs_x = 0, .ofs_y = 3},
    {.bitmap_index = 4520, .adv_w = 252, .box_w = 16, .box_h = 28, .ofs_x = 0, .ofs_y = 0},
    {.bitmap_index = 4744, .adv_w = 443, .box_w = 26, .box_h = 31, .ofs_x = 1, .ofs_y = -3},
    {.bitmap_index = 5147, .adv_w = 249, .box_w = 16, .box_h = 28, .ofs_x = 0, .ofs_y = 0},
    {.bitmap_index = 5371, .adv_w = 245, .box_w = 14, .box_h = 28, .ofs_x = 1, .ofs_y = 0},
    {.bitmap_index = 5567, .adv_w = 243, .box_w = 14, .box_h = 28, .ofs_x = 1, .ofs_y = 0},
    {.bitmap_index = 5763, .adv_w = 253, .box_w = 14, .box_h = 28, .ofs_x = 1, .ofs_y = 0},
    {.bitmap_index = 5959, .adv_w = 211, .box_w = 12, .box_h = 28, .ofs_x = 1, .ofs_y = 0},
    {.bitmap_index = 6127, .adv_w = 204, .box_w = 12, .box_h = 28, .ofs_x = 1, .ofs_y = 0},
    {.bitmap_index = 6295, .adv_w = 248, .box_w = 14, .box_h = 28, .ofs_x = 1, .ofs_y = 0},
    {.bitmap_index = 6491, .adv_w = 256, .box_w = 14, .box_h = 28, .ofs_x = 1, .ofs_y = 0},
    {.bitmap_index = 6687, .adv_w = 116, .box_w = 7, .box_h = 28, .ofs_x = 0, .ofs_y = 0},
    {.bitmap_index = 6785, .adv_w = 239, .box_w = 15, .box_h = 28, .ofs_x = 0, .ofs_y = 0},
    {.bitmap_index = 6995, .adv_w = 242, .box_w = 15, .box_h = 28, .ofs_x = 1, .ofs_y = 0},
    {.bitmap_index = 7205, .adv_w = 204, .box_w = 12, .box_h = 28, .ofs_x = 1, .ofs_y = 0},
    {.bitmap_index = 7373, .adv_w = 382, .box_w = 22, .box_h = 28, .ofs_x = 1, .ofs_y = 0},
    {.bitmap_index = 7681, .adv_w = 255, .box_w = 14, .box_h = 28, .ofs_x = 1, .ofs_y = 0},
    {.bitmap_index = 7877, .adv_w = 249, .box_w = 14, .box_h = 28, .ofs_x = 1, .ofs_y = 0},
    {.bitmap_index = 8073, .adv_w = 242, .box_w = 14, .box_h = 28, .ofs_x = 1, .ofs_y = 0},
    {.bitmap_index = 8269, .adv_w = 253, .box_w = 16, .box_h = 31, .ofs_x = 0, .ofs_y = -3},
    {.bitmap_index = 8517, .adv_w = 244, .box_w = 14, .box_h = 28, .ofs_x = 1, .ofs_y = 0},
    {.bitmap_index = 8713, .adv_w = 236, .box_w = 15, .box_h = 28, .ofs_x = 0, .ofs_y = 0},
    {.bitmap_index = 8923, .adv_w = 203, .box_w = 13, .box_h = 28, .ofs_x = 0, .ofs_y = 0},
    {.bitmap_index = 9105, .adv_w = 243, .box_w = 15, .box_h = 28, .ofs_x = 0, .ofs_y = 0},
    {.bitmap_index = 9315, .adv_w = 240, .box_w = 15, .box_h = 28, .ofs_x = 0, .ofs_y = 0},
    {.bitmap_index = 9525, .adv_w = 365, .box_w = 23, .box_h = 28, .ofs_x = 0, .ofs_y = 0},
    {.bitmap_index = 9847, .adv_w = 248, .box_w = 16, .box_h = 28, .ofs_x = 0, .ofs_y = 0},
    {.bitmap_index = 10071, .adv_w = 229, .box_w = 15, .box_h = 28, .ofs_x = 0, .ofs_y = 0},
    {.bitmap_index = 10281, .adv_w = 210, .box_w = 13, .box_h = 28, .ofs_x = 0, .ofs_y = 0},
    {.bitmap_index = 10463, .adv_w = 163, .box_w = 10, .box_h = 32, .ofs_x = 0, .ofs_y = -3},
    {.bitmap_index = 10623, .adv_w = 208, .box_w = 13, .box_h = 28, .ofs_x = 0, .ofs_y = 0},
    {.bitmap_index = 10805, .adv_w = 163, .box_w = 10, .box_h = 32, .ofs_x = 0, .ofs_y = -3},
    {.bitmap_index = 10965, .adv_w = 243, .box_w = 15, .box_h = 15, .ofs_x = 0, .ofs_y = 7},
    {.bitmap_index = 11078, .adv_w = 187, .box_w = 11, .box_h = 4, .ofs_x = 0, .ofs_y = -6},
    {.bitmap_index = 11100, .adv_w = 163, .box_w = 9, .box_h = 8, .ofs_x = 0, .ofs_y = 24},
    {.bitmap_index = 11136, .adv_w = 248, .box_w = 15, .box_h = 24, .ofs_x = 0, .ofs_y = 0},
    {.bitmap_index = 11316, .adv_w = 257, .box_w = 15, .box_h = 28, .ofs_x = 1, .ofs_y = 0},
    {.bitmap_index = 11526, .adv_w = 252, .box_w = 15, .box_h = 24, .ofs_x = 0, .ofs_y = 0},
    {.bitmap_index = 11706, .adv_w = 255, .box_w = 15, .box_h = 28, .ofs_x = 0, .ofs_y = 0},
    {.bitmap_index = 11916, .adv_w = 250, .box_w = 15, .box_h = 24, .ofs_x = 0, .ofs_y = 0},
    {.bitmap_index = 12096, .adv_w = 144, .box_w = 9, .box_h = 28, .ofs_x = 0, .ofs_y = 0},
    {.bitmap_index = 12222, .adv_w = 258, .box_w = 16, .box_h = 28, .ofs_x = 0, .ofs_y = -4},
    {.bitmap_index = 12446, .adv_w = 259, .box_w = 15, .box_h = 28, .ofs_x = 1, .ofs_y = 0},
    {.bitmap_index = 12656, .adv_w = 125, .box_w = 6, .box_h = 30, .ofs_x = 1, .ofs_y = 0},
    {.bitmap_index = 12746, .adv_w = 135, .box_w = 8, .box_h = 34, .ofs_x = 0, .ofs_y = -4},
    {.bitmap_index = 12882, .adv_w = 251, .box_w = 16, .box_h = 28, .ofs_x = 1, .ofs_y = 0},
    {.bitmap_index = 13106, .adv_w = 127, .box_w = 6, .box_h = 28, .ofs_x = 1, .ofs_y = 0},
    {.bitmap_index = 13190, .adv_w = 388, .box_w = 23, .box_h = 24, .ofs_x = 1, .ofs_y = 0},
    {.bitmap_index = 13466, .adv_w = 255, .box_w = 14, .box_h = 24, .ofs_x = 1, .ofs_y = 0},
    {.bitmap_index = 13634, .adv_w = 254, .box_w = 15, .box_h = 24, .ofs_x = 0, .ofs_y = 0},
    {.bitmap_index = 13814, .adv_w = 257, .box_w = 15, .box_h = 28, .ofs_x = 1, .ofs_y = -4},
    {.bitmap_index = 14024, .adv_w = 255, .box_w = 15, .box_h = 28, .ofs_x = 0, .ofs_y = -4},
    {.bitmap_index = 14234, .adv_w = 178, .box_w = 10, .box_h = 24, .ofs_x = 1, .ofs_y = 0},
    {.bitmap_index = 14354, .adv_w = 243, .box_w = 15, .box_h = 24, .ofs_x = 0, .ofs_y = 0},
    {.bitmap_index = 14534, .adv_w = 156, .box_w = 10, .box_h = 28, .ofs_x = 0, .ofs_y = 0},
    {.bitmap_index = 14674, .adv_w = 256, .box_w = 14, .box_h = 24, .ofs_x = 1, .ofs_y = 0},
    {.bitmap_index = 14842, .adv_w = 236, .box_w = 15, .box_h = 24, .ofs_x = 0, .ofs_y = 0},
    {.bitmap_index = 15022, .adv_w = 357, .box_w = 22, .box_h = 24, .ofs_x = 0, .ofs_y = 0},
    {.bitmap_index = 15286, .adv_w = 235, .box_w = 15, .box_h = 24, .ofs_x = 0, .ofs_y = 0},
    {.bitmap_index = 15466, .adv_w = 236, .box_w = 15, .box_h = 28, .ofs_x = 0, .ofs_y = -4},
    {.bitmap_index = 15676, .adv_w = 198, .box_w = 13, .box_h = 24, .ofs_x = 0, .ofs_y = 0},
    {.bitmap_index = 15832, .adv_w = 174, .box_w = 11, .box_h = 32, .ofs_x = 0, .ofs_y = -3},
    {.bitmap_index = 16008, .adv_w = 111, .box_w = 6, .box_h = 33, .ofs_x = 0, .ofs_y = -1},
    {.bitmap_index = 16107, .adv_w = 174, .box_w = 11, .box_h = 32, .ofs_x = 0, .ofs_y = -3},
    {.bitmap_index = 16283, .adv_w = 252, .box_w = 16, .box_h = 6, .ofs_x = 0, .ofs_y = 13},
    {.bitmap_index = 16331, .adv_w = 363, .box_w = 22, .box_h = 5, .ofs_x = 0, .ofs_y = 0}
};

/*---------------------
 *  CHARACTER MAPPING
 *--------------------*/



/*Collect the unicode lists and glyph_id offsets*/
static const lv_font_fmt_txt_cmap_t cmaps[] =
{
    {
        .range_start = 32, .range_length = 95, .glyph_id_start = 1,
        .unicode_list = NULL, .glyph_id_ofs_list = NULL, .list_length = 0, .type = LV_FONT_FMT_TXT_CMAP_FORMAT0_TINY
    },
    {
        .range_start = 8230, .range_length = 1, .glyph_id_start = 96,
        .unicode_list = NULL, .glyph_id_ofs_list = NULL, .list_length = 0, .type = LV_FONT_FMT_TXT_CMAP_FORMAT0_TINY
    }
};

/*-----------------
 *    KERNING
 *----------------*/


/*Map glyph_ids to kern left classes*/
static const uint8_t kern_left_class_mapping[] =
{
    0, 0, 0, 0, 0, 0, 0, 0,
    0, 0, 0, 0, 0, 0, 0, 0,
    0, 0, 0, 0, 0, 0, 0, 0,
    0, 0, 0, 0, 0, 0, 0, 0,
    0, 0, 1, 0, 0, 0, 0, 2,
    0, 0, 0, 0, 0, 3, 0, 0,
    0, 4, 0, 0, 0, 5, 0, 6,
    7, 0, 8, 0, 0, 0, 0, 0,
    0, 0, 0, 0, 9, 0, 10, 0,
    0, 0, 0, 0, 0, 0, 0, 0,
    0, 0, 0, 0, 0, 0, 0, 0,
    0, 11, 0, 0, 0, 0, 0, 0,
    0
};

/*Map glyph_ids to kern right classes*/
static const uint8_t kern_right_class_mapping[] =
{
    0, 0, 0, 0, 0, 0, 0, 0,
    0, 0, 0, 0, 0, 0, 0, 0,
    0, 0, 0, 0, 0, 0, 0, 0,
    0, 0, 0, 0, 0, 0, 0, 0,
    0, 0, 1, 0, 0, 0, 0, 0,
    0, 0, 0, 2, 0, 0, 0, 0,
    0, 0, 0, 0, 0, 3, 0, 4,
    5, 0, 6, 0, 0, 0, 0, 0,
    0, 0, 7, 0, 8, 0, 8, 0,
    0, 0, 0, 0, 0, 0, 0, 0,
    9, 0, 0, 0, 0, 0, 0, 0,
    0, 10, 0, 0, 0, 0, 0, 0,
    0
};

/*Kern values between classes*/
static const int8_t kern_class_values[] =
{
    0, 0, -6, -11, -7, -12, 0, 0,
    0, 0, -4, 0, 0, 0, 0, 0,
    0, 0, 0, 0, 0, 0, -16, -11,
    -4, -16, 0, 0, 0, 0, -7, 0,
    0, 0, 0, 0, 0, 0, 0, 0,
    -6, 0, 0, 0, 0, 0, -9, 0,
    -11, 0, -10, 0, 0, 0, 0, 0,
    0, 0, 0, 0, -7, 0, 0, 0,
    0, 0, 0, 0, 0, 0, -12, -18,
    0, 0, 0, 0, 0, 0, 0, 0,
    0, 0, 0, 0, 0, 0, 0, 0,
    0, -8, 0, 0, 0, 0, 0, 0,
    0, 0, 0, -7, 0, 0, 0, 0,
    0, 0, 0, -9, -9, 0
};


/*Collect the kern class' data in one place*/
static const lv_font_fmt_txt_kern_classes_t kern_classes =
{
    .class_pair_values   = kern_class_values,
    .left_class_mapping  = kern_left_class_mapping,
    .right_class_mapping = kern_right_class_mapping,
    .left_class_cnt      = 11,
    .right_class_cnt     = 10,
};

/*--------------------
 *  ALL CUSTOM DATA
 *--------------------*/

#if LVGL_VERSION_MAJOR == 8
/*Store all the custom data of the font*/
static  lv_font_fmt_txt_glyph_cache_t cache;
#endif

#if LVGL_VERSION_MAJOR >= 8
static const lv_font_fmt_txt_dsc_t font_dsc = {
#else
static lv_font_fmt_txt_dsc_t font_dsc = {
#endif
    .glyph_bitmap = glyph_bitmap,
    .glyph_dsc = glyph_dsc,
    .cmaps = cmaps,
    .kern_dsc = &kern_classes,
    .kern_scale = 16,
    .cmap_num = 2,
    .bpp = 4,
    .kern_classes = 1,
    .bitmap_format = 0,
#if LVGL_VERSION_MAJOR == 8
    .cache = &cache
#endif
};

extern const lv_font_t lv_font_source_han_sans_sc_16_cjk;


/*-----------------
 *  PUBLIC FONT
 *----------------*/

/*Initialize a public general font descriptor*/
#if LVGL_VERSION_MAJOR >= 8
const lv_font_t lv_font_crazypod_anton_32 = {
#else
lv_font_t lv_font_crazypod_anton_32 = {
#endif
    .get_glyph_dsc = lv_font_get_glyph_dsc_fmt_txt,    /*Function pointer to get glyph's data*/
    .get_glyph_bitmap = lv_font_get_bitmap_fmt_txt,    /*Function pointer to get glyph's bitmap*/
    .line_height = 38,          /*The maximum line height required by the font*/
    .base_line = 6,             /*Baseline measured from the bottom of the line*/
#if !(LVGL_VERSION_MAJOR == 6 && LVGL_VERSION_MINOR == 0)
    .subpx = LV_FONT_SUBPX_NONE,
#endif
#if LV_VERSION_CHECK(7, 4, 0) || LVGL_VERSION_MAJOR >= 8
    .underline_position = -5,
    .underline_thickness = 2,
#endif
    .dsc = &font_dsc,          /*The custom font data. Will be accessed by `get_glyph_bitmap/dsc` */
#if LV_VERSION_CHECK(8, 2, 0) || LVGL_VERSION_MAJOR >= 9
    .fallback = &lv_font_source_han_sans_sc_16_cjk,
#endif
    .user_data = NULL,
};



#endif /*#if LV_FONT_CRAZYPOD_ANTON_32*/

